Claim_Amount,Approved_Amount,Patient_Age,No_of_Claims_Provider,Service_Claim_days,Length_of_Stay,Prior_Visits_12m,Premiums,KMeans_Cluster,Hierarchical_Cluster
443.51,393.16,37,70,13,0,2.0,1312.0,3,1
467.5,461.33,21,62,5,5,2.0,461.33,3,0
591.69,530.06,78,60,29,5,3.0,1361.0,0,0
235.15,189.11,65,70,22,0,5.0,189.11,0,0
487.96,369.91,36,67,21,5,4.0,369.91,0,0
220.99,174.05,44,74,26,2,1.0,1184.0,0,1
458.6,372.31,50,84,2,0,0.0,886.0,3,1
934.34,321.6,1,114,6,2,0.0,321.6,2,2
478.11,412.48,34,65,24,5,4.0,940.0,0,0
426.16,335.8,47,56,5,2,4.0,335.8,3,3
239.57,199.45,48,64,26,2,0.0,1014.0,0,1
455.49,412.02,53,71,3,2,2.0,412.02,3,0
259.12,208.04,35,125,26,3,1.0,208.04,2,2
1468.04,1338.09,76,58,28,3,1.0,1338.09,1,3
672.35,571.14,4,73,16,2,4.0,571.14,0,1
1243.14,1113.0,53,66,14,1,3.0,1113.0,1,3
559.84,376.77,48,81,2,2,4.0,376.77,3,0
829.61,744.22,59,70,8,5,3.0,744.22,3,3
1053.1,972.46,8,66,2,3,3.0,1273.0,1,3
521.3,469.69,42,65,6,5,6.0,469.69,3,0
181.15,163.55,64,80,12,3,3.0,163.55,3,0
413.45,396.65,32,58,24,0,1.0,1049.0,0,1
465.91,435.33,64,64,28,0,0.0,1184.0,0,1
289.35,286.53,33,65,23,5,2.0,940.0,0,0
678.96,584.04,20,55,20,5,3.0,886.0,0,3
956.17,764.01,66,61,23,2,7.0,764.01,0,1
290.15,259.9,54,73,2,1,0.0,883.0,3,1
520.34,494.3,43,59,18,5,4.0,942.6666666666666,0,0
886.53,328.02,20,71,5,5,5.0,1089.6666666666667,3,0
631.83,618.48,24,83,4,5,5.0,618.48,3,3
200.84,172.46,27,73,19,1,5.0,813.0,0,0
674.13,670.86,73,70,16,1,4.0,670.86,0,1
406.5,390.7,46,58,8,1,2.0,886.0,3,1
182.85,138.25,68,76,28,2,4.0,891.0,0,1
1066.39,863.45,41,60,25,5,1.0,886.0,1,3
721.34,625.29,38,82,8,5,1.0,625.29,3,3
604.81,543.92,58,65,11,0,2.0,1184.0,3,1
353.32,294.06,38,60,28,2,4.0,1322.0,0,0
455.56,403.6,66,65,7,3,2.0,403.6,3,1
636.91,478.5,33,56,8,5,1.0,478.5,3,0
262.64,215.58,44,61,3,5,3.0,215.58,3,0
653.8,317.69,86,64,1,2,5.0,2317.0,3,1
515.94,422.32,57,77,27,5,5.0,422.32,0,0
583.26,456.58,60,68,27,0,2.0,456.58,0,0
301.4,277.32,65,60,7,0,3.0,2782.0,3,1
714.76,399.45,23,42,5,1,3.0,399.45,3,1
1250.17,587.24,82,77,2,1,0.0,2782.0,1,1
324.54,256.52,31,61,23,2,2.0,942.6666666666666,0,1
1146.41,1015.52,41,67,5,3,3.0,1015.52,1,3
289.93,244.47,63,50,6,3,3.0,244.47,3,0
894.71,724.05,26,108,4,5,2.0,1014.0,2,2
179.91,170.1,26,75,29,2,2.0,170.1,0,0
323.1,245.68,38,87,19,1,5.0,245.68,0,0
656.26,612.1,33,87,6,0,1.0,997.0,3,3
604.38,555.5,56,62,15,1,1.0,555.5,0,1
574.3,488.75,55,73,20,0,3.0,886.0,0,1
268.22,230.97,78,56,4,1,5.0,1361.0,3,0
323.8,300.77,6,63,24,5,3.0,300.77,0,0
707.54,601.39,51,65,26,3,2.0,940.0,0,1
407.4,370.04,35,58,23,1,4.0,813.0,0,0
627.58,537.2,68,75,4,5,2.0,537.2,3,3
491.84,442.29,40,64,23,2,5.0,940.0,0,0
290.97,255.99,30,58,13,1,4.0,255.99,3,0
431.19,341.77,37,73,26,3,2.0,940.0,0,1
930.97,874.01,51,72,13,3,2.0,874.01,1,3
324.31,274.94,58,66,11,1,1.0,274.94,3,0
479.21,469.96,62,72,17,2,2.0,997.0,0,1
249.21,193.49,54,68,12,2,2.0,193.49,3,0
742.14,451.98,39,58,0,5,3.0,451.98,3,0
703.1,550.84,59,67,16,5,3.0,891.0,3,3
203.4,160.14,64,58,21,2,3.0,891.0,0,0
355.01,307.21,46,77,9,0,3.0,940.0,3,0
498.1,492.68,43,61,15,5,0.0,886.0,3,3
682.47,513.63,37,64,15,1,2.0,513.63,0,1
258.53,204.48,54,69,22,0,0.0,204.48,0,0
602.89,533.49,31,71,22,2,4.0,1095.0,0,0
765.2,621.09,55,53,5,1,3.0,621.09,3,3
449.8,338.59,47,69,26,2,3.0,338.59,0,0
219.54,168.21,42,66,21,1,3.0,1089.6666666666667,0,0
790.91,680.22,62,63,18,3,7.0,1089.6666666666667,0,0
139.43,110.33,71,59,23,5,0.0,1049.0,0,1
1050.29,902.42,66,56,10,3,2.0,1014.0,1,3
271.48,232.72,34,56,13,2,2.0,886.0,3,1
607.63,495.24,51,59,22,1,4.0,997.0,0,0
340.45,274.69,61,72,10,1,3.0,1184.0,3,1
872.67,826.19,47,65,11,5,6.0,1184.0,1,3
286.71,222.59,48,62,28,2,4.0,222.59,0,0
791.65,626.6,50,77,4,0,6.0,626.6,3,3
435.02,422.18,30,69,28,3,3.0,1184.0,0,0
137.94,131.71,44,102,27,1,4.0,886.0,2,2
646.26,604.14,64,56,9,0,4.0,1312.0,3,1
508.79,464.37,56,56,24,3,2.0,308.5,0,0
293.58,279.26,56,117,15,0,2.0,813.0,2,2
831.16,624.57,19,67,4,5,0.0,624.57,3,3
895.27,780.76,51,69,10,0,2.0,780.76,3,3
228.64,211.64,87,53,29,5,5.0,1214.0,0,1
436.06,432.96,38,57,4,5,0.0,432.96,3,0
710.0,697.89,41,68,18,2,4.0,697.89,0,3
172.35,164.76,17,47,6,0,4.0,886.0,3,1
260.42,237.38,19,67,12,2,1.0,1089.6666666666667,3,1
478.24,409.14,73,67,24,5,5.0,409.14,0,0
1053.69,942.86,45,77,9,2,3.0,942.6666666666666,1,3
173.63,87.65,54,66,4,3,2.0,891.0,3,1
417.48,392.04,42,77,11,1,3.0,1095.0,3,3
226.77,200.25,21,74,28,1,1.0,200.25,0,0
698.37,609.14,14,76,4,0,5.0,609.14,3,3
126.63,98.92,39,55,10,3,2.0,98.92,3,0
270.72,243.79,74,49,14,0,2.0,1361.0,3,1
265.76,247.34,63,62,22,2,0.0,1095.0,0,1
360.0,337.81,47,68,10,0,2.0,337.81,3,0
806.04,434.56,15,115,4,1,1.0,886.0,2,2
821.41,417.33,70,70,0,1,4.0,1361.0,3,3
1134.85,1029.75,37,60,18,1,2.0,1029.75,1,3
524.16,384.35,64,82,6,3,5.0,886.0,3,0
464.53,383.01,53,68,20,5,3.0,1089.6666666666667,0,0
367.95,336.43,72,58,23,5,3.0,336.43,0,0
245.82,234.96,94,53,13,5,3.0,234.96,3,0
581.82,547.25,45,101,16,3,1.0,547.25,2,2
288.56,241.53,16,60,17,3,4.0,241.53,0,0
487.83,436.88,55,111,6,2,6.0,1312.0,2,2
462.37,385.77,66,49,16,1,2.0,385.77,0,0
447.68,426.08,86,63,15,5,6.0,1095.0,3,0
588.34,452.0,21,57,7,2,5.0,891.0,3,3
591.96,533.22,32,62,6,2,3.0,533.22,3,0
683.3,519.15,87,72,0,3,1.0,519.15,3,1
1171.57,908.5,16,44,10,0,4.0,1662.5,1,3
200.7,170.64,33,77,11,5,2.0,1089.6666666666667,3,0
422.62,393.75,33,74,11,0,0.0,393.75,3,1
352.51,182.86,74,57,6,2,5.0,1095.0,3,0
337.47,308.87,25,70,11,0,0.0,1184.0,3,1
244.98,227.13,68,64,10,2,0.0,227.13,3,0
782.53,647.93,69,62,5,3,4.0,647.93,3,0
1032.08,594.84,82,75,2,3,2.0,2782.0,1,1
485.91,478.01,43,67,15,0,2.0,478.01,0,0
546.77,545.45,39,78,11,5,2.0,704.3333333333334,3,3
255.26,204.55,16,60,3,1,2.0,204.55,3,0
942.61,794.92,76,69,2,2,3.0,794.92,3,3
1051.75,1034.99,23,58,2,1,1.0,1089.6666666666667,1,3
499.59,465.05,55,68,29,1,1.0,465.05,0,0
264.46,228.69,37,115,2,1,5.0,891.0,2,2
307.44,251.24,46,69,6,5,3.0,1014.0,3,0
153.84,131.06,41,57,5,2,2.0,131.06,3,0
618.86,512.08,64,66,11,1,4.0,512.08,3,0
375.39,299.74,61,71,24,0,4.0,886.0,0,0
491.09,410.7,76,76,11,3,3.0,410.7,3,0
1560.97,1435.69,68,57,2,5,0.0,886.0,1,3
443.85,355.77,63,57,4,5,2.0,355.77,3,0
737.26,651.67,30,74,23,2,4.0,651.67,0,0
423.13,385.93,25,73,14,5,1.0,883.0,3,3
248.58,134.73,39,72,1,0,4.0,134.73,3,0
612.35,598.3,37,69,22,5,3.0,813.0,0,3
295.18,264.53,36,64,27,0,4.0,308.5,0,0
645.95,558.99,22,72,21,0,5.0,558.99,0,0
691.68,535.07,44,80,23,5,3.0,535.07,0,0
436.1,328.94,46,68,5,5,1.0,328.94,3,0
1118.14,934.18,35,69,6,3,1.0,1322.0,1,3
404.96,369.39,60,68,2,3,3.0,813.0,3,0
588.73,513.45,57,112,3,3,2.0,513.45,2,2
282.88,247.63,53,62,17,0,5.0,247.63,0,0
210.43,186.86,13,56,13,1,1.0,381.0,3,0
594.47,478.5,48,62,8,5,4.0,883.0,3,0
1097.01,906.03,65,64,17,1,2.0,906.03,1,3
239.02,208.51,53,65,13,0,2.0,813.0,3,1
1257.01,1116.43,51,55,28,3,1.0,1116.43,1,3
508.94,474.52,30,69,21,5,4.0,474.52,0,0
164.16,160.91,56,57,9,2,0.0,997.0,3,1
1025.57,776.99,40,65,18,0,2.0,1184.0,1,1
372.08,335.65,22,62,13,2,6.0,883.0,3,0
336.59,333.35,45,59,8,2,5.0,704.3333333333334,3,0
1078.8,900.79,65,59,29,0,3.0,1987.0,1,1
74.09,67.83,51,112,9,5,1.0,67.83,2,0
175.54,144.6,19,108,2,2,4.0,144.6,2,2
302.95,254.11,57,53,16,2,2.0,254.11,0,0
303.59,232.8,46,66,9,1,6.0,232.8,3,0
757.77,323.14,52,64,1,0,2.0,940.0,3,3
380.15,311.32,44,69,7,0,2.0,311.32,3,0
601.51,468.63,81,69,16,2,4.0,1214.0,3,1
1441.07,1091.31,91,58,14,1,3.0,1091.31,1,1
580.28,370.64,9,74,1,5,4.0,370.64,3,0
485.97,369.25,14,62,12,5,2.0,1086.5,3,3
196.66,156.4,46,60,6,0,3.0,1322.0,3,1
548.19,429.71,29,79,3,2,0.0,429.71,3,0
435.92,333.68,48,78,9,3,2.0,704.3333333333334,3,2
260.35,198.6,48,65,4,3,3.0,198.6,3,0
422.64,352.64,48,59,23,3,2.0,942.6666666666666,0,1
906.34,761.43,43,69,13,5,4.0,761.43,1,3
354.38,334.85,48,57,13,1,1.0,891.0,3,1
431.27,347.03,62,113,14,2,4.0,347.03,2,2
1403.68,1156.61,30,67,3,5,4.0,883.0,1,3
679.34,561.79,65,67,19,5,2.0,561.79,0,3
211.17,201.32,70,65,16,2,2.0,886.0,0,1
510.79,509.36,73,64,24,2,6.0,509.36,0,0
884.58,826.75,71,67,13,3,3.0,826.75,1,3
680.3,599.27,38,59,12,2,1.0,1312.0,3,3
701.98,580.5,50,73,4,2,3.0,580.5,3,0
751.93,738.89,40,62,12,5,4.0,883.0,3,3
162.0,137.18,29,68,23,0,1.0,137.18,0,0
463.52,366.47,32,68,18,3,1.0,366.47,0,0
146.08,115.09,54,71,6,3,6.0,115.09,3,0
172.84,147.89,77,125,26,3,2.0,940.0,2,2
170.67,153.58,71,58,7,2,6.0,153.58,3,0
701.63,275.33,60,72,4,1,1.0,942.6666666666666,3,1
410.96,357.87,40,55,27,5,5.0,942.6666666666666,0,0
776.28,745.65,51,98,19,1,5.0,745.65,2,2
1024.35,916.7,70,66,3,5,1.0,916.7,1,3
283.75,258.74,44,71,22,0,1.0,1312.0,0,1
156.24,154.57,80,64,4,3,3.0,1987.0,3,1
220.45,188.4,39,67,19,0,3.0,1322.0,0,0
578.39,540.08,20,55,18,5,2.0,540.08,0,3
308.96,276.04,45,70,19,5,1.0,308.5,0,0
766.94,718.98,54,56,11,3,3.0,718.98,3,3
698.98,526.79,66,62,16,5,2.0,1361.0,3,0
485.44,470.85,53,55,10,5,2.0,1014.0,3,0
161.48,124.49,35,76,20,1,4.0,997.0,0,0
705.19,576.35,73,61,25,0,2.0,576.35,0,1
282.78,272.69,53,69,7,0,2.0,272.69,3,0
209.62,202.21,71,69,9,2,1.0,202.21,3,0
334.1,298.84,59,63,4,5,3.0,298.84,3,0
1065.89,1029.51,69,62,21,0,4.0,1029.51,1,3
858.46,685.85,51,55,18,1,4.0,1095.0,0,1
428.41,411.69,70,117,7,0,2.0,2317.0,2,1
543.19,438.98,39,114,25,5,4.0,438.98,2,2
442.9,391.79,55,52,19,0,2.0,391.79,0,0
228.19,174.65,52,71,23,0,7.0,1049.0,0,0
402.93,353.75,80,65,12,5,2.0,940.0,3,0
725.22,616.71,61,57,14,2,3.0,997.0,3,1
491.13,391.92,92,68,10,0,6.0,391.92,3,0
1411.91,1244.63,64,57,18,1,0.0,1244.63,1,3
514.44,435.58,70,60,15,5,2.0,435.58,3,0
1202.51,1165.42,55,67,6,0,4.0,1165.42,1,3
270.53,232.98,63,78,2,0,7.0,891.0,3,0
434.86,364.95,43,71,8,1,6.0,364.95,3,0
510.07,447.71,83,61,3,3,6.0,447.71,3,0
630.52,373.24,68,51,2,5,4.0,373.24,3,0
602.57,498.06,62,57,13,1,3.0,886.0,3,1
818.2,639.04,68,57,3,2,2.0,1014.0,3,1
604.33,566.55,40,62,19,1,0.0,566.55,0,1
339.25,269.67,46,64,25,3,2.0,1184.0,0,1
559.39,478.97,49,63,8,1,0.0,1312.0,3,3
176.08,175.78,71,65,5,0,3.0,1049.0,3,1
294.91,239.6,49,66,9,3,3.0,940.0,3,1
422.18,373.35,45,59,14,1,3.0,373.35,3,0
484.53,482.67,55,57,28,3,0.0,308.5,0,0
467.73,465.04,65,65,11,2,5.0,1987.0,3,1
318.52,242.63,24,58,13,0,4.0,704.3333333333334,3,0
699.22,607.33,34,63,18,2,3.0,1049.0,0,1
446.47,339.14,45,108,17,0,6.0,339.14,2,2
436.72,344.84,36,60,29,0,3.0,308.5,0,0
332.75,331.76,39,77,8,2,4.0,331.76,3,0
341.82,198.59,43,67,0,3,5.0,198.59,3,0
160.08,136.27,46,67,11,2,2.0,704.3333333333334,3,1
577.11,523.04,47,112,8,2,5.0,523.04,2,2
372.8,341.86,40,73,25,0,1.0,1014.0,0,1
245.22,215.25,72,70,28,0,4.0,1095.0,0,0
211.08,205.22,36,59,23,5,3.0,997.0,0,0
466.87,429.67,77,52,28,1,4.0,429.67,0,0
491.41,214.04,39,97,1,2,1.0,214.04,2,2
454.69,376.58,77,61,3,1,6.0,376.58,3,0
256.06,213.41,9,67,22,1,2.0,1410.0,0,0
163.41,151.47,45,73,7,0,5.0,883.0,3,0
150.65,116.87,57,65,29,2,3.0,997.0,0,1
348.13,325.15,71,59,27,3,5.0,325.15,0,0
549.58,493.02,34,90,19,1,4.0,940.0,2,2
612.96,512.29,68,75,2,1,2.0,512.29,3,0
274.35,241.02,28,66,26,1,1.0,883.0,0,1
1058.63,751.36,70,67,0,1,4.0,751.36,3,3
277.54,220.93,68,112,7,1,1.0,1361.0,2,2
427.7,339.58,41,78,14,1,1.0,339.58,0,0
262.49,256.69,58,78,11,2,2.0,256.69,3,0
427.64,353.2,61,53,24,0,2.0,353.2,0,0
331.45,304.7,38,59,16,5,5.0,1312.0,0,0
286.91,260.42,33,60,13,1,5.0,704.3333333333334,3,0
249.71,196.4,65,69,12,1,4.0,196.4,3,0
407.32,311.78,51,59,19,0,4.0,308.5,0,0
402.11,332.33,43,62,13,2,6.0,1095.0,3,0
597.98,477.24,43,61,6,2,3.0,704.3333333333334,3,0
346.56,331.83,29,75,16,0,2.0,331.83,0,0
292.08,271.54,42,57,29,5,5.0,271.54,0,0
1578.56,1248.86,33,70,3,2,5.0,1248.86,1,3
147.27,129.2,46,58,17,2,2.0,129.2,0,0
379.12,285.01,35,55,9,0,3.0,1184.0,3,0
333.46,278.56,75,101,13,5,0.0,1987.0,2,1
433.28,400.93,54,67,8,3,3.0,1049.0,3,0
250.35,193.01,57,67,6,0,5.0,1014.0,3,0
382.31,294.29,69,70,19,5,4.0,294.29,0,0
243.14,239.26,47,66,27,2,5.0,239.26,0,0
720.78,716.88,53,72,28,0,3.0,1322.0,0,1
197.54,151.94,49,65,4,0,1.0,997.0,3,1
750.18,615.48,43,58,9,5,0.0,1014.0,3,3
218.81,207.14,65,55,20,5,1.0,1766.0,0,1
409.53,407.59,62,71,6,1,2.0,942.6666666666666,3,1
648.84,566.68,31,49,19,0,3.0,566.68,0,1
804.91,705.86,53,62,29,2,1.0,883.0,0,3
798.68,662.02,50,125,11,3,0.0,662.02,2,2
157.46,142.82,28,72,11,3,3.0,142.82,3,0
296.38,267.24,37,70,26,2,1.0,886.0,0,1
591.59,466.86,67,52,17,5,2.0,1766.0,0,0
200.18,191.52,36,70,2,5,3.0,942.6666666666666,3,0
215.64,162.68,68,68,12,5,6.0,1214.0,3,0
798.3,700.41,83,51,16,0,0.0,700.41,0,1
2886.34,2463.8,62,59,13,2,1.0,2463.8,1,3
1090.69,1075.7,44,64,26,5,2.0,1075.7,1,3
946.34,847.32,27,53,12,2,6.0,891.0,1,3
151.27,145.86,49,76,19,2,2.0,308.5,0,0
210.62,210.01,15,59,3,5,4.0,1410.0,3,0
1111.3,839.32,29,67,15,2,1.0,1322.0,1,1
291.94,263.87,17,61,21,3,2.0,1014.0,0,0
602.45,565.36,68,71,23,2,2.0,565.36,0,0
313.04,251.82,80,62,21,1,3.0,251.82,0,0
203.75,197.34,33,71,14,0,7.0,813.0,3,0
374.18,361.83,42,70,8,0,2.0,942.6666666666666,3,1
226.31,186.4,46,60,15,5,4.0,186.4,0,0
146.67,112.88,26,59,15,2,5.0,112.88,0,0
334.41,273.57,30,79,13,0,3.0,273.57,3,0
485.45,444.52,39,57,27,5,4.0,1322.0,0,0
980.19,817.97,53,63,10,2,6.0,942.6666666666666,1,3
297.36,245.04,40,61,20,5,4.0,817.0,0,0
965.3,851.29,84,75,12,5,3.0,851.29,1,3
1006.67,908.53,54,71,25,0,5.0,908.53,1,1
275.63,247.47,58,71,20,1,3.0,1322.0,0,1
217.23,213.89,54,67,10,5,3.0,1184.0,3,0
345.86,311.12,42,76,3,5,3.0,311.12,3,0
211.85,146.0,45,66,0,3,2.0,886.0,3,1
457.17,427.39,37,60,14,0,2.0,427.39,0,0
621.23,502.28,59,103,11,5,2.0,502.28,2,2
120.69,97.36,26,72,20,5,4.0,97.36,0,0
260.36,205.18,61,71,14,1,1.0,205.18,0,0
1104.72,598.13,70,64,2,1,1.0,598.13,3,1
307.87,251.11,37,65,5,5,5.0,251.11,3,0
409.75,253.66,55,63,6,2,3.0,253.66,3,0
480.51,389.57,44,64,4,2,5.0,389.57,3,3
215.91,193.08,75,60,23,0,4.0,193.08,0,0
418.83,339.25,28,67,5,2,1.0,1095.0,3,1
1132.72,917.86,33,73,10,1,2.0,1312.0,1,3
861.2,752.12,34,62,5,0,5.0,886.0,3,3
219.44,202.34,79,55,2,5,4.0,202.34,3,0
438.65,366.03,44,79,28,3,1.0,1049.0,0,1
563.79,491.09,79,69,14,1,0.0,491.09,3,0
673.26,546.14,24,63,29,3,0.0,308.5,0,0
237.71,206.93,51,61,26,1,2.0,206.93,0,0
695.85,567.96,65,71,16,5,4.0,2782.0,1,0
351.32,299.58,15,70,20,2,5.0,299.58,0,0
1533.17,1306.86,39,67,5,0,3.0,1306.86,1,3
604.98,470.77,47,59,6,3,3.0,1049.0,3,1
484.93,394.63,55,112,5,2,0.0,1049.0,2,2
320.14,305.69,92,66,5,2,4.0,2782.0,3,1
853.46,709.82,38,47,16,1,1.0,709.82,0,1
1385.45,1236.62,35,68,29,0,5.0,1184.0,1,3
701.41,548.68,55,69,18,1,2.0,548.68,0,0
522.07,470.87,33,57,20,1,5.0,1322.0,0,0
442.59,241.06,65,64,2,2,1.0,891.0,3,1
271.01,247.62,59,71,18,0,2.0,891.0,0,1
672.16,576.54,6,67,24,0,3.0,883.0,0,1
636.96,525.71,64,64,24,2,3.0,525.71,0,1
977.97,780.66,48,64,9,3,3.0,780.66,1,3
322.97,311.73,39,119,27,1,5.0,311.73,2,2
1514.31,1288.95,49,64,15,0,4.0,1184.0,1,3
537.97,405.19,5,61,28,3,6.0,1273.0,0,0
294.33,284.55,34,59,21,1,3.0,813.0,0,0
572.04,395.83,54,80,0,1,3.0,1049.0,3,3
443.43,376.22,40,56,20,3,6.0,940.0,0,0
762.9,692.49,95,62,24,0,3.0,1458.0,0,1
393.03,294.9,91,69,13,1,1.0,294.9,3,0
214.03,208.9,66,57,8,0,4.0,208.9,3,0
466.37,291.62,60,77,1,3,3.0,291.62,3,0
313.48,248.02,14,57,23,1,2.0,1410.0,0,0
1528.26,1467.83,44,69,10,5,0.0,891.0,1,3
594.85,584.37,77,66,4,1,4.0,584.37,3,0
235.09,192.61,48,114,15,3,4.0,192.61,2,2
665.95,201.57,57,55,1,2,2.0,201.57,3,0
289.79,223.04,54,71,25,1,0.0,223.04,0,0
236.05,191.63,47,57,26,5,7.0,883.0,0,0
316.49,260.18,69,60,9,5,5.0,1178.0,3,0
627.09,575.44,32,65,6,1,0.0,575.44,3,3
177.77,153.4,27,61,12,0,0.0,704.3333333333334,3,1
937.42,718.82,48,68,14,1,2.0,308.5,3,1
234.7,187.57,53,57,11,0,5.0,187.57,3,0
326.26,253.23,77,62,16,0,2.0,253.23,0,0
564.72,563.6,24,62,24,2,5.0,563.6,0,0
430.33,356.54,57,68,28,3,2.0,1049.0,0,1
859.09,781.99,17,62,18,3,2.0,781.99,0,1
552.76,419.9,86,54,25,5,4.0,419.9,0,0
238.08,96.54,30,65,3,5,4.0,96.54,3,0
187.81,174.68,46,79,18,3,1.0,174.68,0,0
102.42,97.38,59,100,22,3,3.0,97.38,2,2
197.37,152.91,73,108,7,2,1.0,1214.0,2,2
648.29,524.22,67,68,8,2,0.0,524.22,3,0
176.45,135.39,88,66,23,1,6.0,135.39,0,0
280.6,278.92,36,51,4,0,6.0,278.92,3,0
354.01,290.33,55,56,20,1,2.0,290.33,0,0
603.39,524.24,43,60,6,5,3.0,883.0,3,0
295.89,282.86,43,70,25,1,3.0,282.86,0,0
407.51,388.77,41,60,20,0,0.0,388.77,0,0
553.34,258.69,42,60,5,5,0.0,258.69,3,0
332.8,322.39,75,79,25,3,4.0,1361.0,0,1
700.67,599.67,44,66,22,5,1.0,599.67,0,3
750.57,630.46,72,96,4,3,1.0,1987.0,2,1
1048.14,999.79,27,76,11,1,2.0,999.79,1,3
1578.92,1020.94,65,68,4,1,3.0,1020.94,1,3
241.3,209.74,40,67,27,2,1.0,683.0,0,1
420.74,406.46,37,63,7,1,1.0,1049.0,3,1
561.45,540.74,61,61,7,5,3.0,540.74,3,0
467.79,369.13,54,71,26,1,2.0,940.0,0,1
674.48,635.14,84,56,5,3,3.0,1987.0,3,1
340.29,260.87,68,72,2,1,3.0,2782.0,3,1
361.07,323.85,37,63,25,3,0.0,323.85,0,0
626.6,507.85,22,114,25,5,3.0,704.3333333333334,2,2
1164.53,963.31,53,52,7,3,4.0,704.3333333333334,1,3
281.2,212.17,18,81,21,0,2.0,212.17,0,0
496.44,428.44,63,55,6,5,2.0,942.6666666666666,3,0
454.61,411.64,42,62,22,5,2.0,1322.0,0,0
500.59,439.72,45,62,24,5,1.0,997.0,0,0
264.44,241.71,32,66,12,5,2.0,308.5,3,0
608.46,573.23,32,73,18,1,2.0,573.23,0,1
160.7,153.6,27,116,23,0,3.0,153.6,2,2
1177.89,1173.79,51,120,3,1,5.0,1173.79,2,2
449.28,367.9,68,64,18,0,2.0,367.9,0,0
110.43,94.8,80,65,22,1,1.0,2782.0,0,1
721.58,631.33,95,107,29,5,5.0,631.33,2,2
109.9,88.94,29,118,14,2,5.0,88.94,2,0
787.67,670.27,59,60,27,1,1.0,670.27,0,1
1317.31,998.12,23,64,4,2,0.0,998.12,1,3
184.07,149.51,49,111,2,2,3.0,149.51,2,2
325.76,281.15,69,57,4,1,3.0,891.0,3,1
430.39,359.27,27,71,15,5,1.0,891.0,3,3
206.28,173.13,73,96,8,1,3.0,1458.0,2,1
1976.95,1367.39,62,66,1,1,3.0,1367.39,1,3
1984.29,1165.07,46,73,2,3,4.0,942.6666666666666,1,3
729.31,717.14,52,73,16,3,1.0,717.14,0,3
169.93,130.64,64,78,3,3,8.0,130.64,3,0
460.87,444.98,73,65,17,1,2.0,444.98,0,0
1165.99,1134.96,68,64,13,2,4.0,1014.0,1,3
540.57,451.5,57,64,28,0,3.0,1184.0,0,1
394.07,359.14,43,59,29,1,5.0,359.14,0,0
795.61,671.08,86,83,6,0,3.0,671.08,3,1
710.16,551.04,48,69,4,2,2.0,891.0,3,3
272.95,212.04,32,57,13,5,4.0,212.04,3,0
364.56,360.06,37,58,24,5,3.0,886.0,0,0
157.12,150.68,51,70,24,5,5.0,150.68,0,0
373.53,286.98,53,72,5,1,1.0,286.98,3,0
239.05,181.79,66,64,13,5,5.0,181.79,3,0
655.51,496.77,85,63,4,5,4.0,1014.0,3,3
851.7,837.5,79,65,29,2,0.0,837.5,0,3
873.76,265.87,46,56,6,1,1.0,265.87,3,3
1328.58,1287.13,62,56,22,2,3.0,1287.13,1,3
370.85,305.15,21,65,20,3,3.0,1322.0,0,0
894.22,826.14,23,65,29,3,2.0,1014.0,0,3
285.34,284.59,68,72,24,1,5.0,284.59,0,0
751.2,740.48,25,74,17,3,6.0,740.48,0,3
726.43,577.42,37,76,13,3,3.0,891.0,3,3
670.62,533.53,34,57,20,0,2.0,1014.0,0,1
972.84,743.81,31,61,2,2,2.0,743.81,3,3
735.03,681.61,57,73,20,5,2.0,681.61,0,3
236.24,178.92,64,70,24,3,0.0,178.92,0,0
72.33,59.56,33,60,11,3,1.0,59.56,3,0
659.43,646.96,72,66,18,5,4.0,1178.0,0,0
1215.8,446.63,35,76,3,2,5.0,446.63,3,3
501.32,401.93,9,103,6,2,2.0,401.93,2,2
460.49,364.86,90,67,6,2,4.0,883.0,3,0
988.07,389.8,38,111,1,1,2.0,389.8,2,2
634.87,582.6,46,50,4,3,1.0,582.6,3,3
315.91,310.58,55,59,11,1,5.0,310.58,3,0
353.73,326.08,63,56,19,2,2.0,940.0,0,1
281.46,220.09,50,59,7,1,2.0,220.09,3,0
357.08,289.58,52,64,18,2,5.0,289.58,0,0
1053.95,1020.28,37,56,9,1,0.0,1020.28,1,3
453.71,376.35,27,84,9,5,6.0,376.35,3,0
325.98,161.03,78,67,3,2,2.0,161.03,3,0
1008.21,357.61,49,72,1,2,5.0,1089.6666666666667,3,3
873.93,796.95,49,64,14,2,5.0,997.0,1,3
324.78,304.33,39,71,6,2,4.0,940.0,3,0
809.76,738.39,38,59,13,0,5.0,886.0,3,3
157.55,134.76,46,107,19,0,4.0,1312.0,2,2
772.49,506.76,51,61,0,0,4.0,506.76,3,3
463.72,416.89,46,61,11,1,3.0,416.89,3,0
1122.79,1063.63,63,60,17,3,2.0,1063.63,1,3
502.78,447.54,80,122,6,0,1.0,883.0,2,2
148.38,133.51,52,62,29,1,3.0,133.51,0,0
602.86,562.11,40,58,10,5,3.0,997.0,3,3
698.25,537.12,61,59,3,0,4.0,537.12,3,3
604.98,578.36,47,74,25,3,3.0,578.36,0,0
328.01,300.7,37,112,19,1,3.0,300.7,2,2
593.57,503.45,61,67,5,0,3.0,942.6666666666666,3,3
663.12,614.74,49,69,9,1,5.0,614.74,3,3
2042.11,1654.17,45,56,11,3,5.0,1049.0,1,3
966.35,850.2,27,60,4,2,1.0,850.2,1,3
666.72,579.57,56,66,23,0,2.0,579.57,0,0
1203.14,960.16,50,54,23,1,2.0,960.16,1,3
354.86,275.71,51,61,21,2,2.0,308.5,0,0
458.01,382.56,53,68,4,5,0.0,1184.0,3,0
724.42,588.48,71,65,12,0,1.0,588.48,3,1
788.65,648.27,59,106,13,3,4.0,648.27,2,2
342.13,295.55,24,63,13,0,3.0,1049.0,3,1
875.64,816.01,52,62,11,3,2.0,1322.0,1,0
1233.6,494.34,45,56,2,1,6.0,942.6666666666666,3,3
956.71,739.36,59,87,6,5,4.0,813.0,3,3
432.7,369.86,58,103,13,2,4.0,369.86,2,2
332.37,323.61,48,59,12,0,1.0,942.6666666666666,3,1
144.76,126.55,41,47,21,3,5.0,308.5,0,0
333.4,331.59,53,78,29,2,3.0,331.59,0,0
1338.81,1240.27,55,58,22,0,3.0,1095.0,1,3
1931.99,1019.58,37,124,1,1,2.0,1019.58,2,3
585.99,553.39,39,108,7,3,3.0,1014.0,2,2
201.19,193.9,50,61,10,5,4.0,1014.0,3,0
467.68,370.85,89,55,20,2,0.0,370.85,0,0
798.77,636.5,11,61,11,5,2.0,636.5,3,3
1074.22,991.97,37,70,7,0,6.0,991.97,1,3
6590.7,4270.89,62,94,0,1,3.0,4270.89,1,3
739.68,556.6,34,61,14,3,2.0,891.0,3,1
881.28,855.22,34,59,25,0,3.0,1089.6666666666667,1,3
559.12,477.04,85,70,13,5,3.0,1214.0,3,0
432.39,357.92,32,75,22,5,5.0,1322.0,0,0
588.05,533.66,64,61,3,2,2.0,891.0,3,1
390.51,339.93,40,68,4,5,2.0,615.0,3,0
343.25,331.99,26,55,20,2,2.0,308.5,0,0
512.05,491.33,64,66,13,5,6.0,491.33,3,0
518.32,517.36,16,67,8,3,3.0,940.0,3,3
521.37,444.92,30,71,28,2,4.0,444.92,0,0
148.22,147.92,42,58,3,5,0.0,886.0,3,0
421.08,392.43,46,60,16,1,3.0,886.0,0,0
377.21,320.12,38,56,2,0,3.0,320.12,3,0
398.93,374.21,5,56,20,1,3.0,374.21,0,0
458.47,435.01,48,61,6,2,1.0,435.01,3,0
513.1,389.18,68,51,5,3,4.0,389.18,3,0
236.7,227.07,18,60,16,2,2.0,940.0,0,1
284.27,222.78,58,73,27,0,3.0,222.78,0,0
447.88,422.35,59,73,2,5,4.0,422.35,3,0
253.12,241.35,47,61,25,0,1.0,940.0,0,1
391.87,383.07,81,66,14,3,1.0,1458.0,3,1
484.6,464.54,44,55,13,1,5.0,464.54,3,0
207.22,168.57,45,49,19,3,2.0,168.57,0,0
910.77,767.67,44,48,8,1,3.0,1312.0,1,3
1215.89,791.79,37,60,1,3,2.0,791.79,1,3
212.03,207.93,42,76,15,1,3.0,891.0,0,0
1358.47,733.76,21,118,6,2,3.0,733.76,2,2
370.07,320.69,46,57,21,5,1.0,1049.0,0,0
426.16,339.96,33,52,13,3,2.0,1049.0,3,1
136.75,132.16,48,64,11,5,0.0,940.0,3,0
355.51,290.42,47,46,3,3,1.0,1312.0,3,1
718.59,557.85,76,118,14,2,7.0,557.85,2,2
461.5,370.29,46,112,13,3,4.0,370.29,2,2
995.3,939.48,74,69,11,3,7.0,1458.0,1,3
563.76,510.4,42,69,19,3,2.0,704.3333333333334,0,0
471.84,386.17,53,57,20,1,4.0,891.0,0,0
309.93,255.83,43,121,14,1,2.0,255.83,2,2
327.0,280.19,63,63,18,3,5.0,942.6666666666666,0,0
196.43,161.05,50,56,10,2,4.0,161.05,3,0
668.92,568.55,44,66,18,3,6.0,568.55,0,0
425.03,346.66,39,68,7,1,0.0,346.66,3,0
410.42,339.27,22,63,10,3,5.0,942.6666666666666,3,3
433.0,396.66,61,68,18,0,4.0,308.5,0,0
225.53,209.69,55,54,2,0,4.0,308.5,3,0
511.7,386.01,52,81,16,0,2.0,704.3333333333334,0,1
309.36,264.92,35,70,23,5,2.0,1014.0,0,0
268.87,231.81,87,63,25,2,3.0,2782.0,0,1
264.18,237.4,46,72,16,2,1.0,308.5,0,0
1023.96,632.21,25,61,1,2,2.0,813.0,3,3
226.52,206.59,57,64,15,0,3.0,206.59,0,0
315.31,293.72,81,67,18,5,6.0,293.72,0,0
259.8,212.43,43,76,18,3,3.0,212.43,0,0
933.48,655.28,69,63,0,1,3.0,655.28,3,3
250.07,221.74,45,64,27,1,2.0,308.5,0,0
615.57,555.08,80,65,22,5,1.0,883.0,0,3
344.13,166.27,68,112,2,2,0.0,1014.0,2,2
429.09,350.33,66,59,16,0,4.0,883.0,0,1
517.6,489.88,54,70,19,0,4.0,1049.0,0,0
648.36,599.6,20,70,13,1,4.0,599.6,3,1
147.56,133.12,68,62,28,3,6.0,940.0,0,0
320.96,254.55,42,62,3,1,3.0,254.55,3,0
355.15,289.55,80,52,20,0,2.0,1178.0,0,1
163.15,150.49,73,107,14,1,1.0,150.49,2,2
1092.5,955.03,15,78,22,5,7.0,955.03,1,3
344.96,287.41,77,65,10,2,7.0,997.0,3,0
235.61,194.15,52,70,29,3,4.0,194.15,0,0
371.21,350.81,78,115,24,5,5.0,350.81,2,2
221.51,171.25,38,78,5,5,3.0,1089.6666666666667,3,0
680.12,653.54,58,68,9,0,7.0,653.54,3,0
595.57,569.95,11,67,14,5,4.0,569.95,3,0
630.47,507.01,43,70,15,0,2.0,813.0,0,1
243.91,190.35,27,69,6,2,2.0,883.0,3,1
549.02,548.72,60,58,7,3,1.0,891.0,3,3
234.68,201.83,63,65,5,1,2.0,201.83,3,0
350.98,264.97,34,74,3,1,4.0,264.97,3,0
270.96,229.45,65,75,18,5,2.0,229.45,0,0
427.41,324.2,58,60,3,2,1.0,1184.0,3,1
481.8,388.42,76,57,12,5,4.0,388.42,3,0
376.51,372.53,48,58,16,2,1.0,372.53,0,0
360.37,343.11,80,61,9,1,2.0,2317.0,3,1
306.06,262.32,38,75,25,1,4.0,997.0,0,0
3657.89,1195.88,74,59,1,2,5.0,1195.88,1,3
299.66,256.7,82,70,23,0,5.0,256.7,0,0
389.2,337.0,60,59,26,2,2.0,337.0,0,0
380.92,288.38,77,59,10,5,0.0,288.38,3,0
237.97,192.23,43,75,17,0,2.0,192.23,0,0
463.15,359.61,47,111,23,0,5.0,1049.0,2,2
144.9,126.88,41,77,29,0,4.0,126.88,0,0
630.79,549.62,14,61,17,0,0.0,594.5,0,1
507.24,387.15,55,52,10,0,0.0,387.15,3,0
1108.82,990.06,53,58,13,3,0.0,1322.0,1,3
926.76,850.68,31,63,3,3,3.0,704.3333333333334,3,3
1397.22,1377.74,49,68,16,1,4.0,1089.6666666666667,1,3
439.73,377.26,44,67,23,3,2.0,1049.0,0,1
607.93,486.35,66,75,6,0,1.0,486.35,3,0
221.6,192.97,35,72,9,3,3.0,192.97,3,0
439.16,247.53,20,67,1,1,5.0,1322.0,3,0
624.46,551.53,78,66,19,2,2.0,2317.0,1,1
557.15,438.82,75,74,7,0,2.0,1178.0,3,1
394.27,308.46,12,68,18,3,0.0,308.46,0,0
1066.82,840.03,47,79,19,2,4.0,1089.6666666666667,1,3
739.44,634.22,57,73,16,1,3.0,634.22,0,1
635.87,488.69,39,66,26,3,0.0,488.69,0,0
730.13,613.38,42,68,22,5,6.0,1184.0,0,0
143.71,131.56,63,52,21,5,2.0,704.3333333333334,0,0
556.66,502.82,66,68,6,2,5.0,1214.0,3,0
1488.9,1337.95,60,66,14,5,4.0,1337.95,1,3
480.22,406.71,51,108,19,3,4.0,1049.0,2,2
575.54,537.87,40,51,9,0,3.0,570.0,3,1
602.25,532.68,78,70,11,5,2.0,883.0,3,0
518.87,398.17,39,65,2,1,4.0,398.17,3,0
267.61,251.1,53,71,9,5,2.0,1014.0,3,0
253.99,253.18,59,54,3,5,3.0,253.18,3,0
1226.39,1116.14,47,78,11,5,2.0,1116.14,1,3
513.91,238.26,50,66,2,0,3.0,238.26,3,0
432.04,405.04,25,56,16,5,5.0,405.04,0,0
707.81,594.41,88,99,4,2,4.0,1987.0,2,1
713.49,460.58,49,56,0,0,5.0,460.58,3,3
225.66,195.92,55,53,19,5,0.0,195.92,0,0
239.42,202.04,55,99,13,3,4.0,1312.0,2,2
1072.13,826.59,53,63,28,2,3.0,826.59,1,3
629.49,525.64,50,63,24,0,5.0,813.0,0,0
561.76,459.0,55,55,25,0,5.0,1014.0,0,0
1378.09,1145.83,76,63,11,1,7.0,1145.83,1,3
545.17,516.7,90,70,29,3,5.0,2317.0,0,1
399.04,311.25,70,66,21,5,1.0,2782.0,0,0
651.22,648.33,26,43,22,1,2.0,648.33,0,1
290.15,223.05,43,81,2,3,4.0,223.05,3,0
206.37,164.12,54,74,15,3,4.0,164.12,0,0
284.09,234.33,39,71,18,1,6.0,1322.0,0,0
684.36,555.37,16,56,17,0,0.0,891.0,0,1
462.64,427.1,61,57,13,5,2.0,942.6666666666666,3,0
511.88,390.58,45,74,3,0,4.0,940.0,3,0
405.24,373.31,81,65,11,3,5.0,1361.0,3,0
389.86,384.43,36,72,17,3,1.0,1312.0,0,1
201.97,178.92,64,66,14,1,4.0,178.92,0,0
462.98,413.53,59,75,6,2,2.0,413.53,3,0
321.18,300.51,45,53,18,1,4.0,300.51,0,0
271.61,267.58,49,58,29,1,3.0,267.58,0,0
536.42,527.37,30,58,5,0,2.0,527.37,3,3
1219.96,996.02,42,43,19,2,3.0,940.0,1,3
500.74,415.25,46,63,29,2,5.0,415.25,0,0
469.18,389.87,31,71,24,5,4.0,389.87,0,0
705.06,568.93,50,54,3,1,4.0,1312.0,3,3
948.13,720.26,47,81,27,0,2.0,720.26,0,1
959.44,879.56,53,75,28,0,4.0,308.5,0,1
1442.89,857.43,55,66,6,1,3.0,997.0,1,3
270.68,252.66,49,66,7,3,4.0,308.5,3,0
208.44,200.12,34,82,5,5,4.0,940.0,3,0
1090.16,1004.56,35,77,26,5,3.0,1004.56,1,3
211.63,201.99,40,68,22,3,1.0,883.0,0,1
511.67,392.03,16,61,16,3,4.0,392.03,0,0
1307.5,1301.8,37,53,17,2,5.0,1184.0,1,3
727.21,663.02,31,80,3,3,3.0,886.0,3,3
829.48,639.37,71,62,26,5,5.0,639.37,0,0
1276.71,1068.63,64,47,19,3,0.0,1068.63,1,3
140.62,138.98,24,66,17,2,7.0,1014.0,0,0
1167.68,1042.19,66,100,18,5,3.0,1095.0,1,3
534.48,416.12,41,67,5,1,1.0,886.0,3,1
1165.08,1061.71,44,68,29,2,3.0,891.0,1,3
578.76,545.89,80,70,5,2,2.0,545.89,3,1
786.97,775.41,13,65,8,1,5.0,1260.0,3,3
847.78,819.2,40,71,24,0,2.0,819.2,0,1
189.08,145.81,55,58,22,3,3.0,145.81,0,0
635.84,601.7,35,81,2,3,1.0,601.7,3,3
202.5,175.4,55,72,22,5,5.0,1322.0,0,0
543.66,456.01,75,58,8,5,2.0,456.01,3,3
592.29,570.17,51,67,16,5,4.0,1184.0,3,0
160.27,127.23,48,62,17,1,0.0,127.23,0,0
718.5,711.85,95,71,25,2,2.0,1766.0,1,1
457.43,442.5,54,65,3,2,5.0,308.5,3,0
825.22,660.4,37,83,9,3,1.0,1089.6666666666667,3,3
701.79,659.8,69,59,17,0,5.0,1458.0,0,1
501.25,417.87,66,58,17,1,4.0,417.87,0,0
505.72,475.8,50,97,14,2,2.0,891.0,2,2
510.43,417.71,41,80,27,5,0.0,417.71,0,1
852.24,546.53,45,69,5,5,5.0,546.53,3,3
178.37,176.21,61,71,4,0,6.0,176.21,3,0
175.7,136.15,95,76,20,0,2.0,136.15,0,0
500.64,385.23,72,62,6,0,8.0,1458.0,3,0
491.79,402.68,48,61,22,3,2.0,1312.0,0,1
253.7,201.58,65,66,25,3,7.0,201.58,0,0
602.36,593.06,29,50,23,1,4.0,593.06,0,0
770.12,661.06,27,60,14,3,5.0,940.0,3,3
242.61,192.24,57,76,10,1,1.0,1322.0,3,1
586.55,403.01,1,76,5,5,1.0,1273.0,3,3
663.59,601.76,63,65,27,2,3.0,601.76,0,1
280.83,213.35,26,66,7,2,8.0,213.35,3,0
1092.32,1027.39,83,64,11,3,2.0,1027.39,1,3
895.81,736.58,48,74,3,2,3.0,1095.0,3,3
447.25,412.83,1,73,12,3,3.0,1086.5,3,0
283.14,225.28,64,66,11,1,2.0,225.28,3,0
362.11,292.09,44,63,19,2,0.0,292.09,0,0
1340.07,1113.68,71,69,28,0,5.0,1014.0,1,3
369.45,302.18,26,61,25,1,3.0,302.18,0,0
536.71,512.59,57,72,3,5,3.0,512.59,3,0
259.32,195.17,68,54,4,3,0.0,195.17,3,0
1497.84,958.66,52,53,3,5,5.0,704.3333333333334,1,3
123.15,106.37,45,61,10,2,5.0,1095.0,3,0
389.96,376.35,45,67,3,1,1.0,376.35,3,0
538.27,506.88,56,66,11,2,2.0,506.88,3,0
581.15,243.92,36,101,5,0,4.0,243.92,2,2
551.46,339.32,67,53,5,1,3.0,2782.0,3,1
114.9,102.9,39,70,12,0,3.0,704.3333333333334,3,0
163.39,144.01,67,56,7,0,3.0,1458.0,3,1
409.72,322.56,71,72,10,3,4.0,1766.0,3,1
314.33,239.33,49,52,7,5,3.0,239.33,3,0
307.88,279.48,44,62,17,1,3.0,279.48,0,0
228.31,187.02,46,76,10,5,2.0,187.02,3,0
374.77,327.22,65,58,6,3,6.0,940.0,3,0
480.82,407.52,29,53,29,1,4.0,407.52,0,0
473.42,399.03,63,74,8,5,4.0,1089.6666666666667,3,0
750.27,613.14,50,47,12,5,3.0,886.0,3,3
287.26,257.09,45,54,4,1,0.0,891.0,3,1
766.5,752.18,43,83,9,2,4.0,813.0,3,2
326.29,282.14,51,75,3,3,8.0,282.14,3,0
808.73,680.01,51,66,12,0,2.0,680.01,3,3
346.46,268.34,51,78,3,1,5.0,1322.0,3,0
1018.78,942.78,46,71,27,2,4.0,704.3333333333334,1,3
363.01,353.27,70,57,18,3,2.0,353.27,0,0
526.72,420.62,52,71,29,2,2.0,420.62,0,0
1934.22,1487.1,31,66,10,3,2.0,704.3333333333334,1,3
403.94,368.77,37,66,17,5,4.0,940.0,0,0
471.53,383.01,80,59,15,3,3.0,383.01,3,0
836.34,669.3,42,47,17,1,3.0,704.3333333333334,0,3
373.56,351.96,54,62,9,2,5.0,351.96,3,0
751.25,749.46,69,64,16,5,0.0,749.46,0,3
468.47,369.35,39,79,14,2,2.0,369.35,3,0
474.71,400.06,83,53,19,0,4.0,1095.0,0,1
531.39,515.16,46,70,12,2,1.0,942.6666666666666,3,3
461.51,349.8,38,63,3,2,1.0,1322.0,3,1
756.61,485.1,31,59,5,1,3.0,1014.0,3,3
171.68,132.04,87,65,25,5,1.0,132.04,0,0
289.87,222.44,47,59,15,5,1.0,222.44,0,0
994.63,725.09,93,53,0,2,0.0,2782.0,1,1
317.05,289.09,47,65,13,0,5.0,1312.0,3,0
799.03,748.95,44,70,27,5,2.0,942.6666666666666,0,3
783.19,748.58,63,78,25,3,2.0,1184.0,0,1
760.18,723.32,51,59,5,3,5.0,891.0,3,3
825.79,696.92,11,66,17,5,2.0,1273.0,1,3
471.64,368.87,57,60,21,2,0.0,368.87,0,0
1007.5,845.49,37,68,27,2,2.0,845.49,1,3
200.64,185.18,72,107,16,3,3.0,185.18,2,2
133.19,124.49,59,63,25,0,0.0,1049.0,0,1
1529.74,484.26,52,51,4,2,2.0,942.6666666666666,1,3
1592.19,1248.99,35,66,7,1,1.0,1049.0,1,3
869.03,692.36,47,74,16,0,6.0,692.36,0,1
362.36,298.16,48,63,21,0,1.0,1322.0,0,1
674.11,557.83,28,76,11,2,0.0,557.83,3,0
681.76,666.77,51,76,4,5,6.0,666.77,3,3
408.91,343.37,49,57,9,0,8.0,1049.0,3,0
494.9,413.64,38,65,10,1,1.0,413.64,3,0
466.46,437.5,64,57,9,5,2.0,437.5,3,0
205.38,163.59,75,77,24,2,1.0,163.59,0,0
756.57,592.1,60,66,16,3,1.0,813.0,0,3
232.98,218.19,68,102,23,1,5.0,218.19,2,0
248.02,202.58,38,104,4,5,3.0,202.58,2,2
302.5,242.48,49,60,24,3,1.0,242.48,0,0
2599.71,1824.94,27,46,4,1,8.0,1824.94,1,3
515.86,495.48,18,61,12,5,3.0,495.48,3,0
1177.56,1005.56,45,67,8,5,0.0,1322.0,1,3
433.97,357.15,53,64,19,1,1.0,357.15,0,0
598.25,585.51,8,71,17,5,4.0,585.51,0,0
1065.73,931.46,81,63,25,1,2.0,891.0,1,1
2041.19,1880.82,56,76,26,2,2.0,308.5,1,3
176.47,143.69,26,63,3,1,4.0,1322.0,3,0
962.72,691.67,73,54,2,0,6.0,691.67,3,3
1074.32,340.13,58,59,1,3,4.0,1014.0,3,3
329.79,267.52,42,73,11,2,3.0,267.52,3,0
531.08,449.02,62,57,20,3,5.0,1014.0,0,0
731.54,654.08,55,62,13,2,3.0,1322.0,3,1
528.52,527.91,46,62,11,0,1.0,527.91,3,3
843.59,824.11,47,50,9,0,2.0,1049.0,1,3
120.5,116.11,53,63,22,3,4.0,116.11,0,0
275.12,208.36,35,61,7,5,0.0,1312.0,3,0
428.43,364.84,49,56,22,2,2.0,364.84,0,0
433.0,427.14,78,79,3,1,3.0,427.14,3,0
700.77,582.14,50,69,18,0,4.0,883.0,0,1
459.41,410.33,73,78,8,3,2.0,410.33,3,0
413.68,331.76,41,70,10,0,5.0,331.76,3,0
1173.08,970.62,55,66,10,5,2.0,942.6666666666666,1,3
868.19,816.49,39,108,28,0,5.0,816.49,2,2
528.53,499.26,66,59,13,0,6.0,499.26,3,0
409.89,365.83,5,75,9,2,6.0,365.83,3,0
515.31,455.64,47,56,3,0,0.0,455.64,3,3
392.4,307.36,25,56,10,1,3.0,1095.0,3,1
732.86,362.1,76,64,2,5,6.0,362.1,3,0
751.37,622.18,48,68,10,0,4.0,1184.0,3,3
359.27,353.56,39,53,15,3,5.0,353.56,0,0
800.47,690.87,32,67,19,5,4.0,690.87,0,3
367.73,305.64,46,60,20,3,5.0,305.64,0,0
655.48,526.34,53,114,15,3,4.0,526.34,2,2
743.77,410.06,31,68,5,0,1.0,942.6666666666666,3,3
135.73,118.62,51,73,5,3,5.0,118.62,3,0
266.11,235.71,53,71,12,3,2.0,940.0,3,1
632.47,516.99,50,74,8,0,4.0,1049.0,3,0
154.21,145.09,20,63,14,3,4.0,997.0,3,0
178.07,154.0,66,83,24,3,4.0,154.0,0,0
201.36,176.48,70,72,28,0,2.0,1214.0,0,1
870.31,768.9,44,79,8,5,2.0,940.0,3,0
244.72,220.85,41,56,16,3,1.0,220.85,0,0
347.14,331.21,65,51,9,1,1.0,2317.0,3,1
321.64,271.97,72,60,15,1,4.0,997.0,3,0
410.83,364.08,75,50,13,3,3.0,364.08,3,0
316.22,281.0,59,69,17,2,2.0,281.0,0,0
1115.2,954.65,25,66,23,5,2.0,954.65,1,3
289.52,279.98,47,64,28,1,3.0,883.0,0,0
587.64,538.67,62,75,3,0,4.0,538.67,3,3
305.15,122.81,58,66,1,5,4.0,1322.0,3,0
653.32,617.33,81,61,13,0,3.0,2782.0,1,1
101.25,97.71,56,56,24,0,2.0,97.71,0,0
664.34,592.13,51,55,5,2,4.0,592.13,3,3
1382.26,1046.67,27,68,5,1,5.0,1046.67,1,3
877.76,804.69,61,48,26,5,3.0,891.0,0,3
442.16,361.01,65,74,17,1,0.0,361.01,0,1
661.53,526.48,44,73,16,2,4.0,1049.0,0,3
583.24,529.85,27,71,14,5,5.0,529.85,3,0
260.82,219.34,46,62,12,5,3.0,891.0,3,0
681.73,564.17,21,50,12,3,3.0,564.17,3,1
706.77,623.84,45,63,15,3,1.0,308.5,0,0
917.07,717.88,89,74,16,5,3.0,717.88,1,3
981.64,952.24,32,76,25,1,1.0,886.0,1,1
1448.16,799.45,51,67,4,5,6.0,799.45,1,3
1046.84,859.28,78,64,23,5,1.0,859.28,1,3
598.05,417.04,1,63,0,2,2.0,1049.0,3,3
373.22,347.96,21,64,24,2,2.0,886.0,0,0
463.91,371.37,53,67,6,2,2.0,308.5,3,0
246.63,206.35,50,57,11,1,2.0,206.35,3,0
362.75,280.08,59,85,25,1,3.0,280.08,0,0
764.31,689.66,39,69,11,3,2.0,689.66,3,3
342.79,301.34,65,75,29,1,4.0,301.34,0,0
1324.71,1183.22,81,51,29,0,1.0,1049.0,1,1
1661.24,1273.49,79,74,26,3,3.0,997.0,1,3
899.45,793.58,66,60,6,1,1.0,793.58,3,1
266.84,202.46,32,62,21,2,2.0,891.0,0,1
330.66,260.18,58,73,21,0,1.0,260.18,0,0
433.93,162.14,47,72,3,2,1.0,704.3333333333334,3,1
454.43,402.83,50,62,24,5,6.0,402.83,0,0
266.05,209.42,60,66,15,1,4.0,940.0,0,0
410.67,385.16,31,76,27,2,4.0,886.0,0,0
734.54,553.86,46,71,24,1,1.0,886.0,0,0
236.88,188.36,65,65,8,5,4.0,997.0,3,0
265.34,227.15,39,65,21,2,3.0,1089.6666666666667,0,0
194.56,167.65,7,76,19,5,4.0,1014.0,0,0
371.92,317.39,64,67,26,2,0.0,1312.0,0,1
777.0,423.82,75,78,4,5,0.0,2782.0,1,0
672.07,621.22,31,72,11,5,2.0,813.0,3,3
550.69,546.1,23,69,5,3,0.0,546.1,3,3
117.68,109.48,44,65,26,0,6.0,940.0,0,0
574.52,440.34,31,69,11,2,2.0,440.34,3,0
732.41,664.35,51,76,19,1,2.0,1049.0,0,1
659.13,358.11,49,64,1,1,3.0,358.11,3,0
456.96,368.99,61,64,17,2,4.0,368.99,0,0
416.2,389.88,49,65,21,0,0.0,1089.6666666666667,0,1
302.63,214.84,51,73,1,1,2.0,891.0,3,1
611.48,541.33,85,66,15,3,7.0,1049.0,3,0
94.65,76.82,46,70,23,5,2.0,76.82,0,0
520.09,460.41,47,66,26,3,3.0,460.41,0,0
275.55,257.02,48,53,19,5,4.0,308.5,0,0
332.93,304.48,70,51,19,3,0.0,891.0,0,1
392.1,315.74,50,67,14,5,6.0,891.0,3,0
234.01,187.51,47,59,17,1,4.0,813.0,0,0
260.0,207.95,61,75,24,0,3.0,207.95,0,0
248.22,199.5,53,64,27,1,5.0,1184.0,0,0
400.48,364.61,39,53,27,5,3.0,364.61,0,0
332.5,277.88,61,113,9,0,1.0,704.3333333333334,2,2
591.76,470.51,30,65,24,3,2.0,1049.0,0,1
257.55,212.55,44,62,10,2,6.0,1089.6666666666667,3,0
256.14,243.84,47,105,19,2,5.0,1184.0,2,2
571.25,453.44,43,79,22,1,2.0,453.44,0,0
405.8,310.88,47,54,16,3,2.0,310.88,0,0
307.35,258.05,56,57,24,1,1.0,258.05,0,0
140.71,114.42,73,61,10,0,2.0,114.42,3,0
444.12,365.55,33,49,20,5,1.0,1184.0,0,3
256.37,223.76,67,73,15,0,4.0,223.76,0,0
554.61,503.77,31,68,23,2,4.0,704.3333333333334,0,0
870.88,613.42,63,81,6,0,2.0,942.6666666666666,3,3
1189.19,1141.83,51,64,25,5,4.0,1141.83,1,3
276.7,233.0,65,61,22,1,1.0,233.0,0,0
429.99,355.28,35,70,23,0,1.0,355.28,0,0
227.14,170.6,49,62,20,2,4.0,170.6,0,0
103.96,103.12,37,63,11,2,1.0,103.12,3,0
650.59,532.32,44,80,20,2,3.0,308.5,0,2
887.3,861.05,49,74,6,3,4.0,861.05,1,3
630.94,507.91,83,71,22,2,4.0,507.91,0,0
667.39,583.76,49,63,21,0,3.0,583.76,0,1
456.05,343.88,40,97,19,3,1.0,1312.0,2,2
1018.97,490.73,34,92,0,5,3.0,704.3333333333334,2,2
394.74,369.95,1,58,9,1,2.0,369.95,3,0
185.0,152.87,69,53,25,2,3.0,152.87,0,0
155.1,133.11,73,63,23,0,2.0,891.0,0,1
2013.33,1730.98,56,58,27,2,0.0,1730.98,1,3
333.74,315.9,59,48,5,0,1.0,1014.0,3,1
600.41,505.01,67,58,6,3,2.0,505.01,3,1
883.6,808.43,18,54,13,0,2.0,594.5,3,3
834.03,821.4,36,65,9,1,3.0,1312.0,1,3
264.1,252.27,49,54,5,5,1.0,813.0,3,0
1008.05,777.52,52,65,27,1,1.0,1014.0,1,3
223.86,206.65,79,58,18,3,5.0,206.65,0,0
336.98,317.4,55,60,15,2,3.0,317.4,0,0
449.57,392.86,28,61,26,0,6.0,392.86,0,0
622.03,468.57,50,58,23,3,3.0,1089.6666666666667,0,1
506.15,491.36,50,68,28,3,8.0,491.36,0,0
199.42,156.2,40,118,12,0,3.0,997.0,2,2
373.66,294.93,62,57,24,2,3.0,294.93,0,0
346.96,315.26,37,68,16,3,3.0,704.3333333333334,0,0
1104.34,1006.87,45,54,6,2,5.0,704.3333333333334,1,3
422.95,363.3,66,71,10,3,3.0,363.3,3,0
968.33,432.31,62,68,6,0,2.0,432.31,3,0
1583.28,1292.55,1,78,25,2,5.0,1662.5,1,3
1258.32,1101.68,72,60,14,1,5.0,1101.68,1,1
260.45,201.17,68,59,4,1,4.0,886.0,3,0
579.5,540.81,78,66,11,3,2.0,1214.0,3,1
612.24,573.6,45,65,15,2,1.0,813.0,0,3
548.81,512.01,56,122,20,2,3.0,512.01,2,2
558.42,511.06,58,54,7,2,3.0,704.3333333333334,3,0
578.79,513.75,37,65,16,0,3.0,513.75,0,0
460.84,448.34,47,52,2,5,2.0,1322.0,3,0
179.41,154.51,50,84,29,5,6.0,154.51,0,0
607.11,572.49,52,67,23,5,2.0,572.49,0,3
428.34,313.95,39,56,6,2,4.0,1014.0,3,3
262.71,242.48,51,74,13,1,2.0,1014.0,3,1
156.81,153.9,18,65,9,3,2.0,153.9,3,0
241.79,236.12,70,83,17,2,8.0,1049.0,0,0
324.45,320.22,73,63,13,0,2.0,320.22,3,0
523.08,431.22,40,107,8,1,0.0,431.22,2,2
407.58,349.68,95,69,24,1,1.0,1049.0,0,1
470.26,439.37,20,66,27,2,1.0,1089.6666666666667,0,1
277.17,250.62,73,110,14,2,2.0,250.62,2,2
268.5,267.52,46,67,12,1,6.0,267.52,3,0
255.9,217.95,56,72,22,2,4.0,217.95,0,0
183.21,141.86,40,77,16,5,2.0,1095.0,0,0
461.01,445.4,48,56,8,3,2.0,445.4,3,0
289.25,241.95,59,68,5,3,4.0,241.95,3,0
928.26,813.4,32,63,13,5,2.0,1049.0,1,3
286.83,251.35,35,69,5,3,3.0,251.35,3,0
456.16,446.99,78,122,19,0,3.0,1014.0,2,2
159.67,156.72,33,58,21,3,4.0,997.0,0,0
602.83,587.3,60,64,12,2,4.0,704.3333333333334,3,1
607.98,499.98,53,128,5,1,4.0,704.3333333333334,2,2
152.12,123.55,88,83,10,3,4.0,123.55,3,0
709.65,665.83,40,69,16,2,5.0,646.0,0,3
783.86,608.74,65,83,3,5,3.0,1458.0,3,3
662.03,448.31,34,133,1,3,2.0,448.31,2,2
604.25,501.48,52,62,27,0,5.0,1049.0,0,0
676.66,547.14,71,79,7,1,2.0,547.14,3,0
364.57,362.74,73,65,16,5,4.0,1766.0,3,1
375.47,284.08,49,66,12,2,4.0,1049.0,3,0
751.49,717.21,70,63,2,2,0.0,891.0,3,1
355.34,272.21,71,124,22,3,1.0,1361.0,2,2
256.0,241.75,71,71,14,3,4.0,241.75,3,0
594.5,480.22,58,64,5,0,2.0,480.22,3,3
263.82,230.43,95,64,18,1,1.0,230.43,0,0
1089.38,956.99,44,58,3,3,3.0,883.0,1,3
569.89,414.01,45,103,4,5,1.0,414.01,2,2
739.16,577.23,61,101,21,3,5.0,577.23,2,2
253.72,212.97,82,70,25,1,5.0,940.0,0,1
665.51,621.91,55,103,14,2,0.0,621.91,2,2
2276.52,1737.14,1,57,2,1,2.0,594.5,1,3
706.43,661.42,49,95,18,5,2.0,1089.6666666666667,2,2
261.87,239.99,61,53,11,1,3.0,239.99,3,0
269.23,206.69,71,63,10,2,6.0,206.69,3,0
167.04,132.49,58,73,6,0,2.0,132.49,3,0
986.13,964.23,69,67,26,1,2.0,964.23,1,1
491.37,386.48,66,70,16,3,5.0,1987.0,3,1
973.27,730.93,79,69,19,0,0.0,1049.0,1,1
507.4,388.63,1,63,6,0,3.0,997.0,3,1
554.38,461.34,48,53,5,1,4.0,997.0,3,3
170.97,146.91,45,66,6,5,3.0,813.0,3,0
629.08,623.35,55,107,15,3,5.0,623.35,2,2
360.15,344.6,54,58,3,2,3.0,1312.0,3,1
710.05,623.23,85,67,19,2,3.0,623.23,0,0
285.08,215.93,64,70,25,5,2.0,215.93,0,0
433.27,397.79,49,69,5,0,2.0,397.79,3,0
499.24,428.85,50,71,7,5,1.0,428.85,3,0
1265.07,1078.39,76,71,20,5,2.0,1078.39,1,3
1354.96,1263.79,47,71,20,2,0.0,997.0,1,3
234.61,182.21,50,52,5,5,2.0,182.21,3,0
789.81,715.98,41,79,24,3,4.0,1312.0,0,3
656.21,507.24,55,74,4,3,2.0,813.0,3,1
241.25,233.84,54,70,14,3,2.0,233.84,3,0
986.63,968.93,53,59,13,0,3.0,968.93,1,3
641.45,490.36,51,71,4,2,5.0,490.36,3,3
771.07,357.64,53,115,0,3,1.0,886.0,2,2
1081.03,974.65,36,53,25,1,3.0,974.65,1,3
334.47,332.23,78,70,22,3,3.0,2317.0,0,1
229.5,184.67,68,73,23,1,5.0,184.67,0,0
1290.94,421.79,35,68,0,0,3.0,883.0,3,3
246.93,207.26,46,67,27,5,3.0,1322.0,0,0
922.59,737.71,47,74,3,1,3.0,1095.0,3,3
484.03,473.34,49,68,20,5,4.0,1184.0,0,0
371.68,308.1,32,69,23,3,1.0,891.0,0,1
1243.81,1098.79,53,84,28,2,5.0,1098.79,1,3
154.44,122.86,37,54,28,2,3.0,122.86,0,0
333.03,314.18,61,80,14,1,4.0,314.18,3,0
244.14,198.64,62,62,6,1,6.0,198.64,3,0
755.63,681.39,37,63,6,0,2.0,681.39,3,3
1170.47,1073.22,66,60,25,2,1.0,2782.0,1,1
316.24,263.35,27,55,29,0,0.0,263.35,0,0
194.68,175.65,51,72,20,2,1.0,942.6666666666666,0,1
421.35,334.83,37,81,20,5,3.0,308.5,0,0
197.99,155.12,46,65,27,2,4.0,886.0,0,1
526.52,227.83,19,74,3,2,2.0,813.0,3,3
287.72,284.32,62,66,11,0,3.0,891.0,3,1
681.39,604.38,44,65,25,1,5.0,1014.0,0,0
247.56,227.55,33,65,5,1,3.0,1014.0,3,0
808.24,739.4,26,67,17,3,6.0,739.4,0,3
429.94,331.54,72,63,15,0,2.0,331.54,0,0
998.18,755.89,66,60,17,0,5.0,755.89,1,1
750.13,618.1,51,63,29,0,0.0,618.1,0,1
364.93,274.02,51,63,15,3,1.0,1014.0,0,1
310.69,277.68,50,55,28,0,0.0,277.68,0,0
413.86,360.4,67,72,3,0,5.0,1361.0,3,0
636.04,579.68,31,78,23,0,3.0,1014.0,0,0
313.1,306.41,60,94,14,0,2.0,308.5,2,2
337.35,253.87,76,68,17,3,3.0,1095.0,0,1
198.7,174.99,52,73,29,3,1.0,1049.0,0,1
101.57,97.7,40,60,5,3,2.0,940.0,3,1
334.18,326.35,35,72,14,2,3.0,326.35,3,0
92.46,76.09,91,67,4,1,5.0,76.09,3,0
366.69,355.5,57,57,15,0,4.0,355.5,0,0
884.57,767.29,55,73,3,1,2.0,813.0,3,3
684.84,642.82,20,110,26,1,1.0,642.82,2,2
682.98,629.37,66,77,24,1,4.0,883.0,0,1
437.25,233.45,23,65,3,3,7.0,1095.0,3,3
134.75,131.81,56,81,14,1,3.0,997.0,3,0
619.81,569.85,46,76,16,0,2.0,569.85,0,1
405.53,392.48,56,86,27,2,0.0,1089.6666666666667,0,1
773.09,506.85,51,119,5,3,2.0,997.0,2,2
573.41,565.12,13,62,5,3,4.0,565.12,3,3
600.55,528.09,69,65,19,1,2.0,997.0,0,1
390.15,387.28,34,64,7,3,3.0,387.28,3,0
620.4,487.18,44,51,15,1,1.0,487.18,0,1
907.15,490.38,28,57,4,5,0.0,940.0,3,3
803.05,728.11,64,47,26,3,3.0,728.11,0,1
456.23,137.09,50,105,3,0,3.0,704.3333333333334,2,2
430.83,332.25,57,63,21,0,1.0,332.25,0,0
496.17,488.63,40,74,11,0,1.0,661.0,3,1
713.55,666.98,63,63,15,1,4.0,666.98,3,1
540.35,460.8,27,74,19,2,3.0,942.6666666666666,0,0
349.7,274.61,72,64,20,2,5.0,997.0,0,1
186.98,158.12,42,64,3,1,3.0,158.12,3,0
867.33,832.62,50,78,3,3,7.0,1184.0,1,3
1297.85,499.99,28,71,6,1,3.0,499.99,3,3
191.29,182.22,91,108,18,5,1.0,182.22,2,2
659.38,560.28,34,65,10,2,1.0,1089.6666666666667,3,3
2044.88,1673.84,57,54,29,1,2.0,1673.84,1,3
3070.42,2756.04,47,78,6,2,0.0,2756.04,1,3
671.46,505.75,61,56,18,5,3.0,1322.0,0,0
615.17,607.15,59,68,15,1,0.0,607.15,0,1
330.0,305.98,87,57,13,5,2.0,305.98,3,0
1558.06,1183.84,64,61,11,5,2.0,997.0,1,3
1790.36,1588.03,55,60,11,2,4.0,1588.03,1,3
494.31,418.73,44,65,4,1,5.0,883.0,3,0
513.12,506.89,81,125,13,5,5.0,1049.0,2,2
637.21,629.46,38,54,10,3,8.0,629.46,3,3
112.18,104.57,52,69,16,2,6.0,104.57,0,0
379.86,237.15,74,65,2,1,2.0,883.0,3,1
643.09,500.02,52,71,4,2,3.0,940.0,3,3
1451.95,700.8,40,56,2,0,1.0,1014.0,1,3
253.46,193.13,53,56,29,2,1.0,193.13,0,0
1295.42,1230.73,48,65,23,0,3.0,1230.73,1,3
298.53,234.24,75,58,24,5,1.0,234.24,0,0
687.84,623.47,65,55,9,3,3.0,997.0,3,1
658.37,574.37,57,63,26,0,2.0,574.37,0,0
289.5,258.45,50,65,26,1,4.0,997.0,0,0
564.94,468.81,51,68,20,2,5.0,468.81,0,0
343.5,329.79,54,62,17,1,3.0,329.79,0,0
715.71,566.84,40,71,16,0,2.0,646.0,0,1
253.42,244.54,43,109,9,2,1.0,244.54,2,2
147.68,123.0,48,63,26,5,4.0,123.0,0,0
2017.6,1712.83,30,64,2,3,3.0,1049.0,1,3
412.62,380.95,57,72,2,1,0.0,940.0,3,1
388.65,345.72,61,116,24,0,2.0,345.72,2,2
178.61,162.44,81,105,5,2,2.0,891.0,2,2
892.4,721.54,39,63,18,2,6.0,721.54,0,3
665.74,509.09,67,60,6,3,2.0,891.0,3,1
653.04,556.49,45,71,6,2,6.0,556.49,3,3
276.57,273.22,84,75,8,5,0.0,1987.0,3,0
601.46,594.01,1,102,26,0,2.0,594.01,2,2
493.53,406.16,71,65,24,2,0.0,406.16,0,0
184.13,177.11,49,72,19,5,7.0,177.11,0,0
841.64,681.54,70,69,14,5,1.0,2782.0,1,0
165.18,147.29,42,71,29,5,3.0,147.29,0,0
1531.19,1492.89,28,64,21,3,3.0,1492.89,1,3
1888.51,1025.45,49,52,2,3,7.0,942.6666666666666,1,3
287.28,267.72,52,56,13,0,4.0,267.72,3,0
174.45,160.76,83,72,22,2,4.0,1458.0,0,1
806.09,689.83,55,56,26,5,5.0,689.83,0,0
704.51,671.15,77,51,12,2,2.0,1178.0,3,1
431.65,426.71,52,51,15,3,2.0,426.71,0,0
238.52,217.08,25,60,9,2,3.0,308.5,3,0
1203.25,940.37,59,58,23,5,2.0,940.37,1,3
411.14,399.98,43,59,28,5,2.0,399.98,0,0
296.78,227.43,37,74,25,5,5.0,227.43,0,0
256.29,195.72,61,62,23,2,6.0,1322.0,0,0
676.81,615.46,67,63,4,0,0.0,615.46,3,3
351.85,311.22,54,71,26,1,5.0,311.22,0,0
1067.68,952.3,13,71,3,3,1.0,952.3,1,3
597.49,497.3,30,68,21,2,5.0,497.3,0,0
378.79,376.9,73,67,29,5,0.0,1095.0,0,1
215.32,182.49,44,45,19,5,3.0,1312.0,0,0
520.51,425.95,43,62,15,1,3.0,1089.6666666666667,3,0
95.95,83.7,7,73,12,2,0.0,83.7,3,0
1544.82,564.52,46,110,5,2,1.0,564.52,2,2
313.6,245.25,65,65,22,3,3.0,245.25,0,0
439.16,433.03,53,65,11,3,6.0,1049.0,3,0
603.02,495.17,20,75,23,3,8.0,940.0,0,3
199.74,184.11,72,65,26,2,1.0,1361.0,0,1
607.18,594.58,71,59,15,5,0.0,594.58,3,3
867.56,678.94,77,68,20,1,2.0,678.94,0,1
687.27,410.1,41,111,5,3,5.0,410.1,2,2
1169.63,1094.5,29,71,4,5,0.0,1014.0,1,3
544.95,454.41,50,65,4,5,4.0,1089.6666666666667,3,0
506.14,494.09,26,68,27,5,6.0,494.09,0,0
454.03,370.72,21,58,26,2,2.0,370.72,0,0
444.2,368.02,75,66,4,0,0.0,368.02,3,0
1391.26,1132.19,36,57,20,5,5.0,1322.0,1,3
240.61,210.34,41,72,20,2,3.0,210.34,0,0
393.57,370.22,25,76,11,1,3.0,1089.6666666666667,3,3
1956.15,1575.68,65,78,28,0,2.0,940.0,1,3
279.38,215.51,41,64,15,2,0.0,215.51,0,0
530.78,407.18,37,59,10,2,6.0,407.18,3,3
450.13,445.83,46,72,6,5,2.0,883.0,3,3
261.5,256.7,31,63,18,2,1.0,256.7,0,0
406.92,400.23,70,73,17,2,4.0,2317.0,0,1
1208.53,1206.17,64,66,23,0,1.0,704.3333333333334,1,1
348.16,281.82,41,66,23,1,1.0,1089.6666666666667,0,1
304.23,276.02,72,104,22,1,3.0,276.02,2,0
847.69,655.74,71,69,24,2,2.0,655.74,0,1
538.73,506.44,42,60,20,5,0.0,506.44,0,3
1867.76,1503.98,19,61,22,5,2.0,1095.0,1,3
470.35,454.74,18,67,19,1,3.0,381.0,0,0
792.86,785.19,56,59,2,2,2.0,785.19,3,1
897.03,691.52,58,73,29,3,2.0,1322.0,0,1
307.81,231.14,47,75,21,0,5.0,231.14,0,0
477.18,376.89,22,63,26,2,2.0,1184.0,0,0
636.33,489.21,80,67,5,2,4.0,489.21,3,0
259.4,253.27,39,54,17,2,0.0,253.27,0,0
2731.12,1694.75,31,60,3,3,1.0,997.0,1,3
473.87,386.89,81,65,19,2,2.0,386.89,0,0
759.72,579.55,62,69,14,0,3.0,1089.6666666666667,3,1
467.47,393.46,47,66,14,5,3.0,393.46,3,0
561.23,426.35,24,62,17,3,3.0,426.35,0,0
518.92,489.38,64,74,28,2,4.0,1089.6666666666667,0,1
551.71,476.88,68,59,12,0,3.0,1766.0,3,1
1164.33,354.05,72,54,5,3,2.0,354.05,3,1
321.86,281.51,82,61,13,2,7.0,1361.0,3,0
420.09,329.33,36,95,10,1,1.0,1049.0,2,2
506.76,389.28,65,113,8,0,2.0,389.28,2,2
1086.49,1044.08,61,68,20,1,4.0,308.5,1,1
398.34,314.66,51,69,2,3,2.0,704.3333333333334,3,1
833.09,707.35,59,65,22,2,3.0,707.35,0,3
661.94,508.24,62,68,7,5,2.0,508.24,3,3
1449.78,1380.41,63,68,6,0,3.0,1380.41,1,3
470.56,466.64,64,130,11,1,5.0,466.64,2,2
1045.49,873.49,62,73,19,5,2.0,1095.0,1,3
464.3,463.92,32,61,24,0,0.0,1014.0,0,1
186.71,159.0,21,71,22,1,2.0,159.0,0,0
554.65,478.83,85,66,21,1,2.0,1014.0,0,1
557.57,507.63,46,58,18,0,5.0,507.63,0,0
1291.66,1129.85,48,65,20,1,3.0,1129.85,1,3
1356.68,1345.85,21,53,12,3,5.0,1095.0,1,3
402.59,368.33,71,59,24,1,5.0,883.0,0,1
480.54,473.05,62,63,25,0,1.0,1014.0,0,1
443.61,410.05,63,65,21,0,1.0,1049.0,0,1
409.69,377.88,51,57,24,5,2.0,377.88,0,0
668.18,662.33,47,66,13,0,4.0,662.33,3,0
922.23,911.5,56,77,3,2,4.0,308.5,3,3
537.43,490.86,51,65,3,5,4.0,997.0,3,0
1311.23,1048.78,50,70,2,1,3.0,1048.78,1,3
470.72,360.1,54,63,16,2,2.0,360.1,0,0
876.38,405.09,35,71,0,5,3.0,886.0,3,3
391.98,351.49,62,58,8,5,0.0,813.0,3,0
416.67,268.08,35,124,5,2,3.0,1095.0,2,2
162.08,152.48,89,115,26,5,1.0,152.48,2,2
442.24,429.55,60,66,3,1,1.0,429.55,3,0
937.91,773.83,34,62,10,5,6.0,1322.0,1,3
377.87,192.8,62,74,3,3,4.0,1049.0,3,0
198.37,159.37,51,68,2,1,2.0,1312.0,3,1
586.81,523.53,56,69,24,5,3.0,997.0,0,0
997.92,915.23,20,62,10,1,2.0,1014.0,1,3
343.42,300.61,54,57,27,0,2.0,300.61,0,0
529.67,410.46,11,62,8,1,2.0,1014.0,3,1
717.46,566.08,54,63,18,3,3.0,308.5,0,0
125.56,115.38,22,66,27,1,5.0,1095.0,0,0
622.3,520.33,30,63,6,2,2.0,520.33,3,3
569.8,491.5,51,64,13,3,2.0,491.5,3,0
198.5,183.58,43,57,26,3,1.0,183.58,0,0
808.08,414.87,37,66,2,0,3.0,940.0,3,3
657.83,503.54,51,69,7,2,1.0,503.54,3,0
436.01,346.12,36,49,23,2,2.0,346.12,0,0
906.58,890.35,61,68,8,2,3.0,890.35,1,3
645.53,525.79,44,62,5,0,4.0,997.0,3,3
155.4,121.44,54,71,16,5,2.0,121.44,0,0
694.21,549.51,44,61,2,1,4.0,549.51,3,3
511.89,450.74,53,64,26,2,4.0,450.74,0,0
257.84,203.69,67,65,7,5,9.0,940.0,3,0
398.15,317.46,42,73,14,2,4.0,317.46,3,0
645.96,568.77,35,80,17,3,2.0,568.77,0,2
304.08,300.3,34,61,12,0,3.0,891.0,3,1
660.36,555.95,52,67,29,1,1.0,555.95,0,1
819.21,744.54,13,65,16,5,2.0,744.54,0,3
260.09,237.08,81,69,23,0,1.0,886.0,0,1
161.62,145.94,64,64,9,5,4.0,145.94,3,0
392.25,316.91,63,66,29,1,5.0,883.0,0,1
355.96,270.96,51,70,22,5,4.0,270.96,0,0
495.58,461.11,59,63,7,2,1.0,886.0,3,1
548.98,510.01,48,51,24,0,1.0,1322.0,0,1
633.65,509.01,24,56,18,0,2.0,509.01,0,1
372.46,293.04,45,73,4,0,1.0,1014.0,3,1
641.68,611.11,55,59,16,0,4.0,611.11,0,1
493.15,371.46,48,65,27,1,0.0,371.46,0,0
1164.72,494.48,36,118,3,5,3.0,813.0,2,2
181.25,164.48,48,83,26,1,0.0,1014.0,0,1
414.08,336.43,70,56,18,0,7.0,2317.0,0,1
296.75,258.15,59,60,16,5,3.0,258.15,0,0
645.25,621.05,69,60,19,3,4.0,621.05,0,0
771.02,673.59,46,65,26,0,5.0,673.59,0,1
989.02,750.07,76,68,8,0,5.0,2317.0,1,1
308.51,235.18,52,73,19,0,0.0,1312.0,0,1
543.53,512.18,88,71,29,0,3.0,512.18,0,1
667.45,574.36,41,69,17,5,5.0,574.36,0,0
1136.95,1032.21,46,54,14,5,1.0,1322.0,1,3
1032.72,331.08,36,137,2,0,3.0,331.08,2,2
490.82,464.04,50,67,21,2,1.0,1095.0,0,1
511.09,494.56,47,60,24,2,0.0,494.56,0,0
562.37,449.84,43,73,5,5,4.0,1312.0,3,0
562.43,490.26,67,69,18,3,5.0,883.0,0,0
376.42,352.34,36,64,9,2,2.0,997.0,3,1
276.82,267.79,25,61,15,5,4.0,267.79,0,0
392.04,350.63,91,60,17,2,4.0,1178.0,0,1
450.28,355.36,47,58,29,3,1.0,704.3333333333334,0,0
137.86,124.33,74,64,11,0,2.0,886.0,3,1
1433.81,1146.17,48,60,27,5,2.0,1146.17,1,3
921.02,729.92,48,56,5,3,0.0,729.92,3,3
140.42,139.54,48,71,28,2,2.0,308.5,0,0
290.81,259.88,51,65,7,5,4.0,259.88,3,0
326.22,260.71,19,47,20,0,1.0,260.71,0,0
490.04,482.35,30,62,29,0,0.0,1014.0,0,1
154.22,151.97,55,58,8,0,3.0,151.97,3,0
1641.66,1255.93,60,72,3,5,3.0,704.3333333333334,1,3
359.5,285.02,33,83,3,3,0.0,1089.6666666666667,3,1
209.89,176.08,56,57,14,0,4.0,1095.0,3,1
281.06,255.13,52,68,17,0,4.0,255.13,0,0
668.21,613.86,42,68,12,0,4.0,613.86,3,0
1522.92,1396.82,56,51,14,0,5.0,1322.0,1,3
986.36,771.76,62,64,4,1,5.0,771.76,3,3
313.18,298.05,38,70,18,5,4.0,298.05,0,0
245.48,113.11,45,82,5,3,3.0,113.11,3,0
380.67,345.96,77,107,9,2,3.0,345.96,2,2
140.39,137.86,67,47,15,0,2.0,137.86,0,0
246.07,202.13,56,68,9,1,4.0,202.13,3,0
1456.5,1095.66,53,62,22,1,3.0,1312.0,1,3
541.88,205.4,43,79,2,2,2.0,1095.0,3,1
285.9,217.42,57,81,13,2,3.0,217.42,3,0
262.13,219.16,40,51,15,3,3.0,942.6666666666666,0,0
312.88,301.58,26,63,25,0,4.0,704.3333333333334,0,0
222.28,205.46,44,61,28,1,7.0,997.0,0,0
452.12,385.89,40,67,26,0,4.0,1089.6666666666667,0,0
774.65,585.94,31,71,22,2,3.0,585.94,0,0
198.68,198.34,36,63,11,5,8.0,1322.0,3,0
1443.71,1153.03,66,77,17,3,3.0,1014.0,1,3
912.02,787.13,1,63,12,0,1.0,787.13,3,3
384.25,359.74,47,73,10,1,3.0,359.74,3,0
300.76,276.83,36,59,26,2,1.0,891.0,0,1
1746.28,1425.12,50,59,27,0,2.0,704.3333333333334,1,3
201.75,181.8,73,56,29,0,5.0,886.0,0,1
653.28,509.37,52,77,25,2,6.0,940.0,0,0
721.75,488.3,45,64,4,5,2.0,942.6666666666666,3,3
327.99,291.36,7,63,12,3,4.0,1095.0,3,0
327.44,247.69,18,61,7,2,3.0,247.69,3,0
141.76,123.4,57,102,22,1,0.0,997.0,2,2
358.24,298.05,20,59,21,1,3.0,1312.0,0,0
1046.91,925.87,64,107,15,1,3.0,925.87,2,2
343.85,261.89,62,43,14,5,4.0,261.89,3,0
374.87,247.46,65,71,4,0,4.0,247.46,3,0
332.66,279.47,29,61,14,1,2.0,279.47,0,0
245.94,237.43,81,65,23,3,3.0,237.43,0,0
305.7,277.94,32,62,23,3,4.0,277.94,0,0
310.67,287.13,57,66,15,1,3.0,1049.0,0,1
2641.79,1498.99,44,65,6,1,3.0,891.0,1,3
103.87,94.86,75,62,28,0,4.0,886.0,0,1
298.75,269.56,60,69,16,3,2.0,942.6666666666666,0,1
150.68,146.93,54,44,2,5,1.0,940.0,3,0
640.29,608.57,59,52,6,0,1.0,1049.0,3,1
651.68,546.25,58,63,17,0,7.0,546.25,0,0
1404.59,825.05,48,78,6,2,0.0,825.05,1,3
2209.24,677.28,66,78,1,5,7.0,1766.0,1,3
827.12,715.16,34,74,9,3,3.0,1312.0,1,3
153.87,142.84,28,62,3,3,4.0,942.6666666666666,3,0
164.69,159.59,44,64,20,3,1.0,159.59,0,0
416.74,129.94,59,57,4,1,4.0,129.94,3,0
199.73,169.89,60,62,27,3,2.0,704.3333333333334,0,1
538.04,421.26,40,98,29,5,0.0,421.26,2,1
127.51,119.76,61,74,19,5,1.0,308.5,0,0
200.6,171.13,66,58,13,0,0.0,171.13,3,0
94.89,88.55,57,59,16,3,3.0,886.0,0,0
686.06,585.54,37,45,20,5,1.0,308.5,0,3
1203.41,960.34,35,68,8,2,3.0,960.34,1,3
797.68,768.67,67,79,28,3,5.0,768.67,0,3
1058.74,813.93,45,68,25,3,2.0,813.93,1,3
1094.52,1082.78,57,76,29,3,0.0,1095.0,1,3
775.8,594.97,60,64,19,1,4.0,1049.0,0,1
350.68,319.65,56,65,13,3,4.0,319.65,3,0
669.26,596.06,61,51,10,5,0.0,596.06,3,3
546.61,525.85,35,60,13,3,5.0,525.85,3,3
626.2,597.49,4,64,25,5,2.0,883.0,0,1
1192.77,1055.56,41,133,13,3,4.0,1055.56,2,2
140.1,139.37,39,71,28,2,0.0,139.37,0,0
1352.78,1214.68,56,64,28,5,1.0,1214.68,1,3
2469.37,1804.1,37,62,1,1,2.0,704.3333333333334,1,3
426.34,363.29,55,67,23,5,5.0,363.29,0,0
673.22,662.09,40,68,11,0,2.0,942.6666666666666,3,3
288.24,237.1,34,62,13,0,6.0,813.0,3,0
113.2,87.07,31,69,22,1,4.0,1014.0,0,0
1143.6,1068.07,72,78,19,0,0.0,883.0,1,1
236.72,222.11,43,62,2,0,5.0,704.3333333333334,3,0
485.44,483.5,47,114,17,0,3.0,483.5,2,2
194.83,152.41,25,80,23,3,3.0,1322.0,0,0
154.58,139.83,64,108,6,0,3.0,139.83,2,2
266.3,242.38,23,51,21,5,4.0,242.38,0,0
319.53,302.81,54,60,22,1,3.0,302.81,0,0
1789.26,1282.1,50,67,6,1,5.0,886.0,1,3
847.7,644.81,80,57,7,1,3.0,644.81,3,3
149.49,118.5,16,64,8,3,0.0,940.0,3,1
143.78,129.56,39,65,11,2,1.0,813.0,3,1
1142.82,937.05,63,54,25,5,3.0,1014.0,1,3
682.44,604.25,16,115,10,2,6.0,604.25,2,2
135.21,123.97,67,56,21,2,2.0,123.97,0,0
582.03,488.68,73,68,21,3,4.0,1766.0,0,1
437.05,344.46,37,70,22,1,2.0,1322.0,0,1
255.57,246.12,43,65,14,0,3.0,883.0,3,0
393.78,330.25,42,72,27,5,3.0,330.25,0,0
203.71,183.26,59,55,26,1,2.0,183.26,0,0
864.51,844.98,47,43,19,5,3.0,844.98,1,3
155.09,150.61,66,67,18,0,2.0,150.61,0,0
271.94,213.06,39,59,8,2,0.0,213.06,3,0
594.83,544.61,24,69,8,3,4.0,886.0,3,3
1346.29,1280.65,42,56,23,2,4.0,1280.65,1,3
1060.46,1019.55,20,70,17,1,4.0,1019.55,1,3
139.04,113.83,51,52,6,5,2.0,113.83,3,0
583.46,579.29,53,75,17,2,2.0,579.29,0,0
184.59,173.25,53,67,16,5,1.0,173.25,0,0
370.25,305.77,82,65,27,1,3.0,1214.0,0,1
388.19,366.34,40,70,23,3,5.0,570.0,0,0
543.32,495.79,50,80,12,0,2.0,1089.6666666666667,3,1
531.28,482.95,71,60,15,5,3.0,886.0,3,0
396.25,363.06,52,72,23,1,2.0,308.5,0,0
412.96,369.44,7,72,18,3,4.0,750.5,0,0
546.29,417.71,41,79,27,1,1.0,813.0,0,0
372.07,371.38,55,71,19,1,2.0,371.38,0,0
310.99,289.56,84,87,26,2,2.0,289.56,0,0
404.74,357.06,48,60,24,1,1.0,357.06,0,0
510.23,421.72,59,107,27,0,2.0,813.0,2,2
274.67,240.27,51,64,24,5,3.0,240.27,0,0
325.01,245.67,63,69,19,3,2.0,245.67,0,0
260.45,254.98,46,55,18,5,3.0,254.98,0,0
939.27,831.72,33,56,21,5,1.0,831.72,1,3
457.73,445.71,62,71,7,2,1.0,891.0,3,1
1338.4,1084.21,31,60,19,1,5.0,1084.21,1,3
352.71,268.29,69,72,2,3,3.0,268.29,3,0
377.44,291.63,86,55,19,1,9.0,886.0,0,0
292.5,275.17,44,86,12,2,3.0,275.17,3,0
1056.52,944.81,30,63,6,5,0.0,813.0,1,3
789.98,694.44,25,59,17,3,1.0,813.0,0,1
427.46,208.26,86,67,4,2,3.0,208.26,3,0
774.64,765.73,25,63,23,1,3.0,883.0,0,3
544.8,482.49,29,66,6,5,2.0,1184.0,3,3
1131.98,1038.88,50,59,16,1,3.0,1038.88,1,3
452.79,445.23,43,73,5,1,3.0,445.23,3,0
303.15,263.82,40,60,7,1,5.0,704.3333333333334,3,0
988.93,919.22,73,104,25,0,3.0,919.22,2,2
621.65,500.38,47,66,22,1,1.0,500.38,0,0
481.65,384.71,45,60,4,3,2.0,813.0,3,1
661.83,648.01,81,63,3,2,3.0,1766.0,3,1
272.85,224.81,32,57,27,1,3.0,224.81,0,0
385.39,345.49,51,54,23,3,2.0,940.0,0,1
126.98,104.18,61,79,14,1,4.0,886.0,3,0
498.13,401.31,53,57,24,3,2.0,1049.0,0,1
1012.03,775.1,49,63,10,0,3.0,1089.6666666666667,1,3
699.53,622.63,53,64,19,1,5.0,622.63,0,1
192.71,152.69,39,64,15,5,3.0,152.69,0,0
934.25,889.31,58,50,18,3,2.0,883.0,1,3
365.53,338.65,54,70,3,5,5.0,1322.0,3,0
1524.14,1202.39,30,53,23,5,2.0,704.3333333333334,1,3
237.57,207.84,33,49,11,0,4.0,207.84,3,0
349.07,268.93,43,67,21,1,2.0,268.93,0,0
689.24,671.16,61,59,15,3,2.0,671.16,3,3
711.83,698.0,78,54,8,1,4.0,698.0,3,3
434.21,387.19,44,65,13,3,5.0,891.0,3,0
327.53,264.82,72,67,5,5,6.0,1095.0,3,0
379.71,315.15,44,69,29,5,4.0,1095.0,0,0
225.07,212.35,35,70,23,5,2.0,212.35,0,0
310.78,251.7,34,67,3,1,3.0,251.7,3,0
477.04,186.78,82,65,5,2,6.0,1458.0,3,0
482.52,372.64,64,64,20,1,2.0,372.64,0,0
833.59,801.85,85,83,27,1,2.0,1178.0,1,3
368.74,339.44,11,56,16,5,2.0,339.44,0,0
157.49,156.57,16,58,9,0,7.0,886.0,3,0
281.12,261.14,31,75,11,1,7.0,813.0,3,0
688.15,547.86,60,106,2,1,3.0,813.0,2,2
808.17,645.66,65,68,7,1,3.0,645.66,3,3
350.57,303.78,57,46,27,3,4.0,883.0,0,1
383.66,303.71,30,77,29,3,4.0,303.71,0,0
200.6,169.45,80,65,19,0,5.0,169.45,0,0
269.4,248.14,35,58,15,3,0.0,248.14,0,0
288.68,247.41,31,79,13,3,3.0,1089.6666666666667,3,0
1135.17,911.03,69,71,5,0,1.0,1458.0,1,3
382.81,338.09,57,57,18,2,5.0,1322.0,0,0
252.27,210.17,14,72,12,2,4.0,883.0,3,0
391.43,370.44,39,53,20,3,6.0,942.6666666666666,0,0
522.72,467.85,36,61,5,5,0.0,467.85,3,0
231.65,214.84,65,56,3,5,3.0,214.84,3,0
1302.35,1118.2,78,59,26,2,1.0,1118.2,1,1
348.02,279.62,1,50,17,3,3.0,279.62,0,0
226.37,204.39,27,49,2,3,2.0,204.39,3,0
917.44,459.3,49,111,4,0,2.0,459.3,2,2
636.86,598.04,54,71,13,3,4.0,598.04,3,3
851.27,740.12,54,58,11,1,1.0,740.12,3,3
371.17,280.38,65,106,25,1,2.0,1178.0,2,2
778.35,276.91,57,74,5,5,3.0,1014.0,3,3
664.82,592.64,36,72,27,3,4.0,592.64,0,0
375.85,340.09,78,115,2,3,4.0,340.09,2,2
497.59,379.95,78,57,27,1,3.0,379.95,0,0
488.44,429.4,35,56,13,3,3.0,429.4,3,0
114.27,87.78,44,59,25,3,2.0,704.3333333333334,0,1
588.02,523.04,47,81,20,5,5.0,523.04,0,0
454.61,342.9,57,66,24,3,2.0,813.0,0,1
612.89,492.19,17,65,10,5,4.0,883.0,3,3
590.07,533.37,20,73,28,1,4.0,533.37,0,0
222.49,184.91,59,54,13,3,5.0,184.91,3,0
545.56,470.43,56,78,12,3,3.0,470.43,3,2
346.42,263.7,30,65,7,0,4.0,886.0,3,0
729.67,558.24,16,51,11,0,4.0,558.24,3,3
131.77,107.58,63,65,25,3,3.0,1049.0,0,1
501.63,456.52,47,66,28,3,0.0,1014.0,0,1
140.78,109.47,52,72,13,5,2.0,813.0,3,0
330.1,288.77,62,87,24,0,0.0,883.0,0,1
323.54,251.45,1,67,27,0,2.0,1662.5,0,0
251.03,216.12,65,51,13,5,4.0,216.12,3,0
1108.48,985.25,80,63,13,2,2.0,883.0,1,3
313.42,309.08,63,144,4,0,0.0,309.08,2,2
204.42,198.36,55,65,25,1,3.0,198.36,0,0
1681.09,1484.4,66,63,15,1,2.0,1014.0,1,3
604.12,499.99,40,55,23,5,6.0,513.0,0,0
2047.28,1598.6,21,75,2,3,2.0,1049.0,1,3
670.44,661.93,47,65,12,5,3.0,661.93,3,0
1268.48,703.81,43,61,5,3,1.0,703.81,1,3
1451.39,1289.06,74,74,13,2,5.0,2317.0,1,1
273.53,233.78,25,110,13,0,2.0,308.5,2,2
386.5,324.43,36,73,29,0,1.0,324.43,0,0
1137.45,609.3,51,55,6,5,2.0,308.5,3,3
232.29,191.21,40,64,3,3,3.0,683.0,3,0
836.17,792.48,63,46,18,2,3.0,792.48,0,1
446.61,434.29,28,62,29,1,6.0,434.29,0,0
1425.48,435.89,38,72,6,0,2.0,1049.0,1,3
386.96,267.4,57,75,3,0,0.0,704.3333333333334,3,1
290.01,241.19,24,76,4,0,1.0,241.19,3,0
244.59,166.22,60,67,0,0,4.0,166.22,3,0
327.34,319.71,29,54,17,2,4.0,319.71,0,0
802.44,623.88,34,63,22,0,2.0,1322.0,0,1
213.13,209.68,61,65,7,1,3.0,209.68,3,0
193.55,170.4,9,56,27,2,2.0,1260.0,0,0
394.15,312.01,52,56,19,5,2.0,312.01,0,0
595.18,525.26,39,58,27,1,6.0,1014.0,0,0
755.66,695.2,38,53,10,1,3.0,695.2,3,3
1566.94,1272.04,39,52,25,5,5.0,1272.04,1,3
208.73,198.62,32,71,29,0,4.0,308.5,0,0
585.09,507.72,77,51,18,3,5.0,507.72,0,0
689.5,602.37,61,77,16,0,5.0,1014.0,0,0
656.02,541.38,59,59,17,1,2.0,541.38,0,1
449.33,444.46,55,61,6,3,2.0,308.5,3,0
834.11,756.18,40,65,3,1,3.0,646.0,3,3
1206.3,1009.28,52,66,19,5,8.0,1009.28,1,0
216.73,178.12,80,78,9,2,1.0,940.0,3,1
245.08,238.89,95,53,12,3,2.0,238.89,3,0
452.16,427.27,59,74,7,5,3.0,1312.0,3,0
795.38,724.32,39,59,18,0,5.0,724.32,0,3
482.05,378.27,88,81,25,5,3.0,378.27,0,0
258.81,216.39,64,68,17,3,3.0,997.0,0,0
425.74,363.44,39,69,28,5,1.0,363.44,0,0
558.98,518.5,63,53,5,1,5.0,518.5,3,0
448.73,418.48,38,60,21,2,5.0,418.48,0,0
635.11,510.49,56,61,27,3,4.0,704.3333333333334,0,1
223.13,102.23,56,63,3,2,5.0,102.23,3,0
127.83,104.28,49,54,10,2,1.0,104.28,3,0
165.32,124.62,33,58,23,5,4.0,124.62,0,0
605.08,527.39,66,62,9,0,1.0,2782.0,1,1
609.45,481.01,31,66,8,0,5.0,883.0,3,3
610.71,462.44,74,64,9,2,0.0,997.0,3,1
169.58,134.56,52,69,11,2,2.0,134.56,3,0
1014.68,330.01,39,94,5,3,2.0,330.01,2,2
761.52,734.23,58,67,16,2,5.0,734.23,0,1
559.87,513.2,62,61,6,2,3.0,513.2,3,0
581.79,499.77,53,72,17,0,2.0,1089.6666666666667,0,1
434.99,329.83,52,65,10,5,5.0,997.0,3,0
447.15,425.01,40,56,6,3,3.0,1322.0,3,1
358.41,304.75,14,79,21,5,4.0,381.0,0,0
215.84,164.47,65,60,20,5,2.0,164.47,0,0
244.93,200.36,60,114,18,5,9.0,200.36,2,2
395.94,340.85,52,72,10,3,3.0,340.85,3,0
405.2,400.42,21,60,16,5,2.0,400.42,0,0
423.89,383.95,33,61,26,3,5.0,383.95,0,0
483.73,468.01,53,65,26,2,3.0,468.01,0,0
1151.51,1021.01,58,76,6,1,1.0,1014.0,1,3
271.15,120.53,95,65,2,1,3.0,1458.0,3,1
271.39,219.84,83,64,20,5,3.0,219.84,0,0
191.44,169.03,36,47,17,0,1.0,169.03,0,0
202.9,174.98,23,60,11,0,1.0,1014.0,3,1
348.77,347.17,75,62,26,0,1.0,347.17,0,0
304.17,232.01,62,62,7,5,3.0,997.0,3,0
433.85,344.8,31,62,25,3,6.0,1014.0,0,0
1031.55,775.97,43,70,11,5,7.0,775.97,1,3
193.12,183.15,59,62,5,3,3.0,183.15,3,0
469.61,431.6,58,77,10,5,4.0,431.6,3,0
288.94,256.6,53,106,23,1,2.0,942.6666666666666,2,2
693.26,679.08,35,66,16,1,3.0,1089.6666666666667,0,0
962.51,884.73,48,98,9,1,4.0,1014.0,2,2
182.84,157.5,67,65,18,2,1.0,157.5,0,0
1220.37,1067.95,61,67,9,5,1.0,1322.0,1,3
542.62,441.25,65,132,15,3,1.0,891.0,2,2
580.68,450.56,40,60,27,3,0.0,997.0,0,1
421.41,359.48,67,64,10,3,1.0,359.48,3,0
442.75,337.62,70,72,26,5,7.0,337.62,0,0
205.54,181.85,56,60,15,5,2.0,181.85,0,0
976.06,880.53,26,58,11,1,3.0,997.0,1,3
249.73,220.26,61,64,17,5,3.0,1095.0,0,0
627.93,621.61,53,68,3,3,3.0,1089.6666666666667,3,1
481.8,400.17,70,72,14,0,3.0,1458.0,3,1
558.93,512.82,24,71,23,1,5.0,940.0,0,0
1002.3,988.53,51,74,5,5,6.0,997.0,1,3
645.94,486.93,47,61,7,0,2.0,486.93,3,3
375.79,365.65,59,64,19,5,3.0,365.65,0,0
695.95,695.22,77,71,7,0,3.0,1214.0,3,1
287.61,284.58,45,61,5,3,2.0,284.58,3,0
577.29,471.86,45,64,25,1,2.0,891.0,0,1
341.03,200.44,62,71,6,3,5.0,200.44,3,0
483.86,410.49,70,63,23,2,0.0,1987.0,0,1
875.58,828.1,43,53,3,5,2.0,828.1,3,3
282.6,223.38,59,74,3,1,5.0,223.38,3,0
231.52,73.62,34,66,3,5,5.0,73.62,3,0
944.21,678.35,50,87,5,2,3.0,678.35,3,3
373.85,311.61,52,80,27,0,2.0,311.61,0,0
296.69,285.05,53,58,27,2,3.0,285.05,0,0
619.13,469.56,58,64,12,1,3.0,469.56,3,1
284.03,237.76,64,60,12,2,4.0,237.76,3,0
1493.32,1333.82,49,70,9,1,4.0,1333.82,1,3
299.39,263.37,66,71,22,0,2.0,997.0,0,1
175.89,165.8,53,65,3,5,3.0,165.8,3,0
844.51,836.2,59,70,23,0,3.0,883.0,0,1
484.93,367.31,31,64,12,0,4.0,1089.6666666666667,3,0
466.15,393.06,46,65,19,3,2.0,393.06,0,0
363.1,292.15,70,68,13,3,2.0,292.15,3,0
306.23,243.76,53,58,6,0,4.0,243.76,3,0
235.32,196.24,62,58,29,5,0.0,196.24,0,0
279.91,210.4,54,69,14,3,1.0,210.4,3,0
459.86,353.16,38,116,13,1,2.0,353.16,2,2
176.82,160.36,28,74,6,3,5.0,160.36,3,0
227.05,215.5,22,60,4,5,3.0,215.5,3,0
324.04,277.11,56,67,13,1,5.0,1049.0,3,0
194.6,190.79,63,71,4,3,1.0,1049.0,3,1
687.91,661.65,38,53,8,3,1.0,1089.6666666666667,3,3
308.56,262.06,44,113,3,0,2.0,262.06,2,2
487.16,427.75,49,74,17,1,4.0,942.6666666666666,0,0
1506.72,1400.84,16,51,27,1,3.0,1400.84,1,3
857.01,754.29,73,77,19,2,2.0,754.29,0,3
532.65,429.82,82,73,26,3,4.0,429.82,0,0
334.1,255.9,44,62,27,1,2.0,255.9,0,0
184.33,182.38,36,102,26,3,4.0,182.38,2,2
508.42,185.92,93,125,5,0,2.0,185.92,2,2
333.59,284.05,51,66,23,2,2.0,1312.0,0,1
575.97,497.86,88,62,8,3,5.0,497.86,3,0
484.21,459.08,75,67,3,1,0.0,1014.0,3,1
734.32,625.4,58,62,5,0,0.0,625.4,3,3
357.22,350.01,18,60,21,3,5.0,350.01,0,0
417.1,408.51,52,63,25,5,3.0,886.0,0,0
677.36,580.17,59,77,13,5,2.0,1014.0,3,0
272.3,270.28,20,66,23,1,1.0,813.0,0,1
686.11,625.03,41,61,22,5,1.0,1095.0,0,3
627.83,523.36,37,72,2,2,1.0,523.36,3,3
597.94,568.94,53,75,14,2,4.0,568.94,3,2
194.77,181.94,48,60,4,3,5.0,1049.0,3,0
2220.62,2035.21,57,58,12,5,8.0,2035.21,1,3
367.63,322.69,52,65,16,0,2.0,322.69,0,0
116.87,98.37,57,67,21,0,4.0,813.0,0,0
691.24,530.1,66,73,24,5,2.0,1214.0,0,1
441.67,355.17,30,52,6,1,2.0,942.6666666666666,3,1
2526.85,2141.86,29,60,28,5,3.0,997.0,1,3
473.78,393.81,35,56,4,3,3.0,393.81,3,0
637.24,579.94,33,69,26,1,3.0,1322.0,0,0
286.71,215.47,2,74,21,0,8.0,215.47,0,0
557.03,329.54,33,109,5,2,1.0,1095.0,2,2
469.02,440.59,39,64,9,5,3.0,440.59,3,0
662.08,631.5,57,73,21,0,4.0,631.5,0,1
532.44,411.77,18,51,20,0,0.0,594.5,0,1
889.29,854.63,47,70,11,5,5.0,854.63,1,3
504.31,430.15,77,74,23,3,0.0,886.0,0,1
945.46,923.26,56,74,15,3,2.0,923.26,1,3
369.52,329.44,4,70,29,1,8.0,329.44,0,0
397.68,357.11,36,75,28,3,4.0,357.11,0,0
328.28,304.21,69,68,4,5,2.0,1987.0,3,0
238.06,223.11,73,58,26,0,5.0,891.0,0,1
744.92,651.77,37,61,10,0,2.0,1312.0,3,3
281.04,257.88,56,79,17,3,1.0,257.88,0,0
1710.07,865.55,32,58,0,5,1.0,886.0,1,3
216.69,200.15,91,74,15,3,3.0,1214.0,3,1
413.83,410.36,39,63,12,5,2.0,410.36,3,0
383.8,304.53,16,69,23,3,2.0,1410.0,0,0
356.17,299.08,56,61,22,2,2.0,299.08,0,0
533.73,495.68,52,71,3,0,3.0,1089.6666666666667,3,3
620.32,551.65,54,63,11,3,0.0,813.0,3,3
709.25,533.64,27,54,5,3,0.0,533.64,3,3
982.98,806.47,47,64,19,1,2.0,942.6666666666666,1,3
629.08,608.68,77,62,28,0,3.0,2782.0,1,1
271.1,261.81,89,78,24,0,2.0,261.81,0,0
625.14,597.09,59,59,22,1,0.0,597.09,0,1
240.29,204.8,53,68,19,2,3.0,997.0,0,0
499.44,384.34,48,59,25,1,2.0,1095.0,0,1
1022.17,966.2,57,91,5,1,4.0,704.3333333333334,1,3
299.1,286.79,43,63,4,0,0.0,286.79,3,0
448.71,384.75,35,57,20,1,0.0,1014.0,0,3
1706.15,904.09,42,88,0,2,4.0,891.0,1,3
234.97,198.71,35,70,28,3,5.0,198.71,0,0
861.49,823.78,95,68,7,0,5.0,940.0,1,3
805.49,323.8,57,113,3,3,4.0,323.8,2,2
430.55,382.33,69,57,3,2,3.0,382.33,3,0
219.37,207.5,71,56,21,0,4.0,1178.0,0,1
618.19,490.02,90,65,27,1,1.0,1458.0,0,1
509.27,497.85,85,81,13,5,4.0,1014.0,3,0
163.95,127.11,61,58,7,0,3.0,813.0,3,1
805.85,695.6,52,55,23,3,3.0,940.0,0,1
616.58,474.28,58,71,14,2,2.0,886.0,3,1
1881.88,682.39,32,70,1,1,2.0,682.39,1,3
452.46,342.48,27,65,21,3,1.0,342.48,0,0
286.22,258.28,3,63,8,0,4.0,258.28,3,0
476.37,433.65,53,70,22,1,4.0,1184.0,0,0
1846.09,1648.52,30,61,5,5,4.0,1014.0,1,3
234.1,200.05,68,79,10,0,4.0,940.0,3,0
508.4,390.96,54,78,7,2,1.0,390.96,3,0
156.91,134.7,47,76,21,1,3.0,1095.0,0,0
1379.47,1022.16,51,60,4,1,4.0,942.6666666666666,1,3
384.18,288.64,49,69,10,5,4.0,886.0,3,0
490.42,390.14,45,70,27,2,3.0,891.0,0,1
251.27,233.45,65,76,29,1,4.0,233.45,0,0
812.55,747.85,69,73,22,0,6.0,1095.0,0,1
633.17,602.33,66,105,4,0,3.0,1178.0,2,2
916.16,867.91,35,76,6,5,3.0,867.91,1,3
731.09,663.02,53,68,2,1,3.0,663.02,3,3
207.89,173.33,63,70,17,0,3.0,308.5,0,0
341.74,316.71,53,61,16,1,3.0,942.6666666666666,0,1
973.58,793.7,7,60,21,5,2.0,1095.0,1,3
791.67,617.08,74,63,25,2,2.0,617.08,0,1
618.6,513.49,15,66,11,3,5.0,1260.0,3,3
599.72,464.35,52,66,6,0,1.0,464.35,3,0
659.62,528.18,47,65,8,3,3.0,528.18,3,3
805.24,717.5,54,62,26,5,2.0,940.0,0,3
2050.29,1910.86,59,59,19,1,8.0,1910.86,1,3
624.84,540.4,79,62,3,0,1.0,540.4,3,0
401.45,368.49,55,57,23,2,6.0,883.0,0,0
358.9,285.58,34,62,4,1,1.0,285.58,3,0
350.27,324.44,66,79,2,3,3.0,324.44,3,0
364.43,283.44,38,47,15,1,0.0,308.5,0,0
395.08,388.82,56,73,9,3,5.0,388.82,3,0
340.09,301.43,46,94,2,3,4.0,883.0,2,2
317.35,283.92,31,61,28,0,3.0,891.0,0,0
1214.36,1194.08,77,51,12,0,3.0,940.0,1,1
302.97,277.95,45,74,14,3,4.0,886.0,3,0
614.29,571.32,44,66,9,1,1.0,997.0,3,3
1591.42,1030.57,26,66,5,1,3.0,1030.57,1,3
192.43,176.91,37,73,13,1,0.0,176.91,3,0
223.24,202.87,50,66,22,3,6.0,1049.0,0,0
795.28,379.01,35,69,5,0,3.0,1184.0,3,3
288.48,283.59,42,68,24,1,7.0,283.59,0,0
294.19,250.66,57,114,15,5,5.0,942.6666666666666,2,2
343.34,312.74,4,70,18,2,2.0,1410.0,0,0
129.62,124.91,51,66,16,1,2.0,124.91,0,0
607.96,493.14,46,72,15,0,2.0,1184.0,0,1
338.82,305.09,51,76,18,2,3.0,305.09,0,0
1055.46,932.17,41,59,12,0,4.0,940.0,1,3
239.08,194.09,33,54,14,2,5.0,1049.0,3,0
309.6,260.64,81,67,29,3,3.0,1766.0,0,1
485.29,468.94,66,67,21,5,6.0,1766.0,0,1
1201.26,646.79,35,98,2,5,7.0,942.6666666666666,2,3
177.56,165.08,78,54,28,0,2.0,1178.0,0,1
464.81,427.67,81,60,29,0,3.0,427.67,0,0
582.26,441.33,42,114,0,0,3.0,441.33,2,2
1588.49,1058.76,77,74,2,5,1.0,1014.0,1,3
1773.24,1553.54,72,69,7,1,5.0,1553.54,1,3
834.34,634.21,52,57,24,2,0.0,891.0,0,3
566.86,546.36,72,56,9,1,2.0,2317.0,3,1
371.46,281.32,40,60,9,3,2.0,281.32,3,0
690.59,619.19,46,49,3,0,3.0,619.19,3,3
803.99,744.59,58,72,3,2,5.0,940.0,3,3
561.57,459.38,63,67,11,1,6.0,459.38,3,0
272.22,258.92,39,58,2,5,5.0,258.92,3,0
682.8,651.84,34,78,6,1,2.0,651.84,3,3
795.3,601.03,45,68,3,3,0.0,601.03,3,3
690.49,492.49,32,123,2,5,2.0,883.0,2,2
559.65,459.35,62,62,20,0,0.0,1089.6666666666667,0,1
952.7,821.72,49,53,6,3,0.0,821.72,1,3
257.79,254.36,46,68,3,2,2.0,254.36,3,0
493.67,436.74,67,57,13,2,1.0,891.0,3,1
456.94,414.1,64,101,12,3,3.0,414.1,2,2
891.67,734.6,85,71,23,1,0.0,734.6,0,1
334.14,303.14,42,62,5,3,4.0,1014.0,3,0
692.64,563.61,37,64,5,2,2.0,563.61,3,3
309.73,304.21,52,56,28,1,1.0,304.21,0,0
801.54,648.65,48,61,4,2,1.0,940.0,3,3
722.47,682.67,33,76,11,3,4.0,813.0,3,3
265.25,210.43,23,50,9,3,4.0,210.43,3,0
200.8,174.45,20,59,23,2,2.0,174.45,0,0
973.12,904.09,24,62,28,0,2.0,904.09,1,1
790.66,720.03,40,70,5,3,2.0,813.0,3,3
486.84,383.15,82,54,24,1,2.0,1458.0,0,1
182.62,177.53,60,63,13,5,4.0,177.53,3,0
662.15,392.91,63,77,4,3,3.0,942.6666666666666,3,3
153.84,125.33,25,112,20,0,2.0,125.33,2,2
299.12,252.51,29,69,24,1,1.0,252.51,0,0
517.48,191.83,32,112,6,1,6.0,997.0,2,2
356.68,356.43,22,65,21,2,3.0,886.0,0,0
770.69,742.2,58,56,18,5,4.0,742.2,0,3
452.78,373.03,18,75,8,1,2.0,373.03,3,0
325.8,261.53,42,55,21,3,1.0,942.6666666666666,0,1
362.78,302.34,44,68,17,5,3.0,302.34,0,0
253.01,218.63,59,67,14,1,7.0,1312.0,3,0
744.08,603.99,61,64,26,5,0.0,603.99,0,3
246.98,228.3,27,57,18,0,4.0,228.3,0,0
496.93,399.5,60,50,20,0,1.0,399.5,0,0
661.45,580.67,71,117,16,1,4.0,883.0,2,2
860.86,830.07,28,63,8,0,3.0,830.07,3,3
364.65,357.28,27,59,24,2,6.0,704.3333333333334,0,0
256.71,211.92,31,75,24,5,3.0,211.92,0,0
572.16,429.27,52,65,13,2,0.0,429.27,3,1
326.01,247.39,57,60,8,5,3.0,247.39,3,0
1912.79,1668.48,57,71,7,0,3.0,1049.0,1,3
557.19,519.57,17,66,24,5,5.0,519.57,0,0
525.78,469.04,59,60,21,1,2.0,1184.0,0,1
2283.54,1165.27,54,72,3,2,2.0,940.0,1,3
781.32,602.12,45,58,16,3,1.0,602.12,0,3
236.12,149.85,49,61,4,2,4.0,149.85,3,0
437.9,355.5,69,126,26,3,4.0,940.0,2,2
607.92,484.08,53,66,20,2,2.0,308.5,0,0
254.93,226.18,43,80,16,5,2.0,1089.6666666666667,0,0
308.0,260.05,1,58,5,5,5.0,260.05,3,0
981.67,809.53,60,61,4,1,5.0,809.53,1,3
1042.83,919.78,51,61,23,5,7.0,1095.0,1,0
214.13,188.1,29,68,8,3,3.0,188.1,3,0
612.25,606.86,39,71,13,0,1.0,1312.0,3,3
545.7,543.43,58,70,2,1,3.0,1312.0,3,1
826.59,641.95,40,62,10,2,5.0,817.0,3,3
579.45,326.81,79,109,2,3,2.0,940.0,2,2
446.34,352.35,52,64,24,1,2.0,352.35,0,0
759.98,603.42,48,53,3,5,2.0,603.42,3,3
417.8,390.21,56,49,10,2,4.0,390.21,3,0
1247.12,1084.46,76,65,24,5,2.0,886.0,1,3
308.47,281.74,29,70,11,0,2.0,886.0,3,1
249.6,223.38,32,75,21,2,3.0,223.38,0,0
1883.06,832.46,28,70,1,0,7.0,1014.0,1,3
179.04,143.79,44,60,15,3,3.0,704.3333333333334,0,0
1151.6,992.02,59,58,4,2,3.0,992.02,1,3
490.03,426.21,36,76,29,2,6.0,426.21,0,0
194.16,175.78,19,56,6,1,3.0,1049.0,3,1
447.06,352.51,95,56,26,0,1.0,1049.0,0,1
147.63,133.66,37,59,24,3,1.0,308.5,0,0
523.58,455.83,70,62,23,0,4.0,1178.0,0,1
658.66,585.84,62,59,6,0,1.0,585.84,3,3
910.72,695.71,71,120,29,3,2.0,695.71,2,2
480.46,473.16,42,69,19,1,1.0,704.3333333333334,0,1
217.12,165.32,52,70,20,1,5.0,165.32,0,0
641.04,532.46,36,76,23,2,1.0,532.46,0,0
321.45,279.19,59,64,8,2,2.0,279.19,3,0
129.1,123.48,35,65,19,5,1.0,886.0,0,0
394.59,368.25,65,68,5,5,3.0,1095.0,3,0
260.22,215.07,62,67,8,0,6.0,215.07,3,0
1109.2,1056.95,39,80,28,3,4.0,1322.0,1,3
503.5,494.96,42,53,3,0,2.0,494.96,3,3
1279.86,1134.81,67,72,25,2,3.0,1134.81,1,3
735.8,338.22,56,59,4,3,5.0,338.22,3,3
934.18,702.28,90,59,13,1,2.0,702.28,3,1
531.71,416.01,53,60,4,2,6.0,942.6666666666666,3,0
1486.05,970.09,26,52,6,2,2.0,940.0,1,3
717.5,588.75,40,106,13,1,5.0,1184.0,2,2
192.15,182.91,59,64,9,2,3.0,997.0,3,1
1156.33,566.79,6,60,6,1,1.0,566.79,3,3
328.71,293.99,72,57,12,2,0.0,1766.0,3,1
829.72,712.22,37,67,20,0,6.0,308.5,0,1
756.72,619.49,61,66,4,1,3.0,619.49,3,3
92.08,87.76,26,74,23,0,1.0,87.76,0,0
448.19,356.94,23,109,27,2,2.0,356.94,2,2
186.96,166.03,43,72,16,1,1.0,891.0,0,1
446.38,374.22,65,53,29,5,3.0,374.22,0,0
202.56,195.58,59,59,17,3,5.0,195.58,0,0
370.34,340.05,90,61,29,2,1.0,340.05,0,0
405.91,339.05,44,61,28,5,2.0,339.05,0,0
269.86,260.49,63,61,3,0,4.0,1184.0,3,1
1290.38,1065.65,47,108,20,5,2.0,1049.0,1,3
298.12,296.15,46,100,20,2,1.0,296.15,2,2
308.13,279.7,36,54,22,1,3.0,279.7,0,0
458.57,363.7,35,65,11,3,7.0,363.7,3,0
1027.53,998.97,72,75,10,0,6.0,998.97,1,1
613.53,516.1,49,76,25,3,3.0,516.1,0,0
1489.46,1286.68,60,60,16,3,3.0,1286.68,1,3
458.09,457.35,68,80,11,3,0.0,457.35,3,1
510.05,445.34,15,66,4,2,0.0,445.34,3,3
1044.32,919.75,69,60,9,5,1.0,1987.0,1,0
221.09,209.09,36,52,8,0,3.0,209.09,3,0
832.88,706.81,79,64,11,0,1.0,706.81,3,1
673.09,627.73,54,66,24,1,3.0,1089.6666666666667,0,1
746.69,662.43,41,61,11,1,1.0,704.3333333333334,3,3
393.16,373.35,27,65,9,3,3.0,373.35,3,0
610.61,534.66,38,59,8,2,2.0,534.66,3,3
775.0,773.8,43,75,10,3,1.0,773.8,3,3
284.38,269.53,72,112,4,5,1.0,883.0,2,0
481.08,364.48,95,61,25,3,3.0,364.48,0,0
243.61,236.64,54,69,16,5,7.0,997.0,0,0
905.92,893.32,53,73,4,3,2.0,1049.0,1,3
212.04,163.12,54,60,22,3,3.0,891.0,0,0
306.72,281.32,41,115,9,3,6.0,281.32,2,2
396.76,308.48,53,62,24,1,3.0,308.48,0,0
815.7,616.04,80,59,18,2,3.0,616.04,0,1
615.76,571.52,61,57,29,5,2.0,891.0,0,3
370.26,312.72,71,66,15,2,3.0,1178.0,3,1
663.49,654.19,37,74,27,2,2.0,1089.6666666666667,0,1
721.59,715.07,47,76,23,3,0.0,715.07,0,3
921.35,698.58,27,111,4,1,3.0,698.58,2,2
678.4,562.6,62,67,16,2,5.0,704.3333333333334,0,0
657.34,533.24,73,61,17,3,2.0,1049.0,0,0
138.05,126.97,48,58,12,3,4.0,126.97,3,0
118.67,112.32,64,65,15,3,4.0,891.0,0,0
709.15,653.35,63,57,28,2,2.0,653.35,0,1
170.62,144.24,63,67,23,3,5.0,144.24,0,0
158.05,138.0,29,75,29,2,4.0,308.5,0,0
1164.58,1028.61,45,83,14,0,3.0,891.0,1,3
289.86,274.7,30,76,15,5,4.0,940.0,3,0
363.91,347.19,62,42,6,0,1.0,347.19,3,0
574.49,524.36,54,56,21,3,3.0,524.36,0,0
581.36,436.91,23,68,27,5,2.0,436.91,0,0
258.87,204.62,67,63,20,1,2.0,204.62,0,0
181.58,152.84,58,63,9,5,5.0,1014.0,3,0
402.44,381.19,44,52,24,1,1.0,381.19,0,0
689.33,552.9,33,70,4,1,2.0,552.9,3,3
319.87,261.97,31,69,19,5,2.0,261.97,0,0
396.9,314.95,67,60,9,2,1.0,1766.0,3,1
1404.69,1284.71,47,51,23,1,0.0,1284.71,1,3
933.21,796.19,66,64,29,5,1.0,796.19,0,3
293.28,249.11,40,79,22,1,3.0,249.11,0,0
535.08,509.58,30,59,8,3,2.0,1089.6666666666667,3,3
565.82,486.54,79,77,26,1,2.0,486.54,0,0
217.73,175.52,81,55,11,2,3.0,175.52,3,0
325.85,312.21,57,65,20,3,5.0,312.21,0,0
1160.23,981.02,54,106,16,5,1.0,981.02,2,3
522.93,413.36,51,66,14,5,6.0,413.36,3,0
450.17,400.32,51,67,11,5,3.0,1322.0,3,0
341.98,341.91,38,59,21,0,0.0,1312.0,0,1
152.16,135.97,57,59,25,1,2.0,1184.0,0,1
1587.13,1406.82,71,79,27,5,2.0,1406.82,1,3
224.56,218.48,64,47,13,0,1.0,218.48,3,0
1304.76,1243.49,46,116,11,5,3.0,1243.49,1,3
537.93,371.76,52,99,2,1,1.0,371.76,2,2
358.52,332.59,41,62,17,5,5.0,332.59,0,0
773.61,698.97,50,70,28,1,4.0,698.97,0,1
241.95,182.52,44,53,15,0,0.0,182.52,0,0
270.74,206.34,82,64,14,5,4.0,206.34,3,0
783.72,597.64,59,78,29,0,2.0,597.64,0,0
318.88,252.23,85,53,11,5,0.0,252.23,3,0
388.47,325.01,57,67,8,1,5.0,325.01,3,0
408.31,331.93,72,57,16,2,5.0,331.93,0,0
136.19,130.68,34,54,16,2,2.0,1089.6666666666667,0,1
307.48,258.06,86,66,14,0,1.0,258.06,0,0
281.02,251.48,64,70,7,0,1.0,251.48,3,0
506.25,415.45,60,57,5,0,1.0,1312.0,3,1
338.76,333.61,66,69,11,1,2.0,1178.0,3,1
2833.21,1752.85,56,82,3,1,0.0,997.0,1,3
502.46,454.17,3,58,10,3,1.0,454.17,3,3
424.83,343.28,56,62,13,2,1.0,343.28,3,0
554.86,444.9,21,82,28,0,3.0,886.0,0,0
479.66,455.96,36,62,6,5,4.0,455.96,3,0
99.97,91.28,84,61,17,0,6.0,1095.0,0,0
679.0,618.67,71,64,9,5,2.0,618.67,3,3
280.48,172.17,72,101,6,0,2.0,997.0,2,2
337.66,260.54,22,60,25,0,2.0,260.54,0,0
686.47,550.94,80,80,23,1,3.0,1766.0,0,1
430.22,419.03,70,59,23,3,2.0,891.0,0,1
698.35,539.8,44,59,5,1,2.0,539.8,3,3
447.52,380.54,52,64,4,3,1.0,380.54,3,0
515.43,434.03,68,64,16,1,2.0,1049.0,0,1
2957.86,2060.05,70,88,0,5,4.0,2060.05,1,3
732.75,667.76,24,55,7,5,2.0,942.6666666666666,3,3
471.63,440.58,61,63,22,5,6.0,813.0,0,0
658.93,601.43,62,67,18,0,3.0,883.0,0,1
1772.3,1766.62,25,76,26,5,5.0,1322.0,1,3
461.69,371.76,50,106,27,1,2.0,371.76,2,2
138.03,109.78,36,69,2,5,2.0,1049.0,3,0
191.12,163.35,31,92,4,1,1.0,940.0,2,1
146.86,111.52,72,65,26,5,3.0,111.52,0,0
534.96,194.27,25,109,4,5,3.0,1014.0,2,2
292.3,224.57,47,65,28,5,3.0,224.57,0,0
703.03,613.53,39,61,13,3,0.0,1095.0,3,3
759.21,693.81,51,52,23,2,3.0,1184.0,0,1
219.47,170.68,49,49,29,1,4.0,170.68,0,0
371.21,286.25,44,67,20,3,5.0,286.25,0,0
747.28,602.02,48,63,16,2,4.0,891.0,0,3
591.85,363.4,94,79,5,0,3.0,940.0,3,1
464.12,427.72,79,68,2,0,2.0,2782.0,3,1
1311.28,1183.2,30,59,12,3,3.0,308.5,1,3
414.33,379.19,63,64,20,0,3.0,1089.6666666666667,0,1
539.15,433.45,42,70,9,3,4.0,1184.0,3,0
1119.94,1021.6,19,73,16,0,5.0,997.0,1,3
803.18,699.73,75,76,3,2,0.0,1214.0,3,1
348.35,309.47,49,71,3,3,1.0,309.47,3,0
151.89,126.63,42,61,12,5,2.0,126.63,3,0
204.01,179.37,36,53,16,1,3.0,179.37,0,0
716.46,602.76,30,67,15,2,7.0,602.76,3,3
472.55,406.64,36,72,2,2,1.0,997.0,3,1
2560.3,1003.1,36,55,5,2,4.0,1003.1,1,3
356.46,281.35,91,66,16,0,3.0,281.35,0,0
245.51,190.54,75,58,22,5,1.0,883.0,0,1
676.36,646.07,62,61,14,2,2.0,997.0,3,1
213.37,187.53,86,59,24,0,3.0,187.53,0,0
782.49,336.98,70,117,5,1,3.0,336.98,2,2
701.63,565.64,45,88,28,0,1.0,565.64,0,0
494.03,445.14,48,63,22,5,7.0,1312.0,0,0
445.76,391.38,33,60,3,5,3.0,391.38,3,0
572.41,462.81,41,74,13,2,4.0,462.81,3,0
228.9,172.47,41,78,3,5,1.0,883.0,3,0
255.71,223.77,21,71,17,5,4.0,223.77,0,0
216.7,197.55,51,71,24,3,0.0,942.6666666666666,0,1
467.04,374.11,49,68,10,2,4.0,1014.0,3,0
359.18,355.74,55,65,4,1,3.0,1312.0,3,1
379.74,285.74,48,58,18,0,5.0,285.74,0,0
864.69,780.0,1,50,11,3,0.0,780.0,3,1
441.8,406.41,48,60,29,0,1.0,883.0,0,1
707.94,678.54,48,64,14,0,4.0,704.3333333333334,3,0
249.24,220.29,44,56,24,1,0.0,942.6666666666666,0,1
1314.05,538.71,49,57,3,1,1.0,1089.6666666666667,1,3
990.86,812.05,42,107,25,2,3.0,812.05,2,2
738.37,577.2,51,60,8,2,4.0,308.5,3,3
577.12,438.64,57,58,5,0,3.0,438.64,3,3
189.27,169.46,69,67,16,3,1.0,1014.0,0,1
236.07,234.87,55,64,6,5,4.0,234.87,3,0
719.08,702.52,38,79,18,0,2.0,702.52,0,1
241.49,217.82,36,70,13,0,2.0,217.82,3,0
1397.77,1228.74,34,57,8,3,1.0,1014.0,1,3
506.41,453.7,88,56,26,1,4.0,1214.0,0,1
765.48,751.43,58,53,12,3,1.0,751.43,3,3
188.77,165.11,33,59,19,0,5.0,165.11,0,0
501.06,420.42,64,64,23,2,5.0,1184.0,0,0
341.27,261.34,71,69,8,5,4.0,2782.0,3,0
152.73,151.34,32,50,21,1,5.0,1184.0,0,0
341.71,329.26,45,77,23,5,1.0,329.26,0,0
574.49,375.83,50,55,3,0,0.0,1049.0,3,1
326.08,322.55,52,69,26,2,3.0,1049.0,0,1
295.83,240.0,83,59,7,2,2.0,240.0,3,0
1100.26,1081.72,52,60,29,2,1.0,1081.72,1,3
611.97,479.07,46,72,23,1,2.0,479.07,0,0
681.0,320.57,29,79,3,5,5.0,1322.0,3,0
453.22,412.9,62,66,9,0,2.0,412.9,3,0
523.65,237.74,88,130,4,5,2.0,237.74,2,2
209.5,185.95,81,60,8,1,5.0,1361.0,3,0
278.14,220.0,56,42,8,3,1.0,1095.0,3,1
1657.07,1409.77,35,61,11,1,12.0,1409.77,1,3
440.42,416.85,60,62,24,0,2.0,416.85,0,0
321.81,192.64,16,114,0,0,2.0,192.64,2,2
823.9,350.24,50,94,4,2,1.0,1089.6666666666667,2,2
158.13,129.02,22,54,4,2,5.0,308.5,3,0
522.07,500.75,70,62,12,0,4.0,500.75,3,0
646.74,523.13,39,70,4,5,1.0,813.0,3,3
688.12,621.18,38,65,13,0,4.0,704.3333333333334,3,0
1256.93,1086.26,44,75,22,3,3.0,1184.0,1,3
1366.09,822.48,42,126,4,2,2.0,822.48,2,2
839.06,614.89,77,64,5,1,3.0,1095.0,3,1
358.51,272.2,27,79,6,3,3.0,813.0,3,3
1348.19,1243.36,52,81,10,3,5.0,1243.36,1,3
387.7,297.89,61,51,17,5,1.0,942.6666666666666,0,1
189.04,185.76,72,68,7,2,6.0,185.76,3,0
862.65,849.71,44,58,25,0,5.0,849.71,0,1
169.79,138.31,72,69,6,0,1.0,1095.0,3,1
335.49,262.1,26,63,24,1,6.0,262.1,0,0
582.98,447.87,84,62,4,3,2.0,447.87,3,1
202.52,158.65,14,83,3,2,0.0,1014.0,3,1
725.31,626.47,58,59,13,1,3.0,626.47,3,1
658.04,498.22,70,65,17,1,7.0,498.22,0,0
369.78,288.2,45,65,25,3,1.0,288.2,0,0
403.56,399.92,71,66,17,2,4.0,399.92,0,0
276.47,258.88,23,74,6,2,0.0,258.88,3,0
299.27,244.7,39,62,3,1,2.0,244.7,3,0
1798.13,1401.2,61,70,4,1,4.0,1401.2,1,3
336.76,330.7,62,48,22,2,3.0,883.0,0,1
408.55,353.21,53,67,16,3,1.0,353.21,0,0
690.7,349.95,65,50,3,0,3.0,349.95,3,0
1298.02,1201.11,48,65,4,2,4.0,1201.11,1,3
815.92,672.55,62,63,20,0,3.0,308.5,0,1
1102.69,900.48,48,58,20,2,4.0,1184.0,1,3
761.51,722.59,41,64,7,1,3.0,813.0,3,3
183.2,178.85,32,59,23,1,6.0,178.85,0,0
588.51,533.63,39,63,23,0,6.0,1184.0,0,0
336.19,273.16,45,64,10,2,4.0,273.16,3,0
832.99,766.52,47,59,9,2,1.0,766.52,3,3
443.13,354.93,78,73,5,5,3.0,2317.0,3,0
367.17,354.34,70,68,2,2,3.0,354.34,3,0
592.05,540.58,70,69,9,0,2.0,540.58,3,0
187.8,173.86,77,60,23,2,4.0,173.86,0,0
428.59,425.28,77,67,22,2,5.0,886.0,0,1
532.14,499.09,69,55,9,2,2.0,1095.0,3,1
639.56,610.93,51,67,4,0,0.0,610.93,3,3
432.01,384.59,52,79,24,3,3.0,1095.0,0,1
285.74,250.71,38,66,15,5,3.0,1014.0,3,0
258.6,210.83,55,62,8,5,6.0,1184.0,3,0
167.61,152.47,75,68,25,3,3.0,152.47,0,0
292.19,278.34,68,61,11,2,2.0,278.34,3,0
250.59,237.55,45,63,22,2,3.0,1095.0,0,1
2191.54,1459.6,34,72,5,3,2.0,1459.6,1,3
313.49,252.7,59,58,29,2,6.0,252.7,0,0
320.81,279.21,48,70,23,3,2.0,1095.0,0,1
246.77,195.89,55,67,6,0,2.0,195.89,3,0
630.92,446.52,38,78,0,2,5.0,891.0,3,3
564.18,539.81,41,106,12,0,6.0,539.81,2,2
434.62,332.67,92,68,19,5,1.0,1361.0,0,0
334.47,250.29,66,61,5,1,2.0,250.29,3,0
1022.99,450.16,52,122,5,0,1.0,1089.6666666666667,2,2
577.58,494.32,56,50,18,2,4.0,1095.0,0,1
624.46,589.86,29,58,14,3,6.0,891.0,3,3
224.6,218.07,30,74,23,3,3.0,218.07,0,0
508.47,388.15,33,80,25,1,2.0,388.15,0,0
155.65,155.1,13,60,19,3,0.0,1260.0,0,0
1011.2,377.21,79,61,5,2,4.0,1014.0,3,3
465.59,362.92,91,68,24,1,7.0,362.92,0,0
548.67,477.58,75,70,25,5,0.0,477.58,0,3
251.15,235.78,55,64,24,0,3.0,235.78,0,0
386.04,355.64,63,50,9,5,1.0,355.64,3,0
536.59,441.59,45,118,25,0,3.0,940.0,2,2
273.91,266.21,79,67,18,3,4.0,886.0,0,1
666.14,630.15,45,108,26,0,6.0,630.15,2,2
1008.42,852.63,56,76,3,3,2.0,852.63,1,3
264.86,263.09,45,56,11,3,2.0,813.0,3,1
438.74,355.74,60,64,20,5,2.0,886.0,0,0
215.92,191.15,44,69,17,1,3.0,191.15,0,0
201.54,169.08,53,69,22,5,2.0,169.08,0,0
1297.63,1042.4,47,61,9,5,3.0,1049.0,1,3
678.25,569.78,40,65,17,2,5.0,569.78,0,0
1315.24,1080.6,34,62,20,3,7.0,1095.0,1,3
295.46,242.96,40,54,19,5,2.0,308.5,0,0
229.99,217.53,92,53,11,3,2.0,1361.0,3,1
764.56,685.96,95,58,2,5,0.0,685.96,3,1
311.82,259.17,40,76,10,5,6.0,1014.0,3,0
799.15,716.05,36,61,16,5,3.0,716.05,0,3
1534.76,1504.31,13,71,26,1,2.0,750.5,1,3
281.88,235.09,67,118,25,1,2.0,235.09,2,2
315.99,251.34,46,57,11,0,3.0,1184.0,3,0
373.09,304.38,45,60,10,5,2.0,304.38,3,0
275.59,218.71,37,77,17,2,3.0,308.5,0,0
340.3,321.74,34,59,11,1,5.0,321.74,3,0
317.22,271.06,6,66,7,3,3.0,271.06,3,0
1063.16,864.42,55,61,7,3,4.0,942.6666666666666,1,3
161.94,149.94,89,70,9,1,1.0,891.0,3,1
217.04,180.82,69,71,19,0,3.0,180.82,0,0
537.62,413.59,25,65,6,2,5.0,813.0,3,3
485.15,449.18,46,68,29,0,0.0,449.18,0,0
199.67,176.76,46,56,16,1,2.0,940.0,0,1
716.72,588.99,35,65,20,3,5.0,588.99,0,0
211.85,186.27,23,53,18,2,2.0,186.27,0,0
1269.51,1090.44,73,60,25,3,3.0,1090.44,1,3
249.71,231.66,40,56,24,3,2.0,886.0,0,1
898.6,345.67,36,73,0,5,0.0,345.67,3,0
420.84,322.58,42,59,23,3,3.0,322.58,0,0
523.65,443.9,14,79,25,2,3.0,443.9,0,0
327.45,305.74,19,71,12,2,4.0,305.74,3,0
240.26,205.83,65,64,19,2,2.0,205.83,0,0
305.93,232.81,62,103,0,3,4.0,1089.6666666666667,2,2
791.51,790.3,36,82,5,5,7.0,1184.0,3,3
607.08,485.31,55,62,5,0,3.0,485.31,3,3
899.6,831.88,66,64,27,1,1.0,831.88,0,1
336.63,300.03,73,62,9,1,5.0,1766.0,3,1
498.24,379.69,33,76,21,3,4.0,379.69,0,0
454.75,431.06,53,62,23,3,2.0,431.06,0,0
308.6,99.44,41,110,5,0,0.0,99.44,2,2
428.86,358.32,39,55,19,0,1.0,358.32,0,0
313.37,299.65,40,65,8,5,1.0,704.3333333333334,3,0
1406.89,1051.06,21,67,1,0,2.0,1051.06,1,3
1629.88,1264.75,47,52,15,1,4.0,1264.75,1,3
1169.92,848.34,24,68,1,0,2.0,1322.0,1,3
316.97,316.32,50,63,16,1,4.0,813.0,0,0
1752.39,1358.89,30,63,19,0,3.0,1358.89,1,3
544.61,506.84,44,60,23,0,6.0,1312.0,0,0
770.12,704.91,45,66,19,5,2.0,1049.0,0,3
367.28,321.88,59,71,7,0,4.0,997.0,3,0
190.92,155.87,47,75,20,5,4.0,155.87,0,0
236.9,85.0,95,61,6,5,3.0,883.0,3,0
264.54,240.68,36,73,24,2,4.0,1312.0,0,0
396.33,251.49,58,77,1,1,4.0,251.49,3,0
603.83,575.06,42,65,8,2,2.0,575.06,3,3
764.48,599.1,45,66,17,3,3.0,704.3333333333334,0,3
583.92,438.81,57,62,16,1,1.0,438.81,0,1
286.78,284.92,51,60,9,2,1.0,704.3333333333334,3,1
590.16,490.6,71,64,27,5,2.0,891.0,0,0
452.3,348.04,62,60,10,5,3.0,348.04,3,0
449.35,407.19,47,58,4,2,4.0,407.19,3,3
953.91,855.36,48,54,4,2,4.0,813.0,1,3
589.62,497.46,59,77,10,2,5.0,497.46,3,3
560.58,546.72,52,60,4,3,1.0,546.72,3,3
550.41,473.98,70,51,5,1,3.0,940.0,3,1
415.92,328.85,51,72,9,1,4.0,328.85,3,0
135.72,131.78,46,63,14,2,2.0,891.0,3,1
290.51,283.01,32,73,24,5,3.0,1089.6666666666667,0,0
343.21,274.27,47,64,4,2,4.0,274.27,3,0
419.21,394.78,32,71,20,5,1.0,394.78,0,0
280.67,243.59,59,70,16,3,2.0,704.3333333333334,0,0
295.24,228.6,50,66,7,1,3.0,228.6,3,0
1277.23,433.64,52,48,0,0,4.0,433.64,3,3
816.43,756.26,13,55,12,1,1.0,381.0,3,3
535.1,448.85,53,58,23,2,2.0,448.85,0,0
1363.56,728.68,79,62,6,3,0.0,1049.0,1,1
808.33,807.21,47,58,22,3,0.0,704.3333333333334,0,3
527.35,405.67,25,73,8,2,2.0,997.0,3,3
446.17,343.27,58,95,2,3,6.0,343.27,2,2
1120.57,1102.52,53,63,28,5,3.0,997.0,1,3
405.61,370.23,47,58,14,3,1.0,370.23,3,0
402.64,323.95,45,71,9,3,2.0,323.95,3,0
350.1,281.88,25,60,16,1,2.0,940.0,0,1
461.8,454.4,61,122,25,5,5.0,1312.0,2,2
425.48,383.13,59,62,29,3,6.0,383.13,0,0
652.62,538.44,61,62,5,0,5.0,538.44,3,3
447.33,355.7,37,57,27,0,4.0,355.7,0,0
441.38,386.23,32,62,20,2,3.0,308.5,0,0
255.86,211.59,61,51,15,0,4.0,308.5,0,0
425.5,354.54,36,76,23,0,3.0,354.54,0,0
404.88,345.69,54,76,27,2,4.0,1089.6666666666667,0,1
626.66,613.13,22,75,23,1,3.0,613.13,0,0
249.22,232.36,79,62,22,5,5.0,940.0,0,1
418.61,346.61,48,54,8,0,2.0,346.61,3,0
659.57,651.74,25,64,13,5,4.0,891.0,3,3
834.85,632.31,73,62,29,2,1.0,883.0,0,1
320.68,268.21,58,53,13,2,2.0,942.6666666666666,3,1
933.83,711.61,16,110,6,5,3.0,1273.0,2,2
525.36,510.76,50,78,9,3,3.0,1014.0,3,0
278.42,244.46,57,60,29,3,2.0,244.46,0,0
295.23,293.12,43,68,27,2,6.0,293.12,0,0
652.97,581.76,59,104,12,2,3.0,581.76,2,2
380.54,334.57,70,122,4,2,1.0,334.57,2,2
474.83,417.78,66,61,13,3,4.0,417.78,3,0
850.79,791.66,76,68,26,2,3.0,791.66,0,1
342.54,276.41,44,67,28,5,2.0,276.41,0,0
581.2,472.32,40,58,29,1,2.0,472.32,0,0
632.66,483.56,87,56,13,2,2.0,891.0,3,1
421.62,318.39,44,52,17,2,4.0,318.39,0,0
1078.91,751.86,67,103,0,1,0.0,751.86,2,2
1116.19,1113.82,24,75,8,2,6.0,1113.82,1,3
188.88,183.59,55,67,11,3,2.0,942.6666666666666,3,1
171.16,147.76,42,65,25,0,1.0,147.76,0,0
1258.75,1124.44,31,66,27,2,3.0,1322.0,1,3
281.35,271.05,75,67,24,2,2.0,1014.0,0,1
492.36,408.35,74,59,28,3,2.0,886.0,0,1
384.89,261.52,72,71,6,2,1.0,1014.0,3,1
312.37,251.92,59,69,7,1,2.0,251.92,3,0
365.07,290.74,22,58,4,2,2.0,997.0,3,1
906.39,850.15,43,57,5,3,3.0,883.0,1,3
881.12,724.59,35,71,4,3,0.0,1184.0,3,3
768.58,725.94,26,71,16,0,1.0,883.0,0,1
323.51,284.84,22,63,22,1,0.0,997.0,0,1
571.05,501.32,49,70,2,3,2.0,883.0,3,1
781.46,619.56,39,58,2,0,5.0,1089.6666666666667,3,3
451.29,446.82,33,60,23,5,1.0,446.82,0,0
280.42,251.42,61,59,5,0,1.0,940.0,3,1
250.73,228.95,32,74,24,3,2.0,228.95,0,0
126.3,121.09,41,66,9,2,5.0,121.09,3,0
106.89,106.22,42,116,25,2,4.0,997.0,2,2
141.9,110.01,65,105,8,2,4.0,110.01,2,2
552.85,426.2,33,62,23,3,5.0,426.2,0,0
560.24,483.55,43,68,19,5,3.0,483.55,0,0
477.57,473.79,18,69,8,3,3.0,1260.0,3,3
296.26,252.36,29,124,16,0,5.0,1014.0,2,2
283.98,267.47,23,58,19,5,2.0,267.47,0,0
385.58,335.8,59,61,12,0,5.0,335.8,3,0
798.43,632.34,66,56,24,1,3.0,632.34,0,1
437.03,419.28,50,66,12,2,1.0,886.0,3,1
610.61,565.09,55,67,6,2,0.0,565.09,3,0
415.19,333.22,33,64,2,5,0.0,333.22,3,0
434.29,409.53,51,65,20,5,3.0,1322.0,0,0
241.03,210.6,86,58,25,2,5.0,210.6,0,0
315.46,258.03,31,78,19,2,4.0,813.0,0,0
297.65,279.46,53,65,5,0,4.0,279.46,3,0
148.75,116.14,27,118,15,5,4.0,1095.0,2,2
1119.59,1103.32,43,59,16,3,4.0,1095.0,1,3
360.91,273.77,58,69,9,1,2.0,273.77,3,0
1375.69,540.22,30,74,1,0,0.0,540.22,3,3
266.32,252.11,95,54,22,3,3.0,1766.0,0,1
467.6,417.84,45,68,8,2,3.0,1322.0,3,1
823.92,663.33,58,62,7,1,3.0,883.0,3,3
445.39,336.03,55,56,24,1,4.0,891.0,0,0
423.22,342.29,42,58,9,1,4.0,1095.0,3,0
509.3,403.48,68,67,18,0,3.0,1178.0,0,1
713.72,393.36,35,75,4,5,2.0,1322.0,3,3
489.67,387.11,30,123,16,3,5.0,886.0,2,2
923.84,868.35,56,60,12,3,6.0,1312.0,1,3
796.28,343.5,68,110,0,0,0.0,343.5,2,2
651.97,629.6,63,60,12,2,7.0,629.6,3,0
414.85,323.41,56,54,5,0,2.0,323.41,3,0
453.85,373.36,12,65,17,5,3.0,373.36,0,0
871.79,672.27,53,73,22,1,3.0,1095.0,0,1
794.27,791.35,12,58,29,3,6.0,791.35,0,0
262.63,247.64,68,58,6,1,3.0,1458.0,3,1
490.65,273.38,20,118,5,0,1.0,273.38,2,2
230.68,193.44,33,84,9,3,1.0,1322.0,3,1
157.74,127.12,44,44,23,5,2.0,886.0,0,0
208.58,198.65,24,74,24,5,5.0,198.65,0,0
482.13,416.97,42,114,14,3,0.0,416.97,2,2
1247.77,1090.61,42,55,27,0,6.0,308.5,1,0
695.72,653.86,58,73,21,5,1.0,891.0,0,3
411.9,343.22,37,103,9,5,2.0,343.22,2,2
666.17,596.29,54,74,13,1,2.0,596.29,3,1
2715.49,1508.79,36,87,1,0,2.0,1508.79,1,3
364.92,329.89,43,59,14,5,1.0,883.0,3,3
224.19,175.01,7,71,17,3,3.0,175.01,0,0
333.24,258.59,64,105,25,3,5.0,258.59,2,2
277.38,248.67,62,46,11,1,4.0,248.67,3,0
144.69,123.22,33,74,25,3,2.0,123.22,0,0
392.58,327.67,46,67,14,5,5.0,1014.0,3,0
484.42,480.94,49,60,2,5,1.0,1014.0,3,0
867.98,673.3,63,61,5,0,1.0,673.3,3,3
342.43,289.62,65,67,12,2,5.0,289.62,3,0
1004.6,986.12,24,120,29,5,3.0,986.12,2,2
390.8,330.09,39,60,21,2,7.0,330.09,0,0
1409.33,1197.98,60,72,17,3,0.0,1184.0,1,3
452.67,428.78,46,66,23,3,3.0,428.78,0,0
414.02,374.94,47,48,14,3,1.0,1014.0,3,1
803.35,791.51,60,47,6,0,3.0,1095.0,3,1
358.37,326.96,53,76,8,1,3.0,940.0,3,0
250.81,212.83,45,66,6,1,6.0,212.83,3,0
175.01,135.22,36,64,6,2,8.0,813.0,3,0
754.39,598.07,63,63,23,3,2.0,1049.0,0,1
854.7,769.68,58,115,6,0,6.0,769.68,2,2
1643.97,1504.83,36,60,7,1,1.0,1504.83,1,3
497.24,428.44,1,71,28,5,1.0,428.44,0,0
250.71,242.74,70,120,5,1,3.0,886.0,2,2
473.2,365.86,34,59,26,5,2.0,365.86,0,0
281.51,253.1,36,84,3,3,4.0,253.1,3,0
1545.91,1254.69,66,69,27,5,2.0,1254.69,1,3
909.56,748.78,49,68,8,3,4.0,748.78,3,3
725.17,562.22,57,59,23,5,2.0,562.22,0,3
471.88,439.03,76,70,7,1,4.0,439.03,3,0
224.0,199.02,62,79,10,1,5.0,199.02,3,0
1006.83,885.28,53,68,17,2,4.0,883.0,1,3
544.24,507.14,42,56,12,2,2.0,507.14,3,0
378.22,313.27,86,64,9,0,5.0,997.0,3,1
924.2,869.03,64,64,19,0,1.0,869.03,1,1
265.78,242.04,88,51,20,2,2.0,891.0,0,1
527.71,475.31,34,74,21,3,1.0,475.31,0,0
214.6,193.79,18,56,7,5,2.0,193.79,3,0
312.07,305.8,41,75,10,0,1.0,883.0,3,1
1335.67,1321.22,24,64,13,2,6.0,1089.6666666666667,1,3
729.06,567.15,39,59,20,3,1.0,942.6666666666666,0,3
308.6,277.02,61,69,29,0,2.0,1322.0,0,1
729.46,557.88,43,56,14,3,2.0,1049.0,3,3
902.77,756.27,38,74,16,1,1.0,756.27,1,1
1745.44,1322.97,22,58,27,5,2.0,1322.97,1,3
102.21,81.08,42,83,22,5,1.0,704.3333333333334,0,1
367.3,306.95,70,50,15,0,3.0,940.0,0,1
572.32,475.82,65,59,17,5,1.0,1049.0,0,1
392.83,322.5,39,56,13,0,4.0,942.6666666666666,3,0
885.66,608.06,43,74,4,0,1.0,886.0,3,3
1422.72,488.82,55,66,4,5,3.0,488.82,3,0
228.59,171.7,29,67,6,5,4.0,886.0,3,0
286.87,231.36,63,66,29,0,5.0,231.36,0,0
368.4,277.78,54,63,22,5,4.0,277.78,0,0
571.07,555.49,81,56,7,0,0.0,555.49,3,0
412.83,359.51,30,69,10,1,3.0,942.6666666666666,3,1
615.63,584.39,1,61,7,5,7.0,584.39,3,3
403.39,375.05,64,60,18,3,4.0,308.5,0,0
379.89,368.17,53,75,14,1,5.0,940.0,3,0
393.97,321.33,45,55,15,2,1.0,321.33,0,0
260.0,227.94,25,79,27,0,2.0,227.94,0,0
342.05,274.25,54,74,12,3,5.0,274.25,3,0
426.03,391.4,66,108,15,3,2.0,391.4,2,2
206.98,205.93,53,68,11,5,4.0,997.0,3,0
272.28,236.11,43,74,18,0,3.0,236.11,0,0
204.08,154.03,36,65,28,2,5.0,154.03,0,0
851.29,558.45,57,66,5,1,1.0,558.45,3,1
301.31,245.47,32,59,22,0,3.0,245.47,0,0
1692.18,1545.03,33,74,29,3,4.0,940.0,1,3
357.94,307.36,50,66,3,1,4.0,307.36,3,0
249.06,190.97,31,62,27,3,2.0,190.97,0,0
176.56,157.23,46,67,21,1,1.0,157.23,0,0
588.48,457.92,34,72,3,3,1.0,457.92,3,3
1600.11,1536.38,60,55,27,2,5.0,1184.0,1,3
543.53,487.4,67,76,5,0,5.0,487.4,3,3
136.32,117.42,54,68,3,5,3.0,1089.6666666666667,3,0
217.87,208.45,56,121,12,1,3.0,704.3333333333334,2,2
463.65,352.88,59,74,23,3,3.0,352.88,0,0
204.64,194.38,62,89,3,5,2.0,194.38,3,0
707.69,612.24,56,71,21,3,3.0,891.0,0,3
324.27,261.49,44,67,6,0,4.0,261.49,3,0
725.39,635.53,37,77,22,0,4.0,635.53,0,0
364.27,352.91,48,73,4,0,3.0,352.91,3,0
928.69,744.11,58,82,27,2,3.0,744.11,0,3
353.31,321.0,34,63,17,5,2.0,321.0,0,0
729.65,712.41,75,82,13,0,4.0,712.41,3,1
712.5,602.19,77,72,20,2,1.0,602.19,0,1
316.26,252.3,68,55,8,3,4.0,252.3,3,0
494.69,375.15,56,59,23,1,4.0,704.3333333333334,0,0
508.51,440.12,76,63,12,5,2.0,1214.0,3,0
372.03,354.6,44,53,29,5,4.0,354.6,0,0
1010.13,1001.66,34,67,4,5,0.0,940.0,1,3
458.96,344.98,51,69,3,5,2.0,344.98,3,0
328.77,249.29,65,60,28,5,0.0,1766.0,0,1
389.29,335.63,60,65,17,1,5.0,1089.6666666666667,0,0
362.36,285.9,50,52,10,2,2.0,285.9,3,0
726.18,631.37,57,56,26,1,2.0,631.37,0,1
197.93,180.62,32,56,6,2,6.0,180.62,3,0
368.28,294.35,53,74,16,3,3.0,294.35,0,0
589.49,548.79,19,61,9,2,2.0,942.6666666666666,3,3
1543.19,1443.15,53,117,8,1,3.0,308.5,1,3
243.98,206.62,42,118,17,1,3.0,206.62,2,2
410.9,317.72,59,81,10,0,3.0,317.72,3,0
1391.64,640.08,21,58,6,0,4.0,1089.6666666666667,1,3
410.18,125.52,57,50,5,0,2.0,125.52,3,0
795.94,771.26,57,67,23,5,4.0,1014.0,0,3
165.51,128.1,66,74,5,1,2.0,940.0,3,1
550.47,446.9,18,65,29,1,5.0,446.9,0,0
737.01,736.22,37,72,6,0,2.0,736.22,3,3
325.62,292.3,59,82,15,0,3.0,292.3,0,0
600.32,557.93,51,65,7,5,3.0,1322.0,3,0
1043.93,1039.55,50,111,13,0,3.0,813.0,2,2
936.21,689.54,39,73,1,2,1.0,883.0,3,3
733.68,667.29,20,68,5,2,1.0,1095.0,3,3
274.14,221.17,71,54,23,3,5.0,2782.0,0,1
967.94,879.93,13,61,25,0,4.0,883.0,1,3
298.71,272.04,63,61,9,0,3.0,997.0,3,1
993.91,781.88,47,62,24,5,5.0,891.0,1,0
231.54,214.79,26,57,6,0,3.0,214.79,3,0
521.35,358.93,62,47,1,2,4.0,358.93,3,0
255.64,217.27,27,73,6,2,2.0,217.27,3,0
203.92,159.11,83,63,11,3,3.0,159.11,3,0
821.39,711.89,29,68,9,1,1.0,711.89,3,3
338.49,285.34,19,66,16,2,6.0,940.0,0,0
392.81,384.97,82,60,2,0,0.0,891.0,3,1
446.5,162.55,87,71,2,5,3.0,162.55,3,0
775.99,659.86,31,63,13,5,2.0,997.0,3,3
210.03,158.13,53,65,3,3,5.0,158.13,3,0
2843.61,2381.87,88,58,3,3,4.0,2381.87,1,3
563.41,522.53,23,62,17,0,4.0,891.0,0,0
699.03,657.65,46,68,6,2,4.0,886.0,3,3
280.16,210.94,63,65,24,2,5.0,210.94,0,0
399.12,388.43,27,65,26,1,2.0,940.0,0,1
619.88,471.65,87,74,22,3,3.0,1458.0,0,1
821.26,809.51,29,67,21,5,4.0,809.51,0,3
693.8,688.75,43,64,14,0,5.0,688.75,3,0
385.06,302.88,62,77,8,0,2.0,302.88,3,0
601.83,501.19,76,81,22,5,1.0,501.19,0,0
197.12,176.17,79,69,4,1,3.0,176.17,3,0
517.02,411.78,21,61,10,3,3.0,940.0,3,1
266.75,219.64,57,60,9,3,1.0,219.64,3,0
1800.81,1644.33,42,106,8,0,2.0,1644.33,1,3
894.69,868.99,42,65,15,3,0.0,997.0,1,3
508.38,390.89,78,65,14,2,1.0,886.0,3,1
663.66,596.59,83,51,6,0,2.0,596.59,3,0
609.02,512.03,59,50,12,3,6.0,512.03,3,0
332.77,284.14,16,64,20,5,5.0,284.14,0,0
267.78,248.14,81,59,12,0,2.0,997.0,3,1
517.78,483.95,43,61,17,2,1.0,942.6666666666666,0,3
617.57,551.8,66,58,15,2,4.0,1458.0,3,1
658.08,497.53,76,68,24,2,4.0,497.53,0,0
295.32,288.97,39,59,29,3,2.0,288.97,0,0
613.2,510.4,29,72,24,3,3.0,883.0,0,1
435.91,262.99,49,84,6,5,2.0,262.99,3,0
328.8,254.39,37,68,22,3,3.0,891.0,0,0
327.87,299.14,22,63,23,0,3.0,299.14,0,0
618.64,469.52,60,54,5,3,2.0,1312.0,3,1
468.12,409.45,77,58,14,2,1.0,409.45,3,0
418.33,382.98,27,66,19,0,1.0,704.3333333333334,0,1
464.14,377.91,41,78,26,2,5.0,942.6666666666666,0,0
663.96,500.97,58,71,17,0,4.0,500.97,0,1
1374.28,1285.31,31,72,12,2,4.0,704.3333333333334,1,3
465.98,354.21,47,57,25,1,1.0,1089.6666666666667,0,1
395.39,381.72,56,67,7,2,1.0,381.72,3,0
1407.6,489.73,56,59,6,5,1.0,997.0,1,3
102.0,78.02,65,66,19,2,4.0,78.02,0,0
909.53,890.11,65,67,8,5,3.0,890.11,1,3
656.95,655.66,38,80,23,3,3.0,891.0,0,1
558.83,552.87,21,62,23,0,5.0,1049.0,0,0
222.38,207.53,37,66,10,2,1.0,704.3333333333334,3,1
190.33,187.91,58,70,27,1,1.0,187.91,0,0
264.25,204.21,27,58,8,3,3.0,886.0,3,1
361.24,329.14,55,69,20,5,2.0,1322.0,0,0
602.73,580.96,41,60,25,0,4.0,580.96,0,1
321.36,273.68,70,62,26,3,4.0,891.0,0,1
511.57,409.65,51,65,3,2,0.0,409.65,3,0
296.59,285.12,50,102,7,5,3.0,285.12,2,2
516.4,486.98,20,56,16,0,2.0,1089.6666666666667,0,1
771.97,647.19,81,68,13,1,2.0,1014.0,3,1
296.85,249.27,92,60,15,1,1.0,2782.0,3,1
365.35,283.97,15,69,19,3,4.0,1273.0,0,0
603.28,526.71,57,59,23,5,2.0,891.0,0,3
284.79,189.36,45,58,2,1,3.0,940.0,3,1
473.02,423.54,43,55,23,2,0.0,423.54,0,0
953.49,621.37,43,59,1,5,1.0,1095.0,3,3
675.67,673.65,67,62,27,0,2.0,673.65,0,1
847.82,640.03,30,70,3,5,3.0,640.03,3,0
315.4,306.83,55,99,12,0,4.0,704.3333333333334,2,2
562.89,521.01,54,66,6,0,0.0,521.01,3,3
933.09,792.52,77,67,12,0,2.0,891.0,1,1
637.12,621.54,52,66,18,5,4.0,621.54,0,0
129.35,109.66,60,66,26,2,3.0,109.66,0,0
249.43,205.29,79,123,5,2,5.0,1049.0,2,2
305.58,289.91,50,53,27,1,5.0,289.91,0,0
1033.99,1004.79,42,65,14,1,1.0,1095.0,1,3
631.26,583.13,32,77,26,3,3.0,583.13,0,0
260.11,223.64,48,53,14,0,3.0,942.6666666666666,3,0
760.67,589.01,47,58,3,0,4.0,1322.0,3,3
801.31,667.9,41,80,29,0,4.0,940.0,0,1
382.25,287.97,60,100,1,3,1.0,1014.0,2,0
351.06,273.14,64,76,9,3,5.0,940.0,3,0
471.87,406.72,39,69,19,2,3.0,813.0,0,0
451.15,300.0,52,63,5,0,5.0,300.0,3,0
483.81,377.15,36,62,28,3,5.0,377.15,0,0
678.9,671.28,60,70,13,5,2.0,308.5,3,3
579.97,569.99,44,74,10,5,6.0,1184.0,3,3
321.52,254.8,42,61,20,1,4.0,254.8,0,0
243.12,214.96,62,65,20,3,2.0,813.0,0,1
139.16,137.01,56,61,26,3,6.0,137.01,0,0
870.26,814.86,45,60,15,3,1.0,814.86,1,3
564.12,559.28,62,66,15,3,2.0,883.0,3,1
1183.32,1140.84,47,73,18,5,2.0,1140.84,1,3
355.48,269.44,77,62,26,1,5.0,269.44,0,0
280.9,247.44,56,59,22,5,0.0,247.44,0,0
776.6,708.05,43,59,6,3,0.0,708.05,3,3
215.34,171.91,30,60,21,2,3.0,171.91,0,0
1024.01,816.51,47,72,19,2,4.0,997.0,1,3
470.04,457.06,35,84,15,0,5.0,457.06,0,0
671.6,580.6,59,59,5,5,1.0,1184.0,3,0
1050.16,999.81,75,53,26,1,1.0,1766.0,1,1
1508.51,1303.72,3,58,16,0,3.0,1303.72,1,3
530.52,355.4,39,72,3,1,2.0,940.0,3,1
360.31,307.1,44,63,13,0,1.0,307.1,3,0
178.75,144.75,52,72,2,2,2.0,144.75,3,0
1902.13,1553.4,20,62,11,5,1.0,1312.0,1,3
923.1,399.18,53,101,5,0,4.0,399.18,2,2
125.1,123.88,56,78,7,2,0.0,1014.0,3,1
416.22,328.06,21,74,13,2,0.0,940.0,3,1
521.76,477.1,22,52,3,2,3.0,477.1,3,0
908.17,684.81,41,71,18,3,2.0,891.0,0,3
1232.62,952.47,45,71,13,0,5.0,1095.0,1,3
293.31,246.82,58,79,10,3,3.0,246.82,3,0
202.12,153.98,27,117,19,2,3.0,1312.0,2,2
1072.05,655.64,38,99,3,2,4.0,1322.0,2,2
252.93,230.29,38,56,25,0,2.0,997.0,0,0
767.1,750.07,54,66,3,2,6.0,886.0,3,3
870.97,773.04,43,68,17,3,2.0,704.3333333333334,0,3
1361.13,1214.79,23,63,20,0,2.0,1214.79,1,3
85.81,78.73,53,63,3,3,3.0,78.73,3,0
560.81,472.95,31,103,8,3,4.0,1014.0,2,2
219.14,175.06,26,55,18,0,6.0,175.06,0,0
558.91,503.41,42,73,19,0,1.0,1049.0,0,1
1041.84,984.59,49,71,7,2,2.0,984.59,1,3
467.48,375.91,31,93,7,2,4.0,375.91,2,2
490.5,457.49,70,65,23,3,0.0,457.49,0,0
539.07,471.43,75,49,8,5,2.0,1178.0,3,0
76.06,61.91,23,71,27,0,4.0,61.91,0,0
857.63,725.13,68,61,19,2,0.0,725.13,0,1
386.16,337.88,1,79,3,0,2.0,1014.0,3,3
456.37,381.13,64,66,14,3,3.0,381.13,3,0
1000.61,677.37,77,69,6,0,1.0,677.37,3,1
1142.41,864.36,67,62,20,5,3.0,2317.0,1,1
503.47,410.12,44,72,20,1,5.0,410.12,0,0
220.1,180.85,48,128,24,5,3.0,180.85,2,2
312.73,263.84,61,74,21,0,3.0,263.84,0,0
503.27,426.75,71,62,23,1,3.0,426.75,0,0
658.91,521.43,70,68,28,0,5.0,2317.0,0,1
1510.98,1370.3,13,68,23,5,3.0,1260.0,1,3
277.04,256.3,46,63,27,3,3.0,256.3,0,0
442.2,412.19,16,65,4,5,4.0,412.19,3,0
637.93,568.7,40,69,22,0,3.0,568.7,0,1
608.02,471.92,3,62,8,5,1.0,886.0,3,3
904.21,372.43,68,78,6,1,4.0,883.0,3,3
369.91,369.51,67,58,6,1,5.0,2317.0,3,1
970.96,798.91,12,67,12,2,2.0,798.91,1,3
528.09,454.41,26,71,7,3,6.0,454.41,3,3
539.63,406.12,35,78,17,1,3.0,1322.0,0,1
1079.29,997.67,75,110,7,1,4.0,997.67,2,3
1250.58,832.97,44,117,4,5,4.0,940.0,2,2
379.18,316.59,43,57,9,5,1.0,316.59,3,0
677.53,639.82,44,69,29,0,4.0,639.82,0,1
1214.68,1019.3,28,56,7,0,1.0,1019.3,1,3
797.15,604.74,11,72,3,5,3.0,381.0,3,0
161.41,131.82,61,68,24,5,5.0,131.82,0,0
430.15,379.89,57,66,23,5,6.0,379.89,0,0
1725.56,1274.91,58,79,5,1,3.0,1274.91,1,3
461.47,380.09,58,76,8,0,0.0,380.09,3,0
142.37,108.78,65,68,26,3,4.0,108.78,0,0
298.75,283.29,47,61,3,2,2.0,1184.0,3,1
1496.83,1323.62,29,60,29,0,2.0,1323.62,1,3
468.16,355.15,56,71,3,2,4.0,886.0,3,0
165.87,158.62,72,61,8,0,1.0,158.62,3,0
1255.37,558.2,41,57,2,3,3.0,1014.0,3,3
424.77,323.96,25,70,11,1,3.0,323.96,3,0
417.87,406.36,27,61,12,1,2.0,997.0,3,1
427.54,337.06,53,69,22,2,1.0,704.3333333333334,0,1
289.73,281.83,67,58,20,2,1.0,1458.0,0,1
297.51,242.39,53,66,28,1,4.0,242.39,0,0
264.71,239.01,23,60,17,1,2.0,239.01,0,0
690.28,654.55,47,60,22,0,2.0,654.55,0,1
179.41,173.88,27,109,23,5,7.0,173.88,2,2
222.68,172.85,63,62,15,1,2.0,172.85,0,0
1412.03,1177.18,41,64,22,0,1.0,1177.18,1,3
1029.33,417.86,41,54,6,3,6.0,308.5,3,3
593.78,543.61,95,62,17,0,6.0,1458.0,0,1
468.64,421.46,52,63,23,0,2.0,997.0,0,1
295.11,233.43,48,60,22,0,2.0,813.0,0,1
234.06,193.8,69,71,18,0,5.0,193.8,0,0
818.51,800.09,50,66,6,2,2.0,800.09,3,3
341.76,303.02,34,100,10,1,2.0,303.02,2,2
436.51,333.52,41,53,5,3,2.0,940.0,3,1
658.88,523.33,72,60,14,5,5.0,523.33,3,0
634.59,490.23,36,65,14,1,3.0,997.0,3,0
573.08,563.14,54,105,20,5,2.0,940.0,2,2
478.92,430.4,72,64,15,5,5.0,430.4,3,0
833.28,669.82,54,58,21,1,4.0,1089.6666666666667,0,1
940.24,849.83,52,68,5,3,4.0,1049.0,1,3
619.96,601.41,51,61,12,1,0.0,601.41,3,1
603.17,593.73,17,65,24,3,2.0,886.0,0,1
348.4,264.72,88,64,20,5,2.0,264.72,0,0
599.92,593.96,47,68,21,5,1.0,1014.0,0,3
447.86,410.23,66,70,10,3,3.0,1014.0,3,0
1157.09,1049.59,47,55,2,0,4.0,1049.59,1,3
599.01,507.13,76,58,4,0,2.0,507.13,3,0
1241.21,1106.77,56,70,25,0,2.0,1106.77,1,3
216.95,179.97,21,54,20,5,0.0,704.3333333333334,0,3
398.53,385.76,48,62,2,1,2.0,1312.0,3,1
429.12,415.29,48,74,13,2,3.0,1095.0,3,1
440.15,413.19,57,55,25,0,4.0,413.19,0,0
279.72,230.35,48,56,19,2,5.0,704.3333333333334,0,0
277.85,241.71,50,58,21,5,5.0,1312.0,0,0
569.41,470.83,61,58,28,5,2.0,470.83,0,0
337.72,290.76,76,45,21,1,2.0,1458.0,0,1
385.41,342.72,1,108,23,1,2.0,342.72,2,2
614.76,540.13,61,65,19,2,3.0,883.0,0,1
458.1,361.3,79,57,8,2,2.0,2782.0,3,1
471.69,390.75,43,58,10,5,2.0,390.75,3,0
763.75,288.86,28,65,4,0,1.0,288.86,3,3
1426.3,535.58,46,46,4,1,3.0,535.58,3,3
173.32,156.42,70,51,24,2,4.0,1987.0,0,1
724.64,660.18,46,76,3,5,1.0,704.3333333333334,3,3
386.96,326.07,28,61,26,0,1.0,997.0,0,1
914.92,817.69,47,52,23,3,3.0,817.69,0,1
427.81,397.8,63,59,3,2,3.0,397.8,3,0
1622.46,981.98,47,73,6,3,5.0,883.0,1,3
285.02,233.02,54,68,20,2,3.0,233.02,0,0
267.12,236.01,60,71,2,2,1.0,886.0,3,1
420.93,202.64,39,60,4,1,0.0,308.5,3,0
1591.14,1318.81,69,68,23,2,3.0,1178.0,1,3
311.69,234.75,61,64,20,0,5.0,891.0,0,1
477.71,417.06,73,61,19,3,4.0,1095.0,0,1
232.9,189.83,85,64,21,3,5.0,883.0,0,1
370.34,322.54,53,61,14,5,1.0,322.54,3,0
481.56,475.68,58,52,15,1,3.0,883.0,0,1
467.23,459.65,50,60,19,2,6.0,1089.6666666666667,0,0
261.27,215.28,55,59,4,5,2.0,215.28,3,0
728.62,675.78,41,81,6,0,2.0,940.0,3,3
1209.38,1103.37,52,59,5,3,4.0,308.5,1,3
418.41,347.79,60,63,22,5,3.0,347.79,0,0
627.58,593.14,22,64,15,2,5.0,593.14,3,0
315.91,300.61,33,58,26,5,2.0,300.61,0,0
898.85,855.19,75,65,3,5,1.0,855.19,1,3
943.88,770.83,70,59,29,1,3.0,1987.0,1,1
318.59,315.04,26,63,6,3,5.0,315.04,3,0
565.42,455.9,25,62,19,2,3.0,455.9,0,0
271.94,251.15,55,66,20,3,0.0,1014.0,0,1
663.68,633.06,31,118,10,0,1.0,633.06,2,2
461.22,405.8,65,66,8,1,3.0,405.8,3,0
404.79,390.42,20,61,13,2,1.0,813.0,3,1
493.32,373.68,59,68,26,3,2.0,373.68,0,0
670.93,661.74,63,59,3,2,6.0,1184.0,3,0
407.48,359.52,69,62,23,3,4.0,1095.0,0,1
324.03,271.62,50,68,7,3,3.0,271.62,3,0
504.58,478.35,77,69,18,0,2.0,2782.0,1,1
950.79,769.33,5,66,26,3,6.0,769.33,0,0
658.44,466.11,60,61,2,2,0.0,466.11,3,0
451.99,391.2,41,70,21,3,4.0,391.2,0,0
212.16,166.23,64,62,23,3,5.0,1322.0,0,0
221.07,172.54,61,58,15,2,0.0,704.3333333333334,0,1
719.16,393.49,32,62,3,5,2.0,393.49,3,0
182.29,168.03,57,85,10,5,3.0,168.03,3,0
416.45,358.82,73,63,20,2,2.0,940.0,0,1
705.67,541.6,40,62,4,0,4.0,1312.0,3,3
224.52,211.46,66,77,28,0,0.0,1049.0,0,1
1021.23,832.49,38,92,17,0,0.0,1312.0,1,3
1180.97,970.06,31,55,15,0,1.0,970.06,1,3
1231.69,1139.99,20,53,14,5,4.0,1139.99,1,3
243.96,211.17,64,61,16,1,6.0,308.5,0,0
497.36,456.34,53,79,8,5,5.0,456.34,3,0
772.56,564.18,39,74,1,0,3.0,1312.0,3,3
198.34,192.77,70,112,13,2,0.0,192.77,2,2
479.93,397.16,37,74,15,2,2.0,397.16,0,0
848.88,820.56,23,80,13,5,1.0,820.56,1,3
293.78,236.16,47,74,6,5,1.0,236.16,3,0
142.05,141.25,36,67,5,3,0.0,141.25,3,0
293.9,234.9,53,67,6,2,4.0,234.9,3,0
297.08,283.49,44,49,16,3,0.0,1014.0,0,1
185.95,183.54,26,68,7,2,0.0,183.54,3,0
354.31,336.77,36,59,17,2,1.0,940.0,0,1
347.59,164.37,48,56,4,1,3.0,164.37,3,0
386.97,377.12,57,75,17,0,3.0,377.12,0,0
1397.02,779.27,51,76,4,5,3.0,779.27,1,3
898.4,509.96,32,60,0,0,3.0,940.0,3,3
837.76,701.55,53,84,16,0,3.0,997.0,1,1
645.59,639.93,88,77,8,1,4.0,1766.0,3,1
211.78,205.3,71,72,12,5,8.0,205.3,3,0
315.03,236.4,53,72,13,5,0.0,236.4,3,0
645.81,521.07,69,44,18,3,1.0,2782.0,1,1
362.17,281.21,35,72,19,2,1.0,281.21,0,0
394.9,373.99,68,69,3,1,4.0,373.99,3,0
633.66,627.54,65,67,23,2,6.0,997.0,0,0
542.95,468.98,15,66,12,3,3.0,468.98,3,3
131.13,130.52,33,66,6,1,4.0,130.52,3,0
515.89,393.98,46,63,18,3,3.0,393.98,0,0
329.08,293.85,77,69,24,2,6.0,293.85,0,0
342.83,289.34,50,58,17,3,1.0,289.34,0,0
356.72,341.51,54,61,19,1,2.0,341.51,0,0
779.72,637.17,34,71,29,3,2.0,637.17,0,1
452.52,413.95,38,68,22,2,1.0,413.95,0,0
1258.38,1111.25,18,71,20,0,3.0,1111.25,1,3
351.29,335.97,24,69,28,3,4.0,1312.0,0,0
320.8,291.59,78,60,9,3,6.0,291.59,3,0
512.64,470.19,2,70,24,0,2.0,1014.0,0,1
585.78,456.2,56,61,22,0,2.0,1184.0,0,1
953.23,402.96,39,67,1,0,0.0,308.5,3,3
272.05,152.0,35,75,3,3,0.0,891.0,3,1
162.77,147.16,68,74,21,0,2.0,147.16,0,0
379.87,189.48,42,56,2,2,0.0,189.48,3,0
667.0,569.15,59,101,7,3,5.0,813.0,2,2
584.46,506.58,51,125,5,0,5.0,506.58,2,2
179.4,175.24,15,77,15,5,3.0,175.24,0,0
779.97,493.11,81,66,3,0,7.0,493.11,3,3
574.15,476.51,38,109,4,1,1.0,476.51,2,2
290.35,125.85,45,80,5,0,4.0,125.85,3,0
941.36,421.46,35,78,2,0,3.0,1014.0,3,3
480.07,457.32,35,66,15,5,0.0,457.32,0,3
254.91,203.68,69,63,21,3,3.0,203.68,0,0
518.97,509.56,63,66,20,5,0.0,1014.0,0,1
594.78,511.77,18,61,18,0,5.0,1410.0,0,0
185.74,156.4,65,74,4,5,4.0,156.4,3,0
325.21,320.47,53,53,19,2,3.0,320.47,0,0
619.57,549.37,34,104,10,1,4.0,549.37,2,2
875.17,771.03,16,50,19,3,4.0,1410.0,1,1
836.93,718.94,43,72,17,2,1.0,718.94,0,3
254.89,226.21,47,62,20,1,5.0,1184.0,0,0
524.11,402.86,32,64,14,5,4.0,402.86,3,0
398.94,369.6,47,59,8,0,3.0,308.5,3,0
381.22,345.09,50,77,19,0,4.0,1014.0,0,0
387.65,315.58,64,50,22,5,3.0,315.58,0,0
443.1,188.07,40,66,4,0,5.0,1095.0,3,0
1152.04,373.17,45,64,1,3,1.0,373.17,3,3
409.35,327.12,71,64,29,5,4.0,940.0,0,0
148.96,141.22,33,66,8,1,2.0,141.22,3,0
334.07,322.47,65,72,18,0,4.0,1049.0,0,0
518.49,499.39,65,65,21,0,1.0,1987.0,0,1
653.66,498.67,53,65,24,2,4.0,940.0,0,1
294.17,263.66,22,50,3,5,3.0,942.6666666666666,3,1
612.85,194.8,58,76,3,1,2.0,194.8,3,0
745.28,421.33,35,58,1,1,5.0,421.33,3,0
1512.98,1088.34,75,58,6,5,3.0,891.0,1,3
338.05,270.97,25,66,13,3,1.0,270.97,3,0
610.43,603.34,34,111,25,1,2.0,1322.0,2,2
260.81,209.02,56,63,9,5,3.0,209.02,3,0
805.07,645.45,30,77,3,1,4.0,940.0,3,3
1255.77,1177.97,57,100,29,2,6.0,883.0,1,3
162.76,139.51,46,70,26,0,3.0,813.0,0,0
1197.78,1051.5,55,69,27,3,1.0,1051.5,1,3
891.93,670.82,75,118,10,5,2.0,997.0,2,2
244.01,221.95,56,60,5,0,1.0,1184.0,3,1
688.8,585.14,31,63,29,2,1.0,585.14,0,1
149.48,138.66,30,64,24,1,5.0,138.66,0,0
837.08,759.84,47,55,17,5,5.0,1014.0,1,0
560.91,481.89,36,65,10,0,2.0,481.89,3,3
3901.94,3100.79,38,56,2,2,3.0,3100.79,1,3
703.73,701.85,71,64,26,0,2.0,1766.0,0,1
336.36,273.16,25,76,8,1,1.0,1312.0,3,1
1482.6,1309.85,29,58,28,3,2.0,997.0,1,3
455.97,401.07,68,66,14,1,8.0,1987.0,3,1
741.37,716.08,93,113,13,2,1.0,1214.0,2,2
278.63,264.92,32,98,2,1,4.0,264.92,2,2
445.33,383.76,35,65,27,0,1.0,383.76,0,0
486.06,478.2,33,77,12,3,0.0,940.0,3,3
115.14,95.09,23,62,24,3,1.0,813.0,0,0
211.65,191.17,29,62,19,5,2.0,308.5,0,0
233.12,197.38,63,62,5,2,4.0,940.0,3,0
1278.86,1103.2,45,111,17,0,4.0,1014.0,2,2
2125.5,1876.24,64,62,4,3,0.0,704.3333333333334,1,3
521.3,487.82,76,67,21,3,2.0,1214.0,0,1
504.54,422.05,49,72,16,3,3.0,308.5,0,0
344.9,274.32,29,57,20,3,4.0,997.0,0,0
451.42,414.12,33,62,12,3,0.0,414.12,3,0
400.99,373.78,74,47,25,5,4.0,1361.0,0,0
660.59,587.77,54,66,11,5,2.0,308.5,3,3
505.82,313.8,29,66,0,3,3.0,313.8,3,0
228.37,196.53,18,71,11,5,1.0,196.53,3,0
225.33,212.9,40,63,15,0,5.0,817.0,0,0
1134.26,1053.22,40,71,25,5,0.0,1053.22,1,3
496.45,477.91,26,71,26,3,1.0,477.91,0,0
354.81,319.36,21,63,26,5,4.0,1095.0,0,0
651.55,541.26,59,54,26,3,0.0,541.26,0,0
200.23,175.94,43,60,28,3,3.0,883.0,0,1
195.36,149.84,27,51,6,0,3.0,942.6666666666666,3,1
297.1,256.83,49,63,13,5,1.0,256.83,3,0
343.92,265.05,73,63,13,2,3.0,883.0,3,1
1138.9,1070.3,30,65,7,3,5.0,308.5,1,3
522.65,456.84,33,66,22,0,4.0,813.0,0,0
497.22,479.67,75,99,27,5,4.0,1458.0,2,2
307.23,245.07,64,72,24,2,2.0,245.07,0,0
258.41,199.74,26,68,21,1,0.0,199.74,0,0
626.22,582.19,59,68,6,0,5.0,940.0,3,3
818.11,765.91,54,59,6,3,4.0,813.0,3,3
169.16,146.24,48,64,14,5,1.0,997.0,3,0
452.91,342.51,47,69,3,1,2.0,342.51,3,0
216.46,189.98,31,81,21,3,2.0,189.98,0,0
412.14,411.12,60,63,12,3,1.0,940.0,3,1
1088.28,976.67,34,76,5,3,4.0,976.67,1,3
221.23,174.04,64,79,12,5,1.0,942.6666666666666,3,0
514.71,497.99,57,67,19,1,2.0,497.99,0,0
240.75,236.2,48,72,18,2,1.0,940.0,0,1
280.68,279.48,63,69,5,1,7.0,704.3333333333334,3,0
284.42,213.68,50,81,8,2,1.0,213.68,3,0
163.08,159.92,32,78,6,3,3.0,159.92,3,0
827.66,717.22,39,56,7,0,5.0,717.22,3,3
418.04,397.56,57,66,27,2,2.0,397.56,0,0
788.83,572.35,39,58,2,5,1.0,1014.0,3,3
257.5,219.33,27,54,12,2,7.0,219.33,3,0
798.31,747.62,40,71,15,1,5.0,661.0,3,1
133.42,102.53,70,59,19,2,5.0,1095.0,0,0
1081.41,1010.14,95,77,18,1,5.0,1010.14,1,1
1708.77,1440.19,49,73,15,5,0.0,1184.0,1,3
782.7,629.97,70,60,23,5,4.0,1095.0,0,0
302.77,271.81,42,57,12,1,6.0,883.0,3,0
703.24,225.15,77,130,3,0,5.0,886.0,2,2
449.21,396.04,55,77,21,3,5.0,396.04,0,0
360.37,311.16,68,63,16,0,4.0,311.16,0,0
502.59,409.88,48,70,23,5,3.0,891.0,0,0
858.17,739.29,31,70,8,5,3.0,1184.0,1,3
1337.37,414.82,32,111,4,5,3.0,940.0,2,2
682.0,571.74,41,68,25,2,5.0,571.74,0,0
244.6,227.27,1,67,16,5,5.0,1260.0,0,0
342.23,305.37,51,61,25,2,2.0,1322.0,0,1
640.79,619.84,44,78,22,5,8.0,891.0,0,0
432.37,347.75,65,79,27,3,3.0,347.75,0,0
369.55,329.57,46,61,26,2,3.0,942.6666666666666,0,1
2269.57,769.92,79,74,0,3,1.0,769.92,1,3
636.07,500.93,67,52,6,2,1.0,1049.0,3,1
405.77,383.79,71,52,23,2,6.0,383.79,0,0
323.96,256.1,65,71,23,1,0.0,256.1,0,0
228.85,188.31,56,73,13,1,3.0,188.31,3,0
347.81,299.65,53,67,16,1,3.0,997.0,0,1
486.38,378.27,55,80,2,0,4.0,378.27,3,0
729.81,696.68,42,71,20,0,2.0,1184.0,0,1
1472.75,1054.16,72,68,5,5,3.0,940.0,1,3
218.76,216.93,43,70,4,3,3.0,216.93,3,0
479.68,438.98,55,61,28,1,5.0,438.98,0,0
427.04,366.44,48,76,7,0,1.0,1322.0,3,1
169.7,168.13,48,59,19,1,2.0,1014.0,0,1
1139.81,1080.34,65,82,23,3,8.0,1178.0,1,3
442.78,384.05,32,58,18,2,3.0,883.0,0,0
780.33,681.37,43,58,19,3,2.0,681.37,0,1
1013.15,930.84,48,75,23,0,1.0,930.84,1,3
542.5,459.61,31,55,23,3,5.0,459.61,0,0
335.52,306.64,1,113,21,2,3.0,1410.0,2,2
331.25,271.54,51,83,11,1,6.0,271.54,3,0
1582.47,1457.15,65,64,23,5,7.0,1457.15,1,3
189.36,181.57,46,65,26,0,3.0,942.6666666666666,0,0
689.27,615.94,22,63,9,1,3.0,615.94,3,3
556.36,553.15,79,80,15,1,4.0,553.15,3,0
504.78,401.81,52,56,24,0,4.0,401.81,0,0
487.28,481.73,34,62,15,1,2.0,481.73,0,0
897.93,839.81,67,65,27,3,5.0,839.81,0,3
501.32,485.71,31,58,15,0,1.0,485.71,0,0
156.8,141.91,20,65,9,0,3.0,1184.0,3,1
1077.21,875.09,48,70,4,1,4.0,1312.0,1,3
1012.06,894.37,36,57,22,0,4.0,1014.0,1,3
258.17,227.32,26,60,12,2,2.0,1312.0,3,1
763.61,708.65,39,119,6,0,3.0,708.65,2,2
574.59,477.6,34,66,10,0,2.0,477.6,3,3
746.36,656.83,62,78,5,2,2.0,1049.0,3,1
2493.13,2211.48,42,59,20,2,6.0,891.0,1,3
1447.34,1237.75,26,54,16,5,2.0,942.6666666666666,1,3
1086.43,1005.15,74,67,12,3,5.0,1095.0,1,3
341.54,319.6,47,59,28,0,3.0,319.6,0,0
365.53,162.32,62,111,4,1,4.0,162.32,2,2
1218.72,962.63,61,56,13,5,7.0,962.63,1,3
399.02,304.46,62,66,5,5,3.0,308.5,3,0
578.7,558.73,40,67,6,2,2.0,817.0,3,3
452.78,422.57,38,67,16,1,3.0,704.3333333333334,0,0
414.62,349.62,52,59,28,5,4.0,1014.0,0,0
1684.19,1126.32,50,117,5,3,5.0,883.0,1,3
204.85,154.93,38,74,3,5,3.0,1089.6666666666667,3,0
393.77,362.45,49,71,9,2,3.0,362.45,3,0
978.78,913.45,67,46,29,0,2.0,913.45,1,1
295.24,230.36,12,61,6,5,0.0,230.36,3,0
239.9,238.78,58,70,20,1,2.0,238.78,0,0
897.51,867.38,60,57,6,2,5.0,704.3333333333334,3,3
127.01,104.82,51,59,24,0,5.0,104.82,0,0
228.0,174.6,30,99,8,2,3.0,308.5,2,2
590.47,574.36,30,63,7,5,6.0,574.36,3,3
243.76,208.12,22,75,28,0,3.0,208.12,0,0
432.64,338.12,68,52,17,1,2.0,883.0,0,1
1793.49,1344.11,62,109,0,3,2.0,704.3333333333334,1,3
961.34,919.31,47,60,22,0,4.0,1312.0,1,1
339.62,286.2,52,65,13,5,3.0,286.2,3,0
682.95,583.36,50,62,16,3,1.0,883.0,0,3
481.33,400.94,74,68,14,1,1.0,2317.0,3,1
670.47,314.65,44,79,2,3,3.0,891.0,3,0
1083.57,1049.29,52,61,27,1,1.0,813.0,1,3
312.69,258.83,29,68,6,2,2.0,258.83,3,0
756.02,710.22,19,62,26,0,0.0,710.22,0,1
513.93,469.37,62,58,15,0,2.0,469.37,0,0
565.5,526.05,57,67,17,1,3.0,940.0,0,1
190.28,157.13,31,69,19,1,4.0,1184.0,0,0
308.54,243.54,60,64,15,5,4.0,940.0,3,0
451.43,418.0,47,57,15,3,2.0,418.0,0,0
261.24,219.15,38,69,15,3,1.0,219.15,0,0
763.6,265.0,83,111,0,3,5.0,265.0,2,2
253.6,238.99,32,75,28,2,1.0,238.99,0,0
282.16,222.3,49,53,12,0,1.0,222.3,3,0
174.32,160.07,40,69,10,5,5.0,160.07,3,0
1594.59,1361.49,35,115,3,5,4.0,1361.49,1,3
672.15,593.41,62,72,25,3,1.0,1184.0,0,1
224.04,197.71,52,65,11,5,3.0,197.71,3,0
551.8,493.49,39,67,26,5,5.0,493.49,0,0
235.65,180.03,55,97,17,2,2.0,180.03,2,2
284.53,223.67,64,60,8,0,0.0,223.67,3,0
873.97,799.01,54,67,8,0,3.0,799.01,3,3
413.28,334.99,48,70,9,2,2.0,883.0,3,1
829.05,624.37,57,106,10,1,5.0,886.0,2,2
458.41,427.79,52,74,23,2,5.0,891.0,0,0
349.39,332.82,33,60,18,2,1.0,332.82,0,0
537.52,535.84,60,60,9,3,2.0,535.84,3,1
278.6,276.27,55,69,11,3,2.0,276.27,3,0
568.45,437.21,91,71,27,0,2.0,891.0,0,1
309.24,259.38,34,82,24,3,3.0,259.38,0,0
403.49,326.79,51,51,23,1,1.0,326.79,0,0
203.09,182.33,44,81,6,5,1.0,182.33,3,0
892.12,725.85,49,51,3,3,5.0,1312.0,3,3
390.68,334.42,52,66,10,1,4.0,813.0,3,0
151.1,130.14,46,78,26,3,2.0,130.14,0,0
327.1,269.65,42,59,9,1,1.0,269.65,3,0
177.33,145.82,63,54,10,1,6.0,942.6666666666666,3,0
724.92,668.42,55,77,10,3,3.0,668.42,3,3
328.55,299.89,76,63,20,1,2.0,299.89,0,0
457.14,343.14,65,65,5,1,4.0,343.14,3,0
455.08,431.88,41,72,19,2,1.0,431.88,0,0
983.37,942.33,60,59,11,5,1.0,1049.0,1,3
803.98,721.71,47,74,22,2,5.0,1312.0,1,3
244.51,197.81,39,66,6,3,0.0,942.6666666666666,3,1
416.23,377.85,95,52,7,1,2.0,1178.0,3,1
250.9,191.83,67,68,29,3,4.0,883.0,0,1
190.16,166.92,31,69,7,2,3.0,166.92,3,0
694.72,676.35,62,64,11,1,5.0,704.3333333333334,3,3
243.74,187.9,43,52,14,5,2.0,187.9,3,0
298.26,238.81,54,70,26,2,2.0,238.81,0,0
103.47,92.22,16,65,24,1,3.0,1260.0,0,0
346.37,286.47,17,68,14,2,0.0,1095.0,3,1
508.63,502.31,50,127,11,2,7.0,502.31,2,2
235.74,232.05,51,56,14,3,2.0,232.05,3,0
708.94,541.18,78,123,28,5,3.0,1766.0,2,2
419.39,361.74,21,69,23,2,0.0,361.74,0,0
392.99,301.22,58,59,10,1,3.0,301.22,3,0
422.81,319.51,48,63,13,1,6.0,319.51,3,0
109.97,95.29,65,63,26,2,4.0,95.29,0,0
159.61,150.95,47,73,27,5,4.0,150.95,0,0
390.31,309.39,33,64,5,1,4.0,704.3333333333334,3,0
481.2,470.07,38,62,20,3,0.0,704.3333333333334,0,0
614.45,523.2,39,58,11,5,4.0,523.2,3,0
201.98,176.14,47,69,24,5,0.0,176.14,0,0
375.84,372.69,34,77,7,2,1.0,372.69,3,0
601.42,503.75,68,72,17,0,1.0,886.0,0,1
783.08,651.33,51,69,18,3,0.0,1184.0,0,3
469.24,409.59,58,63,25,3,6.0,1184.0,0,0
564.43,448.25,67,55,21,5,0.0,1049.0,0,1
954.61,589.64,39,119,2,1,7.0,589.64,2,2
470.09,449.77,72,74,21,0,2.0,449.77,0,0
747.66,593.07,56,78,2,5,2.0,1049.0,3,0
297.44,275.1,31,63,3,5,4.0,813.0,3,0
288.48,257.08,40,72,12,2,6.0,1095.0,3,0
436.6,378.54,32,71,20,0,5.0,378.54,0,0
433.16,427.42,51,71,11,3,0.0,427.42,3,0
122.69,105.73,51,55,15,3,5.0,105.73,0,0
141.16,121.41,27,123,3,2,3.0,1312.0,2,2
547.16,231.77,46,79,5,1,4.0,1312.0,3,0
268.56,247.73,47,73,25,3,4.0,942.6666666666666,0,1
119.34,106.12,94,63,3,1,4.0,106.12,3,0
377.22,370.17,58,46,24,0,4.0,891.0,0,0
579.87,456.63,23,72,4,1,3.0,891.0,3,3
283.64,254.67,49,67,9,2,3.0,942.6666666666666,3,1
656.99,616.46,39,68,26,2,4.0,616.46,0,0
189.52,162.2,30,67,15,5,2.0,1089.6666666666667,0,0
1307.78,1243.55,45,71,10,3,6.0,1243.55,1,3
719.95,667.38,31,66,25,3,2.0,667.38,0,1
264.67,157.89,45,124,4,0,3.0,940.0,2,2
533.63,464.44,87,64,25,5,3.0,464.44,0,0
651.85,552.77,89,71,17,2,3.0,552.77,0,0
856.12,654.17,44,65,4,0,4.0,654.17,3,3
82.3,79.93,58,64,7,2,2.0,942.6666666666666,3,1
326.95,302.85,77,54,11,2,1.0,302.85,3,0
283.64,273.64,35,65,13,1,2.0,940.0,3,1
285.3,273.52,27,61,8,2,6.0,1322.0,3,0
263.54,214.71,30,74,17,3,2.0,1089.6666666666667,0,1
615.61,592.83,58,66,8,3,4.0,592.83,3,0
1327.17,1098.95,34,67,16,3,3.0,1098.95,1,3
477.05,385.19,47,52,25,2,1.0,385.19,0,0
854.82,526.24,9,104,2,0,2.0,1086.5,2,2
386.29,303.78,59,58,1,0,6.0,303.78,3,0
656.51,574.28,51,69,8,5,2.0,574.28,3,0
376.85,319.91,36,71,16,3,5.0,886.0,0,0
525.65,467.2,69,57,19,1,0.0,467.2,0,1
462.86,420.56,34,65,16,0,4.0,420.56,0,0
249.73,242.29,38,56,16,3,1.0,883.0,0,1
90.25,74.23,61,58,25,2,6.0,886.0,0,0
288.89,129.61,44,121,6,0,7.0,129.61,2,2
432.57,389.63,43,60,4,0,3.0,389.63,3,0
96.72,87.16,26,65,24,1,3.0,997.0,0,0
195.87,187.91,50,59,11,1,4.0,187.91,3,0
1208.95,931.12,19,72,19,2,0.0,1095.0,1,1
360.85,275.64,28,72,3,2,5.0,704.3333333333334,3,0
377.69,316.86,41,111,19,1,1.0,316.86,2,2
406.2,358.97,66,66,19,3,1.0,358.97,0,0
247.82,188.48,41,68,9,2,4.0,188.48,3,0
697.91,588.77,32,56,4,0,4.0,588.77,3,3
616.36,518.99,64,52,21,1,4.0,518.99,0,1
413.82,373.63,53,63,23,2,8.0,997.0,0,0
233.05,185.55,24,59,15,1,2.0,704.3333333333334,0,1
521.38,495.11,55,61,12,0,2.0,495.11,3,0
242.36,191.89,75,55,2,2,2.0,1049.0,3,1
335.12,288.78,32,69,4,3,3.0,288.78,3,0
287.26,222.27,30,47,28,0,2.0,886.0,0,0
336.81,306.12,21,87,4,5,2.0,1184.0,3,3
131.41,104.1,42,58,27,2,3.0,1049.0,0,1
458.05,410.01,24,86,26,3,3.0,410.01,0,0
254.81,224.27,23,62,9,0,9.0,1312.0,3,0
491.53,414.0,68,65,9,1,5.0,414.0,3,0
660.94,497.85,41,64,23,2,5.0,497.85,0,0
618.4,544.4,48,65,29,0,4.0,544.4,0,1
393.13,322.24,49,66,22,2,0.0,322.24,0,0
939.76,783.57,40,68,16,2,1.0,783.57,1,3
2277.86,2015.68,62,66,25,1,2.0,2015.68,1,3
2007.33,1608.0,67,62,17,5,3.0,1608.0,1,3
1134.2,848.54,69,65,0,5,1.0,2317.0,1,0
388.59,328.57,52,47,23,2,3.0,328.57,0,0
508.88,429.53,33,120,10,0,1.0,940.0,2,2
289.6,251.11,52,69,29,5,4.0,251.11,0,0
310.79,288.1,57,75,24,3,1.0,288.1,0,0
344.0,264.9,33,113,20,0,3.0,308.5,2,2
298.43,294.63,26,55,15,1,3.0,1089.6666666666667,0,1
247.04,189.48,46,52,27,3,2.0,189.48,0,0
478.82,236.61,1,82,2,0,3.0,236.61,3,0
475.66,367.19,47,68,4,1,5.0,367.19,3,0
448.54,388.94,33,65,9,0,2.0,883.0,3,1
613.14,509.15,37,75,25,1,1.0,509.15,0,0
369.41,282.17,34,53,29,1,3.0,282.17,0,0
513.76,409.32,52,47,8,5,1.0,883.0,3,0
387.28,331.06,47,67,27,0,1.0,331.06,0,0
1117.05,1009.08,53,72,14,2,4.0,1009.08,1,3
949.38,919.26,37,70,17,5,3.0,919.26,1,3
457.12,350.92,50,55,21,1,4.0,350.92,0,0
858.44,726.04,22,132,6,0,3.0,1014.0,2,2
295.61,248.76,45,71,6,0,4.0,248.76,3,0
403.26,212.73,49,64,6,0,0.0,212.73,3,0
466.22,420.63,57,125,14,5,1.0,940.0,2,2
334.26,313.65,38,61,6,5,6.0,942.6666666666666,3,0
1436.46,1407.88,26,78,14,1,2.0,886.0,1,3
120.23,107.4,62,72,11,5,2.0,1089.6666666666667,3,0
616.19,537.02,19,64,2,3,1.0,537.02,3,3
1985.81,1980.06,50,71,21,2,4.0,1980.06,1,3
474.31,395.93,58,61,2,1,1.0,395.93,3,0
195.2,166.42,15,72,14,0,4.0,166.42,0,0
2084.18,1648.84,33,78,27,3,3.0,1648.84,1,3
196.04,157.74,23,52,21,1,2.0,157.74,0,0
88.37,67.79,62,63,13,0,5.0,67.79,3,0
428.68,337.99,68,73,22,0,6.0,337.99,0,0
486.6,375.64,34,71,3,3,4.0,1322.0,3,0
193.03,192.34,37,88,16,0,4.0,192.34,0,0
352.93,288.33,45,62,19,0,5.0,883.0,0,0
157.99,142.79,29,54,7,5,1.0,142.79,3,0
232.26,217.99,25,52,18,1,3.0,217.99,0,0
692.95,562.82,51,69,8,3,11.0,997.0,3,0
850.92,734.46,15,53,3,2,2.0,734.46,3,3
952.33,858.36,95,49,8,5,4.0,883.0,1,3
780.4,758.38,70,67,27,3,6.0,758.38,0,3
142.92,126.53,56,61,6,1,3.0,126.53,3,0
512.08,471.9,46,76,27,2,4.0,886.0,0,0
1256.02,1036.11,23,70,5,2,4.0,1036.11,1,3
779.66,688.78,75,57,15,3,3.0,688.78,3,1
526.71,466.13,77,72,21,0,3.0,1014.0,0,1
443.62,344.98,40,50,29,2,4.0,1089.6666666666667,0,1
1192.79,1187.44,38,82,26,3,3.0,997.0,1,3
663.52,622.0,35,50,12,0,2.0,622.0,3,1
355.11,351.38,32,60,21,2,3.0,351.38,0,0
800.92,664.86,20,76,29,2,1.0,664.86,0,1
786.33,620.24,37,71,15,0,3.0,308.5,0,0
122.11,101.76,66,58,17,1,5.0,101.76,0,0
202.47,182.51,59,63,24,3,2.0,182.51,0,0
212.56,211.28,71,73,3,1,2.0,211.28,3,0
838.52,499.16,56,57,4,0,3.0,942.6666666666666,3,3
722.93,686.11,62,70,15,0,3.0,704.3333333333334,3,1
409.06,390.31,41,62,21,3,2.0,940.0,0,1
265.74,217.18,26,67,19,0,1.0,704.3333333333334,0,1
343.63,276.26,38,71,2,3,1.0,276.26,3,0
1029.66,882.27,36,60,10,0,3.0,882.27,1,3
728.73,702.69,39,71,17,2,3.0,702.69,0,3
188.51,150.27,43,95,24,0,3.0,150.27,2,2
727.95,637.47,49,64,19,3,3.0,1095.0,0,1
219.8,165.74,63,63,24,0,0.0,165.74,0,0
164.69,157.93,26,77,10,3,1.0,157.93,3,0
967.95,901.99,74,66,12,1,4.0,901.99,1,1
424.21,414.99,48,76,15,1,5.0,891.0,0,0
318.81,305.25,41,71,5,1,3.0,305.25,3,0
359.44,342.96,78,52,3,3,5.0,342.96,3,0
324.71,250.21,84,70,27,3,1.0,891.0,0,1
1057.9,972.8,65,58,12,1,0.0,972.8,1,3
884.45,757.15,38,62,16,1,3.0,757.15,0,3
420.26,367.89,46,59,9,5,0.0,367.89,3,0
231.34,191.48,69,71,6,1,3.0,1766.0,3,1
276.63,249.77,67,67,23,2,0.0,1361.0,0,1
1082.54,962.32,26,81,25,2,1.0,962.32,1,1
649.37,613.75,44,67,17,1,3.0,613.75,0,1
525.9,419.08,60,56,6,1,1.0,886.0,3,1
472.7,453.35,57,63,28,5,1.0,453.35,0,0
389.0,313.8,63,67,25,1,2.0,313.8,0,0
389.03,351.91,44,60,8,2,3.0,886.0,3,1
345.43,313.71,38,59,21,2,2.0,883.0,0,1
828.69,811.5,18,59,6,0,1.0,891.0,3,3
1049.11,952.96,45,89,12,2,1.0,952.96,1,3
491.94,468.81,60,70,23,0,7.0,468.81,0,0
966.2,847.12,43,59,19,0,2.0,847.12,1,1
479.78,378.56,31,76,26,0,2.0,378.56,0,0
544.04,488.29,55,72,14,2,1.0,488.29,3,1
252.53,204.35,50,66,19,1,1.0,204.35,0,0
560.22,509.76,2,56,22,3,4.0,509.76,0,0
265.11,219.74,57,75,26,1,3.0,219.74,0,0
1079.12,840.21,54,63,10,2,2.0,886.0,1,3
1137.59,957.74,24,68,12,3,1.0,957.74,1,1
865.82,716.77,54,69,13,0,0.0,891.0,3,3
314.5,260.62,43,45,11,5,5.0,260.62,3,0
1510.78,1445.8,43,111,9,0,2.0,1095.0,1,3
345.17,280.26,27,49,27,2,4.0,997.0,0,0
1330.51,1312.8,54,58,10,2,1.0,1312.8,1,3
270.8,225.72,59,76,7,3,2.0,225.72,3,0
245.79,229.73,37,60,13,0,4.0,940.0,3,0
1263.4,510.8,57,65,1,5,0.0,997.0,3,3
695.48,604.74,79,71,22,1,3.0,604.74,0,1
158.77,136.97,49,58,7,3,3.0,1095.0,3,1
585.04,447.99,58,57,11,3,3.0,447.99,3,0
783.65,625.15,24,116,26,1,5.0,813.0,2,2
335.79,187.3,39,61,3,5,4.0,187.3,3,0
740.22,633.5,30,52,11,3,3.0,813.0,3,1
240.35,189.73,42,55,20,0,3.0,189.73,0,0
546.46,346.68,26,104,1,5,1.0,346.68,2,2
658.89,241.26,53,70,3,3,1.0,942.6666666666666,3,1
216.85,190.71,7,121,11,1,2.0,190.71,2,2
1002.57,967.47,60,57,22,1,0.0,967.47,1,3
597.52,534.46,39,65,18,1,1.0,534.46,0,1
300.07,256.32,38,57,6,5,5.0,256.32,3,0
300.73,274.5,23,89,5,5,5.0,274.5,3,0
321.01,303.7,57,56,17,3,2.0,886.0,0,1
624.94,573.51,32,90,6,1,0.0,573.51,2,2
286.75,235.09,61,115,23,0,3.0,940.0,2,2
273.49,223.93,56,58,27,5,0.0,891.0,0,0
398.95,387.67,55,53,20,2,2.0,387.67,0,0
341.19,319.93,46,62,23,0,0.0,319.93,0,0
723.19,643.03,64,85,3,1,2.0,308.5,3,0
775.76,749.21,45,65,23,2,4.0,749.21,0,3
295.0,259.4,33,54,8,2,3.0,259.4,3,0
329.6,295.38,72,71,27,1,2.0,295.38,0,0
814.6,730.96,37,90,9,0,1.0,1095.0,2,3
582.65,516.35,37,71,23,3,2.0,516.35,0,0
156.52,124.21,67,69,6,5,5.0,124.21,3,0
659.83,585.48,71,75,4,2,7.0,585.48,3,3
1035.56,825.19,41,65,27,3,2.0,825.19,1,3
389.03,387.01,77,72,17,0,3.0,883.0,0,1
791.2,599.81,19,83,27,1,2.0,599.81,0,1
615.85,311.05,7,46,0,0,1.0,1049.0,3,1
563.85,489.97,42,70,9,2,3.0,883.0,3,3
411.99,344.79,21,61,20,2,1.0,344.79,0,0
270.85,242.97,42,79,25,0,5.0,242.97,0,0
156.85,154.45,42,50,26,1,2.0,154.45,0,0
743.97,683.4,24,67,12,1,2.0,683.4,3,3
577.29,490.46,50,67,5,2,3.0,1184.0,3,1
116.67,101.25,36,103,15,3,2.0,101.25,2,0
827.01,706.96,30,69,27,5,5.0,706.96,0,0
800.09,634.21,47,59,10,0,2.0,634.21,3,3
311.27,279.88,17,69,25,1,3.0,594.5,0,0
387.67,314.39,68,76,17,2,11.0,314.39,0,0
226.24,185.61,64,69,19,2,5.0,185.61,0,0
467.01,448.86,56,66,15,1,2.0,1184.0,3,1
1170.13,979.71,52,70,19,1,0.0,979.71,1,3
371.98,318.9,25,68,3,3,3.0,1014.0,3,0
461.48,413.29,64,66,11,2,5.0,940.0,3,0
997.54,962.73,68,74,11,2,3.0,962.73,1,3
640.96,486.92,29,68,19,1,3.0,486.92,0,0
989.94,937.66,47,62,23,1,3.0,1095.0,1,3
809.67,633.97,59,47,3,3,2.0,633.97,3,0
212.56,165.07,58,59,4,5,3.0,165.07,3,0
320.29,314.92,53,88,3,3,2.0,1095.0,3,0
941.43,906.56,31,61,11,0,5.0,883.0,1,3
149.38,119.96,49,61,23,0,4.0,997.0,0,0
228.55,223.61,95,129,7,3,1.0,223.61,2,2
405.54,396.98,52,61,26,1,3.0,1322.0,0,1
1180.54,734.55,44,66,0,5,3.0,1049.0,1,3
387.61,325.95,29,55,27,0,3.0,813.0,0,0
218.45,184.71,35,56,16,3,1.0,184.71,0,0
743.1,390.88,36,106,3,3,2.0,1089.6666666666667,2,2
329.17,248.42,25,71,4,2,2.0,248.42,3,0
62.71,50.35,52,66,9,3,3.0,50.35,3,0
608.82,561.32,39,50,13,5,1.0,561.32,3,3
686.89,680.43,39,70,4,3,0.0,308.5,3,3
540.62,455.51,48,54,3,2,1.0,455.51,3,0
176.86,173.63,95,60,17,3,3.0,1987.0,0,1
940.38,885.32,39,74,10,1,3.0,885.32,1,3
409.57,384.23,15,77,18,2,2.0,997.0,0,0
270.11,247.53,53,89,28,1,4.0,247.53,0,0
372.43,349.01,53,56,29,2,4.0,891.0,0,1
291.25,220.76,72,63,18,3,6.0,1049.0,0,0
375.52,286.82,44,55,23,5,4.0,286.82,0,0
187.96,174.29,66,61,13,3,1.0,174.29,3,0
433.14,395.53,63,56,2,3,0.0,395.53,3,0
315.14,303.87,64,56,4,0,6.0,942.6666666666666,3,0
515.61,388.39,35,102,2,2,3.0,388.39,2,2
535.27,430.14,54,67,21,1,6.0,1095.0,0,0
397.8,377.05,61,71,29,1,3.0,1089.6666666666667,0,0
375.07,361.79,60,69,7,2,3.0,1322.0,3,1
93.0,76.32,84,54,17,5,2.0,76.32,0,0
1331.2,480.74,48,60,4,1,7.0,480.74,3,3
680.82,571.54,37,66,9,5,0.0,942.6666666666666,3,3
164.92,126.63,42,75,11,5,2.0,1095.0,3,0
391.58,305.6,34,73,20,5,3.0,813.0,0,0
674.8,557.17,84,124,11,2,1.0,557.17,2,2
260.79,255.11,44,73,12,2,1.0,255.11,3,0
310.84,264.48,74,84,8,1,2.0,1095.0,3,2
375.26,353.47,75,55,6,0,2.0,353.47,3,0
60.21,53.09,38,70,21,2,1.0,53.09,0,0
681.93,301.12,55,64,5,5,1.0,301.12,3,0
282.1,231.1,95,73,6,1,4.0,231.1,3,0
106.92,83.59,81,49,8,2,7.0,83.59,3,0
404.64,376.85,68,72,16,3,5.0,376.85,0,0
426.98,362.92,70,64,2,3,2.0,362.92,3,1
272.85,263.39,35,67,24,3,3.0,263.39,0,0
365.27,275.18,37,63,9,2,3.0,1014.0,3,1
423.53,409.82,40,70,4,2,2.0,942.6666666666666,3,1
1035.92,1011.83,22,67,23,0,0.0,997.0,1,1
541.27,163.31,24,114,5,1,0.0,1312.0,2,2
451.33,355.79,52,68,22,2,3.0,891.0,0,1
539.84,521.96,60,76,2,0,2.0,1014.0,3,3
170.63,165.01,20,57,6,2,2.0,1184.0,3,1
423.11,394.28,48,66,4,1,5.0,394.28,3,0
425.3,404.25,33,63,10,3,5.0,883.0,3,3
969.06,807.49,20,67,8,3,5.0,807.49,1,3
2120.08,1630.82,51,67,24,5,4.0,1630.82,1,3
194.03,155.62,47,64,26,3,0.0,1322.0,0,1
551.28,511.91,27,62,11,1,1.0,886.0,3,1
1050.6,811.5,33,57,19,0,6.0,942.6666666666666,1,3
475.61,452.59,75,49,15,3,1.0,452.59,0,3
827.72,806.19,50,69,27,2,4.0,940.0,0,3
508.44,454.49,59,66,4,2,5.0,308.5,3,0
1071.99,899.71,32,62,20,1,0.0,899.71,1,3
802.17,794.52,35,73,28,2,7.0,794.52,0,0
568.99,476.02,56,93,17,0,5.0,476.02,2,2
350.28,328.99,55,70,9,2,5.0,940.0,3,0
120.39,108.69,28,62,5,1,3.0,704.3333333333334,3,1
387.11,297.4,61,84,17,2,2.0,297.4,0,2
670.75,652.38,56,69,29,3,4.0,652.38,0,1
212.83,179.17,60,56,7,3,3.0,179.17,3,0
570.86,550.45,60,72,9,5,1.0,940.0,3,0
1528.63,1193.35,45,80,19,0,7.0,1184.0,1,3
776.46,721.96,38,55,16,1,3.0,813.0,0,3
410.71,369.96,56,47,27,1,2.0,369.96,0,0
526.84,434.39,68,69,5,1,2.0,883.0,3,1
244.37,219.43,24,68,29,3,1.0,891.0,0,1
821.79,754.72,24,71,5,3,1.0,997.0,3,3
664.81,580.3,53,67,16,3,3.0,1049.0,0,1
494.52,448.76,35,71,4,5,2.0,942.6666666666666,3,3
177.45,153.59,61,63,25,0,1.0,883.0,0,1
221.45,166.99,34,63,10,0,1.0,1322.0,3,1
242.23,189.43,57,73,11,3,2.0,189.43,3,0
290.79,286.57,58,67,20,2,2.0,1049.0,0,1
547.87,460.98,37,72,22,1,5.0,886.0,0,0
293.96,225.81,52,68,24,5,1.0,942.6666666666666,0,0
1480.15,1464.94,1,48,25,0,6.0,1095.0,1,3
885.99,750.26,30,67,15,3,2.0,883.0,1,1
1232.24,1135.34,29,117,13,0,2.0,1312.0,2,2
739.69,600.28,63,68,20,2,5.0,1312.0,0,1
609.36,590.49,70,63,7,1,2.0,1214.0,3,1
430.78,329.36,74,67,16,5,4.0,329.36,0,0
463.27,403.84,38,60,28,1,2.0,403.84,0,0
397.83,353.15,51,105,26,5,6.0,704.3333333333334,2,2
833.46,657.25,50,63,4,1,3.0,940.0,3,3
780.2,601.62,51,57,13,2,2.0,601.62,3,1
279.78,234.58,51,59,17,3,5.0,234.58,0,0
431.48,397.83,74,76,14,2,1.0,397.83,3,1
656.55,233.45,16,67,0,1,0.0,233.45,3,0
943.59,919.07,62,57,25,5,6.0,883.0,1,0
926.13,715.31,37,70,9,2,5.0,308.5,3,3
680.32,611.52,17,71,5,0,3.0,611.52,3,3
362.73,167.33,83,84,2,5,3.0,1178.0,3,0
1118.69,842.38,29,62,3,2,0.0,842.38,1,3
298.42,224.15,40,54,27,1,3.0,615.0,0,0
257.34,236.62,36,82,7,3,0.0,997.0,3,1
418.97,387.11,71,61,25,2,0.0,1987.0,0,1
760.49,594.2,36,58,24,2,7.0,594.2,0,0
291.25,220.8,61,70,16,2,3.0,220.8,0,0
622.31,530.87,59,63,10,1,7.0,883.0,3,0
293.73,272.37,68,74,14,1,6.0,886.0,3,0
323.38,295.52,38,53,24,5,2.0,295.52,0,0
1276.98,1254.08,36,57,9,3,4.0,1254.08,1,3
1056.03,499.49,60,76,4,5,5.0,499.49,3,0
1134.43,1115.21,90,66,19,3,0.0,1115.21,1,3
1865.55,1376.34,54,68,4,1,4.0,1376.34,1,3
959.93,825.7,69,56,15,5,2.0,1178.0,1,3
1039.97,1000.0,6,60,20,1,0.0,1000.0,1,1
389.56,375.27,48,62,28,2,6.0,704.3333333333334,0,0
192.19,163.46,57,67,13,2,2.0,1312.0,3,1
118.93,92.25,39,72,27,0,2.0,92.25,0,0
393.77,356.19,60,46,6,0,3.0,1095.0,3,0
885.56,747.34,66,58,13,3,4.0,747.34,3,3
574.98,554.29,86,71,25,1,0.0,997.0,0,1
322.23,299.67,15,83,18,5,5.0,299.67,0,0
177.4,152.86,30,62,29,3,5.0,940.0,0,0
92.98,74.83,60,58,16,3,2.0,74.83,0,0
130.9,124.79,21,67,10,3,0.0,1049.0,3,1
495.38,382.17,39,64,5,1,5.0,382.17,3,0
522.65,456.31,44,67,11,3,3.0,456.31,3,0
191.94,153.21,77,112,16,2,3.0,2317.0,2,1
564.29,533.11,56,60,8,3,3.0,533.11,3,0
784.67,734.01,39,73,21,0,2.0,734.01,0,1
990.07,840.43,54,58,13,5,4.0,840.43,1,3
685.59,544.46,47,66,8,5,3.0,940.0,3,0
374.0,291.18,34,66,27,1,2.0,891.0,0,1
273.92,250.41,23,58,29,2,5.0,891.0,0,0
568.47,547.62,53,69,23,2,6.0,1184.0,0,0
274.7,237.58,66,64,28,3,4.0,237.58,0,0
300.03,290.96,88,81,17,5,0.0,1095.0,0,0
607.02,488.55,69,70,2,3,0.0,488.55,3,0
558.22,487.92,38,66,29,0,4.0,940.0,0,0
435.52,385.06,34,102,20,0,2.0,385.06,2,2
1312.73,1008.13,12,78,3,3,4.0,1049.0,1,3
1119.18,961.7,60,59,13,0,4.0,961.7,1,3
377.01,322.36,59,68,16,1,10.0,322.36,0,0
550.77,450.63,73,57,6,0,2.0,1458.0,3,1
601.49,535.29,37,67,3,2,3.0,940.0,3,3
336.44,286.64,55,62,12,5,7.0,286.64,3,0
400.16,398.33,68,70,24,3,2.0,398.33,0,0
350.66,329.54,62,70,21,3,2.0,891.0,0,1
734.75,637.08,30,71,8,0,4.0,637.08,3,3
476.18,391.88,38,73,3,5,4.0,391.88,3,0
755.27,619.38,59,43,17,5,4.0,619.38,0,0
340.92,268.75,60,66,20,0,3.0,268.75,0,0
835.82,659.25,28,75,5,0,2.0,659.25,3,3
1986.04,1087.0,21,64,0,3,6.0,1087.0,1,3
898.96,862.8,63,55,13,1,2.0,862.8,1,3
1557.9,1442.36,44,60,25,1,2.0,1095.0,1,3
475.4,417.22,33,70,18,1,5.0,417.22,0,0
609.88,529.31,36,73,13,3,3.0,813.0,3,3
439.96,334.86,36,62,3,5,0.0,704.3333333333334,3,0
1125.22,1096.93,74,106,29,2,4.0,883.0,2,2
464.28,430.81,55,66,3,5,4.0,430.81,3,0
290.28,246.24,32,61,20,1,3.0,246.24,0,0
394.1,385.72,21,57,2,0,4.0,704.3333333333334,3,0
780.32,599.14,73,47,13,2,3.0,599.14,3,1
363.88,335.99,49,60,8,1,3.0,1049.0,3,1
233.15,224.02,62,48,10,2,1.0,224.02,3,0
406.01,369.04,70,77,13,0,1.0,2317.0,3,1
373.74,350.51,75,49,18,3,4.0,350.51,0,0
256.94,215.72,57,55,6,2,2.0,215.72,3,0
342.53,264.96,42,68,20,1,1.0,264.96,0,0
178.19,172.0,89,59,21,1,5.0,172.0,0,0
930.39,758.97,20,52,12,1,5.0,1184.0,1,3
353.39,315.58,57,74,15,0,2.0,315.58,0,0
1152.01,1119.85,78,103,2,2,3.0,1119.85,1,3
967.91,909.43,41,60,3,0,4.0,883.0,1,3
377.8,283.71,37,69,18,1,2.0,940.0,0,1
386.22,345.29,75,54,15,5,2.0,345.29,3,0
210.52,194.58,38,69,5,5,4.0,883.0,3,0
225.64,200.32,77,71,8,5,4.0,1178.0,3,0
97.87,85.24,66,55,7,3,5.0,85.24,3,0
125.26,99.06,60,55,6,3,5.0,99.06,3,0
234.54,185.63,2,60,27,0,1.0,1049.0,0,1
350.25,301.61,39,64,27,0,5.0,1089.6666666666667,0,0
315.44,259.48,52,71,27,1,4.0,259.48,0,0
219.03,213.39,56,56,20,1,1.0,1312.0,0,1
1619.05,919.77,36,52,4,0,4.0,919.77,1,3
410.69,347.06,61,59,8,5,3.0,942.6666666666666,3,0
287.32,259.79,35,67,6,3,2.0,1095.0,3,1
738.13,588.35,51,50,11,3,0.0,588.35,3,3
374.85,326.69,37,70,9,0,6.0,1095.0,3,0
356.37,326.86,67,65,26,3,3.0,1987.0,0,1
768.35,264.94,53,119,3,1,1.0,264.94,2,2
422.91,397.13,1,59,29,3,3.0,397.13,0,0
897.17,859.19,35,117,14,0,3.0,859.19,2,2
1352.23,1158.3,59,65,21,5,5.0,1158.3,1,3
327.84,261.35,18,72,5,5,4.0,261.35,3,0
1042.55,900.85,44,70,4,2,5.0,900.85,1,3
284.94,244.62,67,99,27,2,4.0,1361.0,2,2
559.58,449.95,67,73,20,0,3.0,449.95,0,0
316.89,244.84,47,62,6,3,5.0,244.84,3,0
364.95,318.85,69,70,6,5,4.0,318.85,3,0
628.84,609.61,74,65,3,0,1.0,609.61,3,0
366.66,308.98,69,77,15,0,1.0,308.98,0,0
793.02,718.23,51,72,3,2,1.0,718.23,3,3
588.84,580.98,47,107,8,2,1.0,1184.0,2,2
643.81,609.24,34,44,18,3,2.0,609.24,0,1
161.09,156.79,27,67,11,3,3.0,156.79,3,0
713.9,670.36,64,66,27,2,0.0,670.36,0,3
1084.06,1078.36,85,100,15,5,1.0,1361.0,1,3
415.24,361.83,55,55,3,5,6.0,1184.0,3,0
739.56,558.54,81,53,19,1,0.0,1987.0,1,1
446.15,340.52,69,59,23,3,2.0,1361.0,0,1
453.87,388.45,69,79,18,5,2.0,388.45,0,0
353.28,325.57,72,69,29,5,3.0,325.57,0,0
360.12,276.56,44,67,27,3,4.0,276.56,0,0
753.27,637.11,43,55,9,1,2.0,1049.0,3,3
898.48,888.0,44,66,15,3,5.0,888.0,1,3
755.3,662.33,54,57,22,0,4.0,662.33,0,1
1595.16,972.13,55,64,1,1,2.0,813.0,1,3
583.26,481.6,53,75,20,1,1.0,1312.0,0,1
234.23,192.38,56,63,9,0,1.0,891.0,3,1
522.9,408.44,75,70,19,0,0.0,886.0,0,1
1941.93,1703.13,17,75,24,3,4.0,1703.13,1,3
1057.16,933.18,45,66,10,2,1.0,1049.0,1,3
379.36,328.42,41,64,7,0,3.0,328.42,3,0
997.04,786.91,46,69,16,5,5.0,940.0,1,3
437.37,376.71,57,80,25,2,5.0,376.71,0,0
234.7,226.89,49,115,18,5,7.0,308.5,2,2
256.02,237.15,82,66,4,3,3.0,1766.0,3,1
321.06,262.44,24,55,14,3,3.0,262.44,3,0
711.05,696.67,43,66,14,3,0.0,696.67,3,3
1120.88,864.34,47,54,17,1,0.0,308.5,1,1
1044.17,981.15,58,66,16,2,5.0,1312.0,1,3
480.84,414.08,73,75,19,1,2.0,414.08,0,0
789.31,729.16,36,60,10,3,3.0,729.16,3,3
181.06,147.58,70,63,28,3,5.0,147.58,0,0
773.27,609.24,50,76,15,3,5.0,308.5,3,3
453.43,384.17,34,62,17,1,5.0,384.17,0,0
546.16,470.33,7,61,17,0,2.0,940.0,0,1
854.27,759.03,44,64,20,2,4.0,1184.0,1,3
742.06,611.04,29,57,9,3,1.0,1095.0,3,3
825.25,797.31,34,70,29,5,2.0,1089.6666666666667,0,3
115.3,93.76,29,52,27,1,2.0,883.0,0,0
196.67,193.44,62,66,11,1,3.0,1089.6666666666667,3,1
928.23,710.47,80,71,11,5,3.0,1987.0,1,0
308.47,244.87,38,57,4,5,3.0,244.87,3,0
445.06,428.63,75,63,25,1,2.0,428.63,0,0
464.97,283.78,18,111,3,3,3.0,283.78,2,2
685.33,660.47,49,85,15,1,4.0,660.47,2,2
239.11,225.63,71,68,26,3,7.0,1214.0,0,0
797.55,770.36,53,52,25,2,4.0,997.0,0,1
1666.05,1338.6,50,105,18,1,6.0,1184.0,1,3
304.7,290.01,60,59,20,1,4.0,290.01,0,0
503.84,502.07,20,63,6,0,6.0,704.3333333333334,3,3
380.06,367.42,40,66,27,0,2.0,1184.0,0,0
413.81,332.0,37,77,26,0,4.0,997.0,0,0
632.98,515.05,24,61,9,0,3.0,515.05,3,3
582.74,510.78,36,76,15,0,3.0,510.78,0,0
123.83,121.35,82,76,23,3,3.0,121.35,0,0
598.39,359.66,39,65,5,5,3.0,359.66,3,0
218.14,168.09,53,67,7,2,3.0,1095.0,3,1
690.81,676.17,60,73,10,3,1.0,676.17,3,1
997.89,982.52,74,63,7,1,4.0,1458.0,1,1
516.27,412.83,32,60,6,3,5.0,412.83,3,0
827.24,808.22,55,51,4,2,5.0,808.22,3,3
674.32,581.4,60,78,16,1,1.0,581.4,0,1
573.69,528.48,34,73,17,3,8.0,813.0,0,3
1177.23,1123.96,68,66,25,1,4.0,891.0,1,3
761.59,575.19,52,76,29,1,4.0,891.0,0,1
2913.56,2237.79,77,113,0,1,4.0,2237.79,1,3
292.34,278.6,67,94,25,5,2.0,1049.0,2,1
1023.09,787.11,35,56,8,2,4.0,787.11,1,3
280.16,269.96,73,115,19,3,2.0,883.0,2,2
296.01,233.99,39,64,18,2,6.0,233.99,0,0
632.46,495.71,69,84,27,0,4.0,495.71,0,0
277.69,245.42,91,61,13,2,3.0,1458.0,3,1
836.21,722.05,84,60,4,5,4.0,722.05,3,3
194.57,165.7,52,61,15,1,1.0,165.7,0,0
368.3,334.54,19,68,15,2,1.0,334.54,0,0
347.89,283.1,36,58,13,0,6.0,1095.0,3,0
220.23,181.44,28,66,2,5,3.0,886.0,3,0
396.69,348.86,39,62,24,5,3.0,997.0,0,0
681.12,559.75,90,57,23,1,2.0,559.75,0,1
223.04,181.27,33,69,7,3,5.0,181.27,3,0
1662.13,1623.4,43,66,18,1,3.0,308.5,1,3
348.88,344.24,74,66,10,0,3.0,886.0,3,1
345.09,284.99,50,72,12,2,5.0,997.0,3,0
2607.73,1710.1,43,110,1,1,0.0,1014.0,1,3
798.59,753.38,35,62,24,0,1.0,813.0,0,1
741.96,632.13,58,63,3,5,1.0,632.13,3,0
827.58,800.73,62,64,3,5,2.0,940.0,3,3
97.24,88.55,68,71,11,1,7.0,2317.0,3,1
224.74,189.58,86,68,29,2,5.0,189.58,0,0
192.6,184.17,34,63,16,5,1.0,308.5,0,0
377.58,302.85,25,76,27,2,1.0,940.0,0,1
287.75,221.04,31,62,15,5,2.0,1322.0,3,0
547.71,476.27,45,54,25,0,0.0,476.27,0,1
509.25,486.0,32,100,12,1,1.0,1184.0,2,2
408.84,307.42,43,55,6,0,5.0,1095.0,3,0
370.36,299.29,33,77,10,5,4.0,299.29,3,0
723.43,544.07,44,61,7,5,4.0,544.07,3,0
458.11,292.0,19,55,1,3,7.0,292.0,3,0
355.05,269.34,56,82,29,2,0.0,1184.0,0,1
445.65,341.26,39,66,14,5,2.0,891.0,3,0
613.46,519.34,49,74,10,2,3.0,519.34,3,3
491.03,372.96,33,65,12,2,3.0,372.96,3,0
528.93,459.53,68,59,28,1,9.0,459.53,0,0
525.16,521.41,48,58,10,5,5.0,940.0,3,0
866.58,706.49,48,70,19,0,4.0,813.0,0,1
297.77,213.9,39,62,6,3,1.0,213.9,3,0
346.95,267.71,79,47,16,3,2.0,267.71,0,0
319.97,255.14,14,84,18,0,2.0,255.14,0,0
1322.08,1236.5,32,95,19,0,4.0,1236.5,1,3
1912.7,1804.09,52,66,27,0,4.0,942.6666666666666,1,3
259.31,235.75,48,58,8,3,5.0,235.75,3,0
350.58,280.8,49,67,19,3,2.0,280.8,0,0
570.3,509.42,58,62,6,2,4.0,308.5,3,0
748.24,575.72,43,67,26,1,3.0,1089.6666666666667,0,1
481.49,456.45,56,60,3,2,4.0,456.45,3,0
543.24,500.09,13,89,9,5,0.0,500.09,2,3
1232.32,974.33,56,72,29,2,7.0,974.33,1,1
159.48,143.16,26,73,26,1,4.0,143.16,0,0
408.71,386.43,42,63,24,3,2.0,1184.0,0,1
625.29,550.45,33,51,27,2,3.0,1312.0,0,1
411.39,343.4,55,63,8,2,4.0,343.4,3,0
326.59,251.74,75,57,23,5,4.0,251.74,0,0
395.18,310.18,78,42,5,5,2.0,310.18,3,0
912.38,895.31,57,76,3,2,4.0,895.31,1,3
583.79,463.21,34,57,9,3,1.0,883.0,3,3
301.3,234.06,48,64,28,0,3.0,308.5,0,0
215.49,183.59,54,52,20,3,5.0,183.59,0,0
828.71,786.02,8,69,6,5,4.0,1273.0,1,3
229.33,186.81,63,107,27,5,5.0,997.0,2,2
296.02,235.89,45,72,20,2,0.0,235.89,0,0
350.76,266.7,26,69,8,3,0.0,1312.0,3,1
504.69,414.05,60,67,23,0,1.0,414.05,0,0
338.3,321.33,78,69,5,2,1.0,2782.0,3,1
460.43,403.26,31,68,21,3,5.0,704.3333333333334,0,0
337.36,263.19,58,62,12,2,0.0,263.19,3,0
856.5,643.99,87,49,13,5,4.0,940.0,3,3
642.36,542.68,33,60,18,3,4.0,1095.0,0,1
704.79,241.67,44,66,5,3,3.0,997.0,3,0
312.84,256.6,88,71,29,1,0.0,1049.0,0,1
471.34,367.81,35,69,29,0,0.0,367.81,0,0
1103.72,1046.41,53,52,26,5,4.0,942.6666666666666,1,3
1597.35,1535.81,26,68,14,2,3.0,1535.81,1,3
254.02,240.36,41,58,9,2,2.0,997.0,3,1
275.95,237.34,39,60,12,1,2.0,942.6666666666666,3,1
400.61,327.86,31,60,3,1,4.0,1014.0,3,0
1238.27,1071.09,47,56,22,3,3.0,1071.09,1,3
372.51,344.35,74,65,22,5,2.0,344.35,0,0
1302.54,998.2,20,55,0,0,3.0,1312.0,1,3
626.55,572.64,29,77,19,3,3.0,997.0,0,1
241.17,195.04,45,64,23,0,4.0,195.04,0,0
495.4,483.59,55,51,23,3,3.0,483.59,0,0
286.59,278.86,89,74,16,1,2.0,1049.0,0,1
251.43,209.21,57,69,17,1,5.0,209.21,0,0
285.23,220.23,82,49,29,0,4.0,1178.0,0,1
215.75,175.85,37,64,2,1,3.0,175.85,3,0
538.98,501.26,23,75,16,1,2.0,501.26,0,0
376.94,356.84,68,61,7,2,7.0,1049.0,3,0
501.23,383.13,36,70,8,3,2.0,383.13,3,0
250.02,196.14,44,72,5,5,2.0,886.0,3,0
450.67,414.94,42,67,9,3,3.0,414.94,3,0
352.56,342.93,32,70,15,0,6.0,1014.0,0,0
481.65,434.39,28,44,22,1,1.0,1095.0,0,1
652.04,632.18,27,58,4,3,3.0,891.0,3,3
409.96,310.38,51,66,13,3,2.0,310.38,3,0
233.49,224.0,31,68,15,3,3.0,224.0,0,0
119.6,117.75,33,79,9,3,4.0,117.75,3,0
475.87,455.37,78,63,8,5,1.0,1766.0,3,0
368.55,320.73,67,78,23,5,5.0,1014.0,0,0
440.68,421.83,62,112,2,1,4.0,1095.0,2,2
509.2,438.28,67,63,12,1,4.0,1987.0,3,1
387.32,312.93,26,76,3,5,2.0,312.93,3,0
656.67,615.62,75,71,10,1,4.0,615.62,3,3
536.96,411.5,30,62,25,2,0.0,411.5,0,0
1632.33,1133.45,73,66,4,1,0.0,1133.45,1,3
264.91,260.61,42,58,24,0,4.0,260.61,0,0
670.07,656.28,42,64,16,2,4.0,656.28,0,0
1180.77,917.54,35,62,26,2,5.0,917.54,1,3
629.86,507.98,64,58,8,5,0.0,942.6666666666666,3,0
379.47,367.41,48,77,7,2,5.0,367.41,3,0
2176.69,1853.43,38,57,15,2,2.0,997.0,1,3
769.21,694.44,39,121,4,3,3.0,886.0,2,2
433.56,403.23,60,59,8,2,0.0,403.23,3,0
143.91,114.35,72,61,17,3,5.0,114.35,0,0
1049.54,809.31,67,53,8,5,4.0,809.31,1,3
537.25,465.79,12,71,26,0,0.0,465.79,0,1
667.77,585.95,31,66,21,5,0.0,308.5,0,3
407.44,387.7,77,70,16,3,4.0,997.0,0,1
642.38,495.0,57,76,11,5,4.0,495.0,3,0
974.8,745.15,47,67,5,2,1.0,1014.0,1,3
404.94,356.29,36,55,11,5,4.0,997.0,3,0
223.44,195.23,33,61,7,1,3.0,195.23,3,0
2145.31,1125.22,51,63,4,2,4.0,1184.0,1,3
248.2,203.93,54,62,13,1,3.0,203.93,3,0
725.68,588.64,47,63,24,5,4.0,588.64,0,0
625.49,601.31,42,62,13,5,4.0,601.31,3,0
970.54,916.8,53,62,28,3,5.0,942.6666666666666,1,3
294.17,272.3,54,76,26,5,3.0,272.3,0,0
422.47,353.08,68,82,13,5,4.0,353.08,3,0
433.5,351.09,44,71,16,2,5.0,704.3333333333334,0,0
410.14,396.91,66,55,21,0,5.0,396.91,0,0
257.78,199.29,42,73,26,1,3.0,199.29,0,0
170.44,168.76,29,69,23,2,3.0,1312.0,0,0
314.05,265.33,26,65,13,0,2.0,265.33,3,0
462.05,400.12,55,66,14,5,5.0,400.12,3,0
558.56,502.36,36,65,20,0,2.0,502.36,0,0
353.94,294.41,86,58,27,1,2.0,1178.0,0,1
546.44,469.22,23,54,4,1,6.0,704.3333333333334,3,3
235.26,202.84,50,58,17,3,3.0,202.84,0,0
89.71,72.04,47,56,7,2,3.0,883.0,3,1
490.37,367.86,63,72,16,1,2.0,1322.0,0,1
840.65,796.52,56,64,10,5,4.0,1322.0,1,0
1268.36,1188.7,6,69,25,1,5.0,1188.7,1,3
495.26,399.9,28,64,6,2,4.0,891.0,3,1
346.51,289.21,48,61,9,2,3.0,289.21,3,0
168.26,133.95,28,59,14,3,5.0,1095.0,3,0
201.23,186.13,44,88,10,0,1.0,1184.0,3,1
169.9,152.5,35,63,25,3,1.0,152.5,0,0
622.11,613.57,59,68,10,0,2.0,1049.0,3,1
220.22,189.94,60,52,23,3,2.0,189.94,0,0
244.65,213.32,95,65,6,0,4.0,213.32,3,0
295.97,244.15,61,64,22,3,6.0,1322.0,0,0
1042.86,715.13,62,64,4,1,6.0,715.13,3,3
173.62,169.49,58,58,16,0,1.0,169.49,0,0
616.17,607.71,35,67,11,2,5.0,308.5,3,0
411.75,362.48,81,83,19,2,2.0,1361.0,0,1
2031.67,1662.24,68,51,4,3,1.0,1662.24,1,3
387.67,347.15,67,62,22,5,4.0,347.15,0,0
128.16,104.77,65,60,5,0,0.0,104.77,3,0
473.67,400.28,45,58,22,1,4.0,883.0,0,0
487.28,481.24,49,63,25,0,2.0,481.24,0,0
411.84,319.09,58,59,19,1,3.0,319.09,0,0
413.86,337.53,43,62,12,5,3.0,1312.0,3,0
328.78,247.83,64,59,13,3,3.0,247.83,3,0
204.45,168.21,27,77,24,3,5.0,168.21,0,0
430.52,389.04,67,75,3,0,1.0,389.04,3,0
195.36,179.53,49,70,8,1,2.0,179.53,3,0
153.83,149.05,65,59,13,1,1.0,2782.0,3,1
137.42,117.7,60,56,16,2,3.0,117.7,0,0
557.63,539.04,46,65,2,3,0.0,539.04,3,3
645.0,539.16,35,71,28,5,3.0,886.0,0,3
665.32,555.25,37,57,21,5,1.0,1184.0,0,3
930.64,901.46,33,76,10,1,0.0,1014.0,1,3
203.64,201.0,50,68,15,3,5.0,201.0,0,0
493.39,383.41,94,82,27,0,2.0,1361.0,0,1
436.08,329.66,56,66,4,0,0.0,329.66,3,0
332.94,321.0,54,63,7,1,3.0,883.0,3,1
842.45,465.9,36,68,6,0,4.0,997.0,3,3
400.57,338.65,77,53,9,1,3.0,338.65,3,0
1629.3,1165.2,61,58,6,3,1.0,813.0,1,3
548.16,545.93,35,60,19,1,2.0,704.3333333333334,0,1
382.94,377.29,42,61,17,2,3.0,377.29,0,0
1008.92,939.61,62,82,25,2,2.0,939.61,1,3
168.47,136.09,48,66,4,3,3.0,136.09,3,0
876.06,860.38,24,64,20,1,5.0,308.5,0,0
229.63,197.9,74,61,23,3,6.0,2782.0,0,1
862.51,844.96,27,93,23,0,3.0,1049.0,2,1
227.83,222.24,56,52,10,5,4.0,1095.0,3,0
371.49,282.59,35,55,18,5,3.0,1322.0,0,0
634.06,443.32,30,52,0,0,6.0,813.0,3,3
310.45,246.71,95,56,15,0,4.0,1014.0,3,1
544.36,353.25,37,67,4,0,4.0,353.25,3,0
410.23,357.35,57,71,14,1,4.0,357.35,3,0
390.44,328.67,57,72,12,2,5.0,940.0,3,0
191.44,171.6,55,54,26,0,2.0,940.0,0,1
1776.86,1086.37,60,99,4,2,6.0,1086.37,1,3
515.12,423.91,68,64,2,2,5.0,423.91,3,0
465.39,446.94,62,63,27,5,5.0,942.6666666666666,0,0
332.94,272.27,74,62,10,1,3.0,1361.0,3,1
778.55,582.38,46,60,1,3,5.0,582.38,3,3
1222.41,986.9,37,56,23,0,2.0,704.3333333333334,1,3
614.08,534.31,58,72,28,1,2.0,891.0,0,1
486.76,445.32,54,57,24,0,4.0,886.0,0,0
608.22,600.72,45,44,8,2,5.0,600.72,3,0
362.3,350.52,30,65,29,1,3.0,350.52,0,0
402.1,330.57,50,66,29,5,2.0,330.57,0,0
1581.21,662.19,29,104,0,1,3.0,662.19,2,3
301.6,244.27,16,72,7,3,3.0,1662.5,3,0
1094.37,1046.0,25,71,9,1,4.0,1046.0,1,3
510.19,483.58,46,71,15,2,5.0,883.0,3,0
189.38,175.72,65,84,2,3,0.0,1014.0,3,1
364.41,327.21,65,77,29,3,0.0,327.21,0,0
137.97,137.37,79,65,10,3,1.0,137.37,3,0
278.21,216.53,51,79,23,3,3.0,216.53,0,0
309.26,259.36,46,81,24,1,6.0,259.36,0,0
335.48,334.82,63,56,26,5,5.0,334.82,0,0
500.29,477.51,93,65,20,1,3.0,477.51,0,0
203.64,193.26,34,65,29,0,5.0,1322.0,0,0
990.1,945.02,23,55,16,2,4.0,945.02,1,3
357.0,295.42,62,65,17,3,3.0,704.3333333333334,0,0
413.46,354.12,32,113,13,0,3.0,354.12,2,2
301.96,253.5,40,63,26,5,3.0,886.0,0,0
371.33,317.45,64,66,7,5,2.0,317.45,3,0
175.75,158.57,32,61,11,3,5.0,158.57,3,0
354.96,316.23,28,69,28,0,4.0,316.23,0,0
491.8,369.27,49,64,25,0,2.0,1014.0,0,1
503.79,438.68,41,66,28,5,2.0,438.68,0,0
344.63,316.26,60,66,23,3,3.0,316.26,0,0
395.4,354.9,42,53,28,5,6.0,354.9,0,0
142.63,111.58,48,112,22,5,1.0,1312.0,2,2
213.53,173.14,26,73,28,0,1.0,883.0,0,1
600.51,504.49,43,57,4,2,3.0,504.49,3,0
256.57,194.46,80,64,5,0,3.0,886.0,3,1
502.43,444.84,43,63,5,2,4.0,444.84,3,3
308.18,273.37,42,53,16,2,4.0,273.37,0,0
401.51,338.31,47,57,12,0,5.0,1089.6666666666667,3,0
462.34,412.34,56,49,6,3,3.0,308.5,3,0
845.18,662.52,41,55,6,2,3.0,662.52,3,3
455.73,362.49,46,71,11,0,4.0,942.6666666666666,3,0
1256.21,1195.56,44,62,5,2,2.0,1195.56,1,3
596.68,455.02,41,64,2,1,1.0,308.5,3,0
250.89,233.27,57,72,22,2,4.0,233.27,0,0
1175.15,959.35,39,90,26,5,1.0,1312.0,1,3
232.33,185.82,41,57,26,3,1.0,185.82,0,0
155.12,137.08,52,55,4,2,4.0,137.08,3,0
902.4,805.58,50,66,13,2,3.0,805.58,1,3
305.27,302.23,18,64,29,2,3.0,1662.5,0,0
614.76,610.74,55,61,13,1,2.0,610.74,3,1
175.28,137.54,63,83,21,0,2.0,704.3333333333334,0,1
462.84,350.15,48,70,24,0,4.0,942.6666666666666,0,0
1372.14,464.6,38,65,4,0,3.0,464.6,3,3
1111.75,984.19,15,61,28,3,4.0,594.5,1,0
371.58,337.98,23,62,19,5,4.0,337.98,0,0
1091.9,953.9,33,69,15,5,5.0,886.0,1,3
735.82,593.82,58,56,6,5,1.0,1089.6666666666667,3,0
533.88,413.3,66,64,19,1,2.0,2782.0,1,1
372.16,279.56,66,65,29,2,0.0,279.56,0,0
422.18,338.58,20,60,17,2,3.0,338.58,0,0
214.49,203.11,41,61,15,5,4.0,891.0,3,0
649.84,598.54,44,69,11,2,3.0,997.0,3,3
261.97,246.78,35,63,8,0,1.0,246.78,3,0
1656.15,1606.32,21,56,5,2,9.0,1095.0,1,3
1035.19,919.43,51,53,24,0,4.0,919.43,1,3
122.97,116.17,44,55,3,0,1.0,116.17,3,0
73.77,58.65,54,68,29,5,1.0,58.65,0,0
439.75,312.82,44,81,4,3,3.0,312.82,3,0
359.39,315.26,70,51,11,2,0.0,315.26,3,0
167.71,142.59,52,60,26,2,3.0,142.59,0,0
715.56,538.83,63,71,6,3,6.0,538.83,3,3
233.43,192.08,47,96,11,0,1.0,1049.0,2,1
1830.34,762.2,51,104,3,2,5.0,762.2,1,3
337.79,294.78,49,71,23,3,5.0,294.78,0,0
395.31,359.11,53,64,6,2,2.0,359.11,3,0
414.18,350.81,77,56,15,5,4.0,350.81,3,0
287.56,218.22,59,51,26,3,2.0,1014.0,0,1
801.36,684.11,26,66,10,1,3.0,684.11,3,3
1334.11,1151.57,38,101,28,1,4.0,1151.57,1,3
173.92,168.28,42,73,2,3,4.0,704.3333333333334,3,0
297.77,253.93,26,64,10,5,2.0,883.0,3,3
734.19,615.6,59,67,28,0,6.0,615.6,0,0
452.96,442.42,24,45,4,2,5.0,1014.0,3,3
206.14,164.51,40,60,29,0,3.0,164.51,0,0
303.72,230.5,95,58,25,0,2.0,883.0,0,1
312.45,303.04,62,55,20,3,0.0,813.0,0,1
441.29,370.85,73,70,28,1,3.0,370.85,0,0
350.42,316.47,95,91,20,2,9.0,316.47,2,0
345.59,278.51,50,75,9,0,2.0,278.51,3,0
233.12,188.16,51,80,23,5,0.0,188.16,0,0
927.71,914.83,45,53,11,1,3.0,914.83,1,3
757.78,579.43,49,60,18,1,4.0,1184.0,0,1
793.19,692.81,47,61,18,3,1.0,692.81,0,3
237.57,227.54,21,48,8,0,2.0,942.6666666666666,3,1
815.28,614.98,45,64,21,2,5.0,614.98,0,0
353.47,324.17,54,65,7,2,4.0,891.0,3,0
458.02,347.4,17,70,29,3,2.0,750.5,0,0
913.98,762.85,44,56,12,2,1.0,762.85,3,3
175.11,134.88,77,58,13,0,2.0,1458.0,3,1
1250.8,477.31,62,60,1,5,4.0,891.0,3,3
1204.76,830.64,64,54,4,5,6.0,1322.0,1,3
503.13,453.63,47,120,9,2,2.0,453.63,2,2
197.52,157.9,30,68,11,2,4.0,157.9,3,0
761.47,324.7,66,66,6,0,4.0,324.7,3,3
491.23,380.39,51,56,5,3,6.0,1089.6666666666667,3,0
467.4,427.09,50,63,11,5,2.0,1095.0,3,0
358.39,334.5,40,50,4,5,1.0,1089.6666666666667,3,0
544.79,528.04,52,67,18,1,3.0,997.0,0,1
640.38,616.44,76,60,2,2,2.0,616.44,3,1
719.52,709.17,81,64,14,2,5.0,709.17,3,1
958.18,753.2,33,63,0,0,5.0,1014.0,3,3
760.46,668.03,2,77,11,3,4.0,1014.0,3,1
827.39,642.45,75,127,20,2,0.0,2782.0,2,1
180.82,150.97,39,68,21,0,3.0,150.97,0,0
555.18,445.34,35,71,8,2,2.0,445.34,3,0
213.63,177.24,46,60,4,3,0.0,177.24,3,0
541.46,540.8,53,62,25,1,1.0,1095.0,0,1
258.52,220.66,66,71,6,3,2.0,1014.0,3,1
611.55,605.79,38,53,9,3,5.0,1312.0,3,3
322.19,297.84,25,50,25,2,2.0,297.84,0,0
401.53,328.24,41,63,28,0,1.0,328.24,0,0
504.83,431.77,68,61,17,3,6.0,431.77,0,0
317.05,283.27,30,78,13,0,3.0,283.27,3,0
394.65,312.94,44,71,9,5,0.0,886.0,3,0
1055.9,479.44,70,73,3,2,0.0,1014.0,3,1
970.73,950.88,47,70,9,0,2.0,950.88,1,3
236.94,225.99,44,112,15,2,2.0,1089.6666666666667,2,2
1840.65,1757.99,38,47,17,5,2.0,940.0,1,3
480.3,475.01,60,70,26,1,1.0,475.01,0,0
207.72,164.81,43,67,4,0,0.0,164.81,3,0
598.09,494.12,95,61,22,1,5.0,997.0,0,1
886.01,678.55,65,68,10,2,2.0,678.55,3,1
133.84,120.8,74,67,5,5,6.0,120.8,3,0
646.07,605.83,27,60,2,2,1.0,605.83,3,3
720.83,690.96,55,66,22,2,1.0,690.96,0,3
314.51,241.28,56,63,12,1,1.0,308.5,3,0
767.02,652.72,57,72,21,1,1.0,942.6666666666666,0,1
469.98,413.41,47,70,13,2,1.0,413.41,3,0
385.14,322.97,95,60,29,5,4.0,1458.0,0,1
266.32,226.55,37,77,9,2,5.0,226.55,3,0
325.25,299.59,51,61,24,0,2.0,1049.0,0,1
477.22,435.8,52,102,22,0,1.0,435.8,2,2
404.42,313.71,37,67,25,2,4.0,1089.6666666666667,0,0
943.1,908.42,63,73,3,5,1.0,908.42,1,3
482.23,386.01,70,124,23,0,1.0,386.01,2,2
947.3,923.49,78,73,2,5,4.0,923.49,1,3
331.42,318.18,39,71,24,2,4.0,318.18,0,0
987.03,744.57,56,79,24,2,0.0,1322.0,1,3
155.22,116.92,38,65,14,2,0.0,1322.0,3,1
666.51,518.08,91,64,10,5,3.0,886.0,3,3
350.56,196.1,48,78,4,1,0.0,196.1,3,0
306.01,257.97,64,63,4,2,6.0,940.0,3,0
437.92,208.02,46,69,3,2,3.0,1014.0,3,1
907.94,792.16,44,65,26,5,2.0,792.16,0,3
438.66,325.61,46,99,2,3,2.0,325.61,2,2
369.18,363.85,86,66,26,5,2.0,363.85,0,0
888.75,680.82,50,71,4,1,0.0,680.82,3,3
361.05,273.57,42,70,25,5,0.0,1184.0,0,0
517.68,508.49,59,75,13,5,4.0,1089.6666666666667,3,0
330.94,282.62,59,82,21,2,5.0,1089.6666666666667,0,0
386.97,306.68,43,61,28,2,4.0,306.68,0,0
236.22,188.52,53,59,13,5,2.0,188.52,3,0
574.62,527.47,28,73,25,0,3.0,1184.0,0,0
252.38,245.87,15,58,3,0,1.0,245.87,3,0
277.36,275.92,50,60,22,0,4.0,883.0,0,0
771.2,696.65,30,70,3,0,5.0,997.0,3,3
959.54,855.38,47,54,2,0,6.0,855.38,1,3
631.26,531.81,81,67,13,5,2.0,531.81,3,0
907.92,713.58,63,75,15,5,1.0,883.0,1,3
700.2,551.22,35,67,8,1,6.0,1322.0,3,3
518.97,462.46,45,50,4,0,4.0,1089.6666666666667,3,3
549.83,528.54,34,54,9,2,4.0,997.0,3,3
422.55,332.39,36,69,22,3,4.0,1014.0,0,0
437.34,384.9,53,61,24,1,2.0,384.9,0,0
442.96,364.73,52,67,26,2,0.0,883.0,0,1
535.7,468.65,42,64,4,5,5.0,468.65,3,0
432.22,389.54,47,67,26,5,3.0,940.0,0,0
621.3,617.35,68,61,10,1,1.0,1361.0,3,1
802.03,639.61,44,75,25,1,2.0,886.0,0,1
881.34,692.33,25,62,24,2,1.0,692.33,0,1
596.05,525.33,78,61,9,2,1.0,2317.0,3,1
1116.26,1029.97,67,63,20,1,1.0,1029.97,1,3
400.75,324.36,55,63,19,0,2.0,324.36,0,0
1147.85,985.06,44,68,12,0,6.0,883.0,1,3
307.78,257.04,49,57,14,0,3.0,257.04,0,0
1204.59,1011.42,63,69,4,3,3.0,1011.42,1,3
412.22,328.95,58,55,26,2,3.0,1089.6666666666667,0,1
381.22,296.71,67,73,21,2,2.0,296.71,0,0
444.47,387.43,57,73,8,1,3.0,387.43,3,0
352.4,288.07,71,76,16,1,3.0,288.07,0,0
174.74,157.76,36,50,27,5,0.0,308.5,0,0
683.19,544.95,53,54,22,3,3.0,544.95,0,0
900.14,819.29,56,63,29,2,1.0,940.0,0,3
453.4,349.93,53,64,14,3,4.0,886.0,3,0
293.68,249.08,56,60,5,1,2.0,249.08,3,0
211.99,192.07,61,69,29,1,3.0,192.07,0,0
161.63,152.34,19,76,28,5,3.0,152.34,0,0
138.74,133.22,70,51,12,1,2.0,1095.0,3,1
937.88,852.48,64,68,5,1,3.0,852.48,1,3
607.65,509.24,40,55,16,2,2.0,1095.0,0,1
170.02,142.82,46,57,11,2,2.0,142.82,3,0
327.54,283.9,68,75,20,1,4.0,2782.0,0,1
413.36,383.95,66,60,4,5,2.0,1095.0,3,1
213.11,187.53,23,78,11,0,3.0,187.53,3,0
538.46,466.23,66,63,3,5,2.0,466.23,3,3
773.7,740.93,69,55,16,0,4.0,891.0,0,1
1662.98,1653.87,92,64,16,5,1.0,1653.87,1,3
402.99,391.51,10,62,12,0,3.0,391.51,3,0
1204.2,886.65,49,57,1,2,4.0,886.65,1,3
838.99,418.91,1,70,5,0,2.0,418.91,3,3
716.36,673.86,69,70,7,3,4.0,673.86,3,0
337.18,319.71,42,77,11,3,3.0,319.71,3,0
849.48,302.36,54,66,4,1,2.0,302.36,3,0
199.06,198.06,52,68,11,0,3.0,1089.6666666666667,3,0
164.68,138.76,53,58,3,5,5.0,138.76,3,0
478.34,417.53,54,57,6,5,3.0,417.53,3,0
750.27,700.12,57,74,16,5,4.0,1312.0,1,0
103.06,92.35,63,113,3,3,3.0,92.35,2,2
246.22,184.78,84,63,19,0,3.0,997.0,0,1
683.57,274.85,53,64,6,5,3.0,704.3333333333334,3,3
126.53,108.09,51,66,9,1,0.0,891.0,3,1
438.39,409.02,58,62,25,1,3.0,704.3333333333334,0,0
237.07,231.05,30,70,9,3,2.0,1014.0,3,1
1310.56,1257.52,45,64,16,2,0.0,1257.52,1,3
901.21,657.05,42,62,6,0,2.0,308.5,3,3
460.59,422.96,30,67,28,0,6.0,422.96,0,0
349.38,298.09,17,93,21,5,2.0,298.09,2,2
261.48,239.29,51,74,22,2,3.0,239.29,0,0
493.56,408.92,34,74,3,0,1.0,997.0,3,1
1372.53,1076.68,56,65,17,0,3.0,1089.6666666666667,1,3
398.15,333.5,73,65,21,1,1.0,333.5,0,0
452.77,417.99,42,97,10,1,1.0,308.5,2,2
70.74,64.51,31,86,8,1,2.0,64.51,3,0
234.63,214.27,25,73,18,5,1.0,214.27,0,0
577.29,536.66,11,51,5,5,2.0,536.66,3,3
337.54,261.89,65,73,9,3,2.0,261.89,3,0
534.45,433.94,49,71,9,0,4.0,1322.0,3,0
432.0,363.66,64,64,6,2,1.0,363.66,3,0
157.15,121.74,43,63,3,2,6.0,121.74,3,0
589.93,535.13,62,60,14,3,2.0,535.13,3,3
269.31,260.99,55,78,14,2,2.0,260.99,3,0
322.18,263.4,30,80,9,0,4.0,1095.0,3,0
223.71,183.27,40,62,5,0,4.0,183.27,3,0
525.07,450.58,42,65,25,1,3.0,450.58,0,0
493.43,407.0,42,66,25,5,0.0,407.0,0,0
1012.71,861.22,55,79,2,3,2.0,940.0,1,3
241.47,206.89,31,101,27,2,2.0,206.89,2,2
373.79,285.28,49,76,12,3,3.0,285.28,3,0
275.88,271.72,35,62,21,5,4.0,1095.0,0,0
299.47,284.17,58,69,2,1,1.0,284.17,3,0
354.94,325.02,27,53,4,0,2.0,325.02,3,3
527.68,522.17,66,53,5,0,4.0,522.17,3,0
1182.31,991.34,34,72,3,0,4.0,991.34,1,3
420.28,416.97,66,46,6,1,7.0,1214.0,3,0
442.88,440.92,55,71,16,0,4.0,308.5,0,0
298.0,261.04,50,70,8,0,4.0,891.0,3,0
592.72,527.63,40,49,19,5,1.0,683.0,0,3
1610.06,928.13,82,91,3,1,5.0,940.0,1,3
471.46,380.11,56,112,16,0,2.0,940.0,2,2
98.31,81.31,56,58,11,3,4.0,81.31,3,0
709.48,690.59,95,52,23,2,3.0,1214.0,0,1
598.45,572.01,36,55,2,2,6.0,942.6666666666666,3,0
430.27,365.6,82,56,11,0,0.0,1014.0,3,1
322.46,309.67,34,48,27,3,1.0,704.3333333333334,0,1
220.1,213.85,27,63,13,5,3.0,891.0,3,3
658.6,505.0,32,64,6,5,4.0,505.0,3,0
430.15,410.67,49,56,14,5,3.0,308.5,3,0
653.18,579.04,45,63,15,3,1.0,942.6666666666666,3,3
466.25,358.67,41,70,16,3,2.0,358.67,0,0
1054.88,943.38,83,70,18,0,4.0,1049.0,1,1
510.37,500.34,76,66,16,3,8.0,500.34,0,0
1096.18,872.66,31,60,27,1,2.0,1312.0,1,3
429.33,356.43,77,68,6,0,1.0,356.43,3,0
277.33,272.47,44,120,11,5,0.0,272.47,2,2
1037.89,788.71,58,57,21,2,2.0,883.0,1,3
391.86,380.47,49,55,4,2,6.0,380.47,3,3
1463.81,1359.39,40,67,2,2,0.0,308.5,1,3
270.35,249.87,23,72,15,0,6.0,249.87,0,0
418.01,355.55,79,113,21,3,3.0,355.55,2,2
624.99,613.82,51,70,17,2,4.0,942.6666666666666,0,3
1913.28,1864.29,38,60,21,0,3.0,1864.29,1,3
455.39,447.85,71,65,23,3,1.0,1049.0,0,1
771.41,695.9,51,62,8,1,1.0,695.9,3,3
1040.92,820.01,55,68,8,5,2.0,820.01,1,3
238.41,201.92,62,58,25,3,7.0,1089.6666666666667,0,0
923.89,893.01,70,54,14,1,2.0,883.0,1,3
226.71,226.34,36,76,12,1,3.0,1312.0,3,0
504.78,473.02,56,50,7,2,5.0,942.6666666666666,3,0
672.17,515.0,25,78,24,3,2.0,997.0,0,1
701.43,670.34,52,67,2,5,2.0,997.0,3,3
245.91,209.05,66,59,23,0,1.0,1178.0,0,1
231.36,189.61,50,68,16,0,1.0,1322.0,0,1
254.57,221.5,78,56,19,0,1.0,940.0,0,1
1309.65,687.18,87,72,5,1,4.0,687.18,1,3
584.08,561.26,52,68,25,2,2.0,561.26,0,0
243.6,195.93,68,67,12,2,2.0,195.93,3,0
460.97,437.13,34,68,26,3,3.0,437.13,0,0
540.47,493.97,24,63,2,1,2.0,997.0,3,3
937.8,512.78,29,113,4,0,4.0,512.78,2,2
1082.98,904.13,70,125,17,2,3.0,886.0,2,2
443.3,366.24,45,71,2,3,2.0,997.0,3,1
940.97,707.58,69,98,22,2,5.0,707.58,2,2
267.33,206.45,46,120,16,5,0.0,206.45,2,2
561.61,561.23,37,47,22,2,4.0,561.23,0,0
467.46,419.61,48,72,17,5,7.0,419.61,0,0
446.46,393.79,17,66,20,0,2.0,393.79,0,0
813.0,675.08,45,67,13,1,1.0,675.08,3,3
615.13,300.16,52,110,5,1,1.0,300.16,2,2
724.39,666.26,59,52,12,0,2.0,666.26,3,1
185.71,144.28,44,105,14,1,2.0,813.0,2,2
295.34,260.93,36,59,22,3,5.0,1095.0,0,0
359.56,279.53,55,70,13,3,4.0,279.53,3,0
1391.31,1246.87,1,67,2,0,4.0,997.0,1,3
533.24,428.41,64,71,7,2,5.0,1049.0,3,0
473.79,463.23,51,68,25,1,7.0,463.23,0,0
1005.08,799.38,49,68,22,5,2.0,799.38,1,3
720.8,670.69,81,69,9,5,1.0,670.69,3,3
332.88,295.3,29,75,12,1,5.0,295.3,3,0
424.23,379.73,47,56,23,5,1.0,379.73,0,0
961.81,739.76,40,61,6,0,2.0,883.0,3,3
237.8,199.95,52,72,20,2,1.0,1014.0,0,1
813.74,638.67,49,65,3,0,3.0,1322.0,3,3
668.31,394.31,30,105,6,1,6.0,942.6666666666666,2,2
308.67,251.11,49,128,20,2,1.0,886.0,2,2
356.38,288.4,41,75,24,3,3.0,942.6666666666666,0,0
268.67,214.05,26,63,28,1,7.0,1322.0,0,0
321.27,319.63,34,106,9,5,1.0,319.63,2,2
603.46,490.46,27,70,28,0,1.0,1049.0,0,1
439.19,356.16,90,53,18,0,0.0,356.16,0,0
660.33,567.07,44,50,28,5,4.0,891.0,0,0
374.25,338.77,26,65,16,2,5.0,338.77,0,0
301.16,230.05,51,67,17,2,4.0,230.05,0,0
543.39,429.67,56,59,16,2,2.0,429.67,0,0
226.07,222.94,62,69,16,5,3.0,704.3333333333334,0,0
976.69,731.05,56,74,6,5,4.0,731.05,3,3
677.28,633.13,83,75,10,3,5.0,633.13,3,0
206.97,181.84,25,99,8,3,6.0,942.6666666666666,2,0
605.52,587.03,57,56,28,2,4.0,587.03,0,0
215.54,189.81,73,65,21,0,3.0,189.81,0,0
737.92,698.7,60,56,15,1,1.0,886.0,3,3
487.28,417.16,40,72,13,3,2.0,1184.0,3,1
510.26,508.77,64,78,13,3,2.0,886.0,3,0
1642.01,1521.53,51,80,6,1,3.0,1521.53,1,3
353.08,331.6,77,64,25,0,3.0,1049.0,0,1
326.93,316.55,51,61,29,0,0.0,1089.6666666666667,0,1
821.83,808.54,48,66,11,1,4.0,808.54,3,3
221.6,200.05,40,71,19,5,2.0,1014.0,0,0
1017.18,946.21,58,65,16,3,3.0,946.21,1,3
585.52,439.45,62,57,10,2,5.0,1089.6666666666667,3,0
1526.97,1148.35,91,100,22,1,2.0,997.0,1,3
365.5,282.22,69,54,27,1,3.0,1178.0,0,1
348.86,307.06,37,53,25,5,0.0,307.06,0,0
2011.71,1681.0,30,54,27,0,4.0,940.0,1,3
447.53,351.95,35,71,25,1,2.0,308.5,0,0
188.59,178.02,62,67,12,3,3.0,813.0,3,0
175.16,173.22,41,57,5,2,7.0,173.22,3,0
479.04,450.83,54,70,7,5,4.0,450.83,3,0
440.31,381.03,22,103,22,5,3.0,1312.0,2,2
433.45,369.54,54,48,20,0,4.0,1322.0,0,1
661.75,609.62,55,59,5,0,4.0,609.62,3,3
895.92,675.69,57,111,26,3,2.0,675.69,2,2
321.68,301.53,56,67,11,0,7.0,1322.0,3,0
189.12,187.65,18,66,18,2,2.0,187.65,0,0
128.61,125.28,13,72,8,0,3.0,997.0,3,1
619.36,573.74,27,73,24,0,0.0,573.74,0,1
506.35,486.2,75,65,9,2,3.0,1014.0,3,1
956.52,735.62,58,62,24,5,3.0,308.5,0,0
841.34,399.62,28,85,1,2,2.0,399.62,3,2
1112.34,522.98,66,64,2,5,3.0,522.98,3,0
651.95,304.36,55,52,4,1,2.0,304.36,3,0
1290.62,1078.46,37,72,4,2,4.0,1322.0,1,3
483.28,420.73,38,81,18,3,5.0,883.0,0,0
704.41,312.6,57,76,2,3,4.0,312.6,3,0
103.03,85.77,65,84,25,1,4.0,891.0,0,2
197.14,184.72,57,62,26,0,5.0,1014.0,0,0
731.51,599.55,22,76,7,1,5.0,599.55,3,3
1488.15,1276.02,19,66,20,3,3.0,1276.02,1,3
1637.77,713.33,46,62,5,5,1.0,713.33,1,3
1301.96,933.35,72,73,2,5,4.0,1214.0,1,3
416.13,378.79,47,59,26,5,1.0,308.5,0,0
422.65,373.94,52,82,12,2,2.0,1049.0,3,2
652.16,568.6,28,71,23,2,4.0,568.6,0,0
291.78,165.48,46,110,0,0,2.0,165.48,2,2
592.2,465.4,17,50,19,0,2.0,465.4,0,1
358.54,344.62,67,75,7,1,0.0,344.62,3,0
497.76,443.77,62,56,18,5,4.0,1322.0,0,0
426.44,382.09,54,61,20,0,5.0,1089.6666666666667,0,0
610.07,513.33,49,117,10,3,5.0,513.33,2,2
642.6,545.08,57,78,17,5,3.0,545.08,0,0
442.49,396.77,61,71,21,3,2.0,396.77,0,0
885.21,664.21,25,87,24,2,3.0,704.3333333333334,0,1
646.97,502.58,48,50,18,2,1.0,502.58,0,1
148.29,112.95,79,55,9,5,1.0,112.95,3,0
407.48,332.1,39,67,6,1,3.0,883.0,3,0
609.01,548.84,15,70,6,3,2.0,1086.5,3,3
1358.82,1323.76,46,62,20,0,4.0,883.0,1,3
769.98,714.14,19,67,5,2,3.0,714.14,3,3
1077.38,598.79,17,73,5,2,4.0,598.79,3,3
347.99,321.33,40,59,24,0,0.0,572.0,0,0
233.71,187.32,66,77,19,1,7.0,187.32,0,0
2028.99,1412.2,41,65,2,3,2.0,1412.2,1,3
572.99,526.42,95,66,27,0,1.0,526.42,0,1
565.74,562.87,6,72,24,2,0.0,562.87,0,1
1663.3,1599.2,35,57,21,1,5.0,891.0,1,3
504.27,412.01,38,50,15,0,4.0,412.01,0,0
167.63,128.0,41,76,3,2,3.0,1049.0,3,1
422.91,348.16,78,61,2,5,0.0,883.0,3,1
537.62,533.12,40,66,6,5,4.0,570.0,3,0
389.73,327.08,31,75,8,1,5.0,883.0,3,0
984.34,928.33,50,67,20,3,3.0,813.0,1,3
268.0,207.86,43,68,9,1,3.0,207.86,3,0
207.38,165.52,69,62,23,2,3.0,1178.0,0,1
327.99,305.68,63,108,27,3,1.0,1049.0,2,2
394.88,330.13,38,67,2,5,1.0,330.13,3,0
323.4,251.59,65,62,12,0,5.0,251.59,3,0
1160.93,1047.23,47,65,2,2,1.0,1047.23,1,3
1696.05,1153.95,15,71,6,1,5.0,1153.95,1,3
479.57,394.35,42,75,22,1,4.0,308.5,0,0
388.98,340.61,58,103,16,1,4.0,883.0,2,2
387.12,349.22,39,64,2,5,2.0,349.22,3,0
1238.82,1035.18,67,80,11,0,4.0,1766.0,1,1
389.25,334.63,56,72,29,1,5.0,1312.0,0,0
451.76,398.92,58,71,17,2,3.0,398.92,0,0
433.64,364.78,49,76,16,3,3.0,886.0,0,0
493.97,391.28,28,51,15,5,2.0,391.28,0,0
518.2,362.43,44,103,5,3,0.0,813.0,2,2
483.58,453.41,64,85,16,2,3.0,940.0,0,2
501.44,376.39,32,63,5,1,3.0,886.0,3,0
1167.78,878.6,40,69,5,1,0.0,878.6,1,3
1227.45,471.41,32,117,1,5,3.0,308.5,2,2
499.1,394.74,49,68,29,2,2.0,394.74,0,0
351.33,298.85,33,65,9,5,5.0,298.85,3,0
1640.99,1296.6,46,66,29,3,2.0,891.0,1,3
229.48,181.8,59,68,20,3,4.0,997.0,0,1
187.7,176.52,74,70,14,1,2.0,176.52,0,0
340.94,324.04,42,65,11,3,0.0,1014.0,3,1
693.17,539.01,77,65,29,1,2.0,539.01,0,1
256.14,239.59,47,57,29,0,1.0,239.59,0,0
827.06,602.02,44,108,0,3,3.0,602.02,2,2
833.82,696.83,37,71,4,2,4.0,696.83,3,3
655.85,569.01,31,67,7,0,1.0,886.0,3,3
671.42,544.45,66,62,19,2,1.0,544.45,0,0
345.66,325.76,28,76,29,1,1.0,325.76,0,0
1441.3,1419.45,50,82,7,1,5.0,1419.45,1,3
325.04,174.85,36,70,4,0,1.0,1089.6666666666667,3,1
317.5,286.86,70,62,27,2,1.0,886.0,0,1
329.69,258.99,40,72,12,2,5.0,570.0,3,0
330.04,201.33,31,72,6,0,0.0,1184.0,3,1
554.84,494.05,20,62,10,5,2.0,494.05,3,0
710.84,583.03,49,65,15,1,2.0,583.03,0,1
1051.1,619.48,70,57,5,5,1.0,619.48,3,3
469.96,424.39,58,76,24,3,2.0,1095.0,0,1
351.74,334.34,80,62,19,3,4.0,1049.0,0,1
381.64,302.47,40,73,24,5,3.0,704.3333333333334,0,0
414.74,342.57,52,68,3,5,6.0,1322.0,3,0
359.01,305.2,46,60,20,0,6.0,1089.6666666666667,0,0
689.42,588.68,55,58,28,0,4.0,588.68,0,1
1151.07,369.17,36,65,5,2,3.0,369.17,3,3
790.33,621.69,56,76,8,2,5.0,621.69,3,3
155.97,138.86,52,67,25,0,3.0,1089.6666666666667,0,0
2187.85,2060.1,76,64,8,5,2.0,2060.1,1,3
210.91,165.73,38,118,18,2,1.0,165.73,2,2
277.09,249.87,78,65,29,3,1.0,249.87,0,0
335.23,324.97,55,57,20,5,7.0,324.97,0,0
131.32,126.15,52,60,2,2,0.0,126.15,3,0
543.36,512.24,55,79,22,5,3.0,997.0,0,0
256.93,234.31,53,64,23,3,4.0,234.31,0,0
858.07,848.49,85,66,11,1,2.0,891.0,1,1
309.25,268.73,55,73,21,1,2.0,1049.0,0,1
279.61,213.65,27,61,5,2,3.0,213.65,3,0
544.67,466.15,67,112,16,0,4.0,466.15,2,2
737.08,361.8,44,73,1,5,3.0,1049.0,3,3
210.24,189.5,50,52,8,0,1.0,189.5,3,0
236.46,178.66,59,81,13,0,1.0,886.0,3,1
677.17,608.14,57,64,24,5,3.0,608.14,0,3
386.76,349.75,12,71,23,5,3.0,349.75,0,0
676.26,668.58,66,66,5,1,4.0,1178.0,3,1
1399.08,1234.02,56,58,10,3,3.0,1234.02,1,3
421.73,382.94,57,63,24,3,3.0,382.94,0,0
315.84,264.38,51,66,4,1,6.0,1312.0,3,0
1305.91,397.99,37,75,6,0,2.0,1095.0,3,3
732.63,577.21,19,57,27,3,2.0,577.21,0,1
268.79,236.62,39,57,10,5,4.0,236.62,3,0
437.38,422.15,80,61,5,0,2.0,422.15,3,0
610.12,566.47,74,61,20,3,2.0,566.47,0,3
533.75,481.88,60,64,11,3,4.0,1014.0,3,0
420.03,389.85,42,53,4,0,5.0,1049.0,3,0
330.17,288.86,27,60,3,2,0.0,1184.0,3,1
741.02,669.02,60,65,22,0,1.0,669.02,0,1
1360.4,1114.99,42,65,21,1,3.0,1014.0,1,3
878.29,802.85,43,72,18,0,1.0,802.85,1,1
815.26,796.19,39,63,4,1,2.0,796.19,3,3
345.82,262.75,66,68,23,2,3.0,883.0,0,1
672.96,632.27,38,68,2,3,1.0,308.5,3,3
219.79,213.28,69,44,4,3,5.0,213.28,3,0
481.28,392.93,22,57,26,0,4.0,1049.0,0,0
188.96,170.04,40,68,16,5,0.0,1049.0,0,0
510.16,494.09,51,59,18,5,0.0,494.09,0,3
941.25,788.25,48,63,27,3,1.0,1049.0,0,3
1492.91,1470.85,55,55,12,1,1.0,940.0,1,3
301.06,273.25,42,56,2,0,3.0,273.25,3,0
346.85,321.94,66,62,2,3,4.0,321.94,3,0
436.1,424.78,63,77,6,2,3.0,997.0,3,0
800.48,784.93,47,68,15,3,2.0,784.93,3,3
264.41,249.48,56,58,17,3,4.0,249.48,0,0
1258.65,1083.09,58,67,25,2,3.0,1184.0,1,3
1729.69,1698.24,48,54,13,5,6.0,891.0,1,3
223.1,212.3,59,60,10,1,2.0,1322.0,3,1
931.39,788.34,65,64,3,1,4.0,788.34,3,3
275.75,209.48,17,82,3,3,2.0,209.48,3,0
274.82,271.87,41,64,5,3,5.0,883.0,3,0
162.83,138.99,40,74,21,2,1.0,883.0,0,1
308.31,251.65,38,105,19,1,4.0,251.65,2,2
266.04,202.65,30,61,19,0,0.0,202.65,0,0
536.74,431.25,55,64,22,3,1.0,431.25,0,0
578.1,494.8,70,57,19,0,4.0,1361.0,0,1
219.87,196.68,71,52,19,3,3.0,196.68,0,0
681.34,534.05,66,60,17,1,3.0,534.05,0,1
443.21,400.91,51,66,4,3,7.0,886.0,3,0
361.95,344.49,47,78,21,2,2.0,344.49,0,0
709.75,344.52,29,65,4,0,4.0,344.52,3,0
428.17,374.46,69,77,6,3,5.0,1214.0,3,0
569.04,523.06,65,64,26,3,5.0,523.06,0,0
2127.84,1441.83,61,69,2,5,2.0,1441.83,1,3
811.99,653.1,47,70,2,1,5.0,891.0,3,3
376.98,283.02,44,49,16,2,1.0,283.02,0,0
569.65,437.12,28,73,12,1,2.0,437.12,3,0
381.74,299.44,55,62,19,1,2.0,940.0,0,1
190.6,185.82,57,70,3,0,2.0,185.82,3,0
393.84,366.61,55,57,9,3,3.0,813.0,3,1
248.42,211.69,33,54,28,1,2.0,211.69,0,0
409.86,344.34,72,59,13,5,6.0,344.34,3,0
909.18,695.97,54,61,19,5,2.0,1089.6666666666667,1,3
177.69,168.96,49,73,7,0,3.0,1312.0,3,0
343.57,276.92,62,62,11,3,5.0,1322.0,3,0
229.18,192.81,65,66,10,1,0.0,997.0,3,1
540.97,405.79,36,126,28,3,2.0,1089.6666666666667,2,2
272.32,270.87,27,129,20,2,3.0,270.87,2,2
507.26,451.91,61,68,4,0,1.0,451.91,3,0
348.39,266.67,24,60,26,3,6.0,266.67,0,0
835.62,641.33,50,59,11,3,1.0,942.6666666666666,3,3
248.46,191.9,53,48,25,1,2.0,891.0,0,1
1017.77,787.47,50,71,9,0,2.0,883.0,1,3
581.98,573.18,64,58,17,3,4.0,573.18,0,0
300.54,272.85,48,61,8,0,1.0,272.85,3,0
488.84,379.86,36,114,21,3,4.0,940.0,2,2
1075.93,816.97,52,73,10,3,0.0,1095.0,1,3
366.41,321.46,86,65,9,0,0.0,321.46,3,0
541.42,434.99,59,66,16,2,2.0,434.99,0,0
166.06,132.1,63,69,13,2,3.0,1014.0,3,1
874.32,694.51,56,67,29,3,2.0,308.5,0,3
391.76,354.84,69,51,18,1,6.0,354.84,0,0
447.25,426.48,56,58,23,0,5.0,426.48,0,0
226.75,195.21,47,75,27,3,3.0,195.21,0,0
442.45,438.03,53,74,17,3,4.0,438.03,0,0
269.29,233.83,45,72,16,5,2.0,233.83,0,0
278.14,254.57,34,56,13,3,3.0,254.57,3,0
802.46,673.14,47,105,16,2,4.0,813.0,2,2
102.22,90.35,55,85,7,0,0.0,90.35,3,0
782.0,653.53,63,60,8,5,4.0,653.53,3,0
379.67,365.76,40,67,24,3,1.0,704.3333333333334,0,1
552.5,517.32,37,62,10,0,1.0,704.3333333333334,3,3
1045.8,859.01,58,71,23,0,5.0,1322.0,1,1
222.65,204.86,36,95,8,3,2.0,204.86,2,0
101.14,76.19,68,71,11,2,1.0,76.19,3,0
1015.38,1005.83,86,67,10,3,5.0,1005.83,1,3
220.07,197.4,36,70,22,3,5.0,1014.0,0,0
533.47,412.9,23,62,6,0,2.0,704.3333333333334,3,1
255.49,192.8,24,71,16,1,2.0,192.8,0,0
1048.4,944.45,73,56,12,0,4.0,944.45,1,1
350.3,265.66,68,57,23,5,5.0,2317.0,0,1
462.16,440.26,76,63,12,2,4.0,440.26,3,0
536.29,516.59,93,119,3,2,3.0,516.59,2,2
570.68,533.76,56,57,28,2,1.0,533.76,0,0
592.22,573.49,73,64,3,1,3.0,1214.0,3,1
153.69,145.53,53,63,26,2,0.0,145.53,0,0
661.76,562.01,33,60,13,5,3.0,562.01,3,0
294.49,251.13,68,55,26,5,1.0,1458.0,0,1
717.92,648.92,56,62,4,1,2.0,704.3333333333334,3,3
489.27,453.98,81,72,5,5,3.0,1987.0,3,0
276.74,217.71,65,69,5,5,8.0,217.71,3,0
464.96,384.53,63,123,20,5,3.0,384.53,2,2
492.0,377.49,72,56,13,3,0.0,377.49,3,0
545.56,518.82,56,60,18,2,6.0,518.82,0,0
864.3,805.46,37,69,15,0,3.0,805.46,1,3
229.64,228.06,40,70,11,1,0.0,1049.0,3,1
426.71,344.54,48,64,5,5,4.0,344.54,3,0
524.69,477.3,50,73,28,0,4.0,477.3,0,0
1855.42,1587.24,32,72,9,3,3.0,813.0,1,3
161.44,151.97,59,55,10,5,4.0,151.97,3,0
213.1,183.54,60,57,8,3,5.0,813.0,3,0
503.54,418.94,73,66,13,0,3.0,1458.0,3,1
1299.08,995.44,56,63,11,5,5.0,1095.0,1,3
834.3,759.26,22,57,5,5,3.0,883.0,3,3
643.63,563.57,38,70,9,0,3.0,1322.0,3,3
97.28,76.69,67,56,7,5,2.0,1766.0,3,0
618.64,557.01,48,61,11,1,4.0,557.01,3,3
352.92,339.55,50,59,28,0,5.0,339.55,0,0
277.67,210.74,28,63,8,3,0.0,1089.6666666666667,3,1
853.97,735.34,33,114,17,1,3.0,735.34,2,2
232.64,201.53,60,63,16,0,4.0,201.53,0,0
422.79,385.47,23,63,25,1,3.0,385.47,0,0
215.14,170.4,59,52,14,5,3.0,886.0,3,0
435.7,396.32,33,58,26,0,7.0,1014.0,0,0
621.35,596.96,52,86,18,0,2.0,596.96,0,1
327.85,319.42,54,61,16,2,0.0,319.42,0,0
221.96,211.26,29,64,12,3,8.0,211.26,3,0
1708.8,1484.56,22,60,8,0,3.0,1484.56,1,3
317.4,269.67,51,55,13,5,3.0,269.67,3,0
431.94,413.96,44,101,28,0,0.0,413.96,2,2
178.69,173.03,50,70,15,0,1.0,308.5,0,0
980.34,754.23,81,54,13,2,8.0,754.23,1,0
489.59,219.73,41,65,3,2,3.0,219.73,3,0
267.29,257.04,69,56,3,2,1.0,1214.0,3,1
692.46,653.71,10,71,18,5,3.0,997.0,0,3
568.7,437.37,32,58,15,3,4.0,308.5,0,0
123.3,105.37,50,127,5,2,1.0,105.37,2,2
193.37,161.4,63,71,16,5,4.0,1049.0,0,0
600.35,503.23,60,56,14,1,2.0,1095.0,3,1
995.02,876.8,66,72,14,2,2.0,876.8,1,3
238.26,234.24,66,113,7,3,2.0,234.24,2,2
320.43,271.53,27,68,6,1,5.0,271.53,3,0
278.72,271.3,59,53,20,3,1.0,271.3,0,0
199.65,162.3,42,67,22,1,5.0,162.3,0,0
410.14,409.33,40,59,28,0,2.0,683.0,0,1
276.98,272.53,77,53,27,3,0.0,272.53,0,0
479.86,394.1,65,64,14,5,6.0,394.1,3,0
355.76,337.33,66,64,15,1,3.0,337.33,0,0
309.36,242.5,35,63,22,3,3.0,813.0,0,0
348.91,348.13,62,62,12,3,2.0,1049.0,3,1
273.61,232.52,6,63,17,3,2.0,232.52,0,0
452.22,369.75,40,104,28,2,0.0,886.0,2,2
970.08,956.42,20,52,10,0,0.0,956.42,1,3
297.55,266.3,41,64,26,2,1.0,266.3,0,0
750.03,694.87,48,48,17,3,0.0,1095.0,0,3
325.02,297.43,58,66,3,3,1.0,297.43,3,0
2157.12,1625.06,63,53,4,0,3.0,997.0,1,3
439.14,403.33,23,59,22,3,2.0,942.6666666666666,0,0
459.52,450.12,40,50,12,2,4.0,704.3333333333334,3,0
540.46,411.4,53,58,4,5,5.0,411.4,3,0
678.8,615.68,82,67,19,3,2.0,615.68,0,3
376.63,376.3,52,70,8,1,2.0,1089.6666666666667,3,1
486.99,450.93,43,63,28,2,1.0,450.93,0,0
304.68,282.93,51,67,16,1,8.0,942.6666666666666,0,0
342.91,328.75,67,73,11,3,4.0,328.75,3,0
427.42,376.96,75,65,27,2,2.0,376.96,0,0
896.53,362.18,74,65,5,0,2.0,1095.0,3,1
342.33,341.55,25,65,29,5,4.0,341.55,0,0
357.71,271.7,63,58,29,3,2.0,271.7,0,0
358.23,274.84,49,70,12,5,7.0,274.84,3,0
1416.05,671.24,45,108,6,2,5.0,671.24,2,3
1523.81,489.56,50,73,5,5,6.0,489.56,1,3
188.83,179.67,35,70,8,5,2.0,179.67,3,0
837.75,731.9,54,74,14,1,2.0,891.0,3,3
330.36,327.12,38,69,25,0,2.0,327.12,0,0
734.16,662.06,69,76,18,0,3.0,662.06,0,1
286.25,219.32,57,76,11,0,0.0,940.0,3,1
779.06,547.22,47,62,2,2,4.0,547.22,3,3
325.35,320.04,61,77,9,0,4.0,1049.0,3,0
204.98,194.46,55,58,3,2,4.0,194.46,3,0
359.25,328.24,49,72,5,5,1.0,328.24,3,0
197.47,191.33,62,56,4,3,0.0,191.33,3,0
339.24,261.67,30,63,26,0,6.0,261.67,0,0
183.24,170.18,70,70,14,5,3.0,1178.0,3,0
505.96,486.73,36,59,9,2,0.0,486.73,3,0
556.77,487.44,28,63,5,2,2.0,1089.6666666666667,3,3
617.09,491.02,23,73,22,5,4.0,491.02,0,0
713.97,625.46,51,69,17,5,1.0,625.46,0,3
359.38,292.35,82,101,6,0,3.0,1987.0,2,1
554.46,433.43,79,92,5,2,0.0,1014.0,2,0
1350.21,1322.4,21,120,17,1,6.0,813.0,2,2
719.72,666.66,38,50,11,3,0.0,1089.6666666666667,3,3
1094.78,1032.76,27,68,25,2,2.0,704.3333333333334,1,3
327.71,260.33,38,63,19,1,2.0,260.33,0,0
308.98,235.44,60,59,22,1,3.0,235.44,0,0
438.9,416.78,56,61,18,1,4.0,416.78,0,0
467.92,408.77,51,80,14,1,3.0,408.77,3,0
560.2,530.63,62,66,20,0,3.0,704.3333333333334,0,1
751.19,565.3,49,66,8,3,1.0,1014.0,3,3
400.47,312.6,56,101,28,2,4.0,312.6,2,2
787.54,536.2,38,72,1,5,3.0,536.2,3,0
206.66,193.22,53,62,27,0,3.0,940.0,0,0
278.45,215.34,64,132,29,3,4.0,215.34,2,2
289.69,275.99,24,64,17,3,3.0,940.0,0,0
166.69,130.55,83,62,17,2,0.0,130.55,0,0
477.6,373.64,67,83,2,1,1.0,373.64,3,0
586.37,485.75,44,68,27,0,2.0,485.75,0,0
793.15,645.66,29,74,4,2,3.0,813.0,3,3
587.64,522.02,42,74,28,2,6.0,1049.0,0,0
549.43,524.49,73,76,11,5,4.0,997.0,3,0
404.83,399.83,41,72,2,5,2.0,399.83,3,0
226.95,210.69,27,63,29,2,3.0,308.5,0,0
504.75,420.76,48,54,21,5,3.0,420.76,0,0
523.18,494.39,60,66,5,2,2.0,704.3333333333334,3,1
391.77,356.57,70,115,24,5,5.0,997.0,2,2
150.81,131.14,40,66,19,2,5.0,131.14,0,0
352.65,267.81,36,61,26,5,4.0,267.81,0,0
193.89,164.1,46,69,4,5,1.0,1089.6666666666667,3,0
629.61,546.31,95,76,6,0,6.0,546.31,3,3
288.85,256.75,49,72,10,2,3.0,256.75,3,0
291.0,249.97,62,74,19,0,1.0,249.97,0,0
2922.13,1746.82,65,55,4,1,0.0,1746.82,1,3
171.29,143.99,55,75,28,2,3.0,143.99,0,0
420.74,320.26,53,48,8,5,3.0,320.26,3,0
233.97,200.35,32,63,8,1,3.0,200.35,3,0
118.95,91.85,38,78,22,1,5.0,813.0,0,0
149.86,143.39,51,60,16,1,0.0,143.39,0,0
441.24,385.01,43,66,14,1,4.0,385.01,3,0
496.6,426.86,51,57,17,3,4.0,426.86,0,0
360.55,317.24,63,72,13,0,2.0,1322.0,3,1
816.37,642.04,38,67,17,0,1.0,1049.0,0,3
366.11,283.53,30,63,3,0,1.0,283.53,3,0
1126.11,946.45,63,54,13,5,4.0,946.45,1,3
513.93,502.66,42,66,13,5,3.0,502.66,3,0
922.22,829.36,43,52,9,0,4.0,308.5,3,3
187.69,145.91,49,61,28,0,6.0,1014.0,0,0
346.58,269.04,60,63,13,1,2.0,269.04,3,0
1387.25,1253.59,69,66,13,1,0.0,891.0,1,3
948.34,659.77,39,70,6,1,4.0,704.3333333333334,3,3
353.39,321.77,27,72,23,3,2.0,321.77,0,0
381.24,342.51,60,62,5,2,3.0,342.51,3,0
558.29,514.95,58,61,5,0,3.0,891.0,3,3
179.49,136.6,56,66,23,0,3.0,136.6,0,0
344.52,342.81,48,96,5,5,2.0,342.81,2,2
945.81,312.43,48,75,0,5,3.0,312.43,3,0
360.06,339.83,41,61,20,3,4.0,339.83,0,0
288.62,250.34,43,123,17,2,4.0,940.0,2,2
182.51,170.7,40,107,7,1,0.0,170.7,2,2
374.28,325.49,30,71,23,5,3.0,1322.0,0,0
617.88,464.09,48,112,18,0,1.0,464.09,2,2
935.43,708.53,30,65,2,3,0.0,708.53,3,3
348.81,345.68,57,57,15,2,5.0,1312.0,3,0
492.09,470.84,59,64,3,5,5.0,470.84,3,0
423.95,330.36,43,60,24,0,1.0,330.36,0,0
1608.31,1536.92,42,57,27,0,3.0,1536.92,1,3
716.83,618.92,58,61,19,3,4.0,1322.0,0,1
261.34,205.6,42,87,24,3,0.0,308.5,0,0
404.79,304.86,17,69,7,0,3.0,304.86,3,0
1029.76,868.75,44,64,9,1,3.0,868.75,1,3
1206.85,1034.58,39,68,22,5,1.0,1034.58,1,3
367.17,294.01,56,57,4,2,1.0,1095.0,3,1
422.22,336.33,60,62,12,3,3.0,336.33,3,0
492.78,371.85,66,70,5,3,4.0,1987.0,3,1
1112.5,1111.53,52,67,13,2,2.0,1111.53,1,3
640.66,572.93,67,69,10,1,3.0,1014.0,3,1
284.28,244.55,49,61,24,0,0.0,244.55,0,0
402.57,376.09,71,72,21,0,3.0,376.09,0,0
137.53,121.14,53,62,13,1,2.0,813.0,3,1
970.14,880.5,46,57,16,0,5.0,880.5,1,3
335.48,294.18,43,71,14,3,0.0,1184.0,3,1
499.69,451.78,49,99,26,3,4.0,451.78,2,2
615.12,465.79,49,105,18,1,4.0,465.79,2,2
389.18,318.49,13,66,25,2,2.0,1095.0,0,0
564.88,467.2,48,68,11,1,0.0,997.0,3,3
300.34,274.96,36,72,16,3,1.0,274.96,0,0
269.88,230.28,29,79,26,1,4.0,230.28,0,0
823.61,807.25,53,66,28,3,5.0,997.0,0,3
590.01,560.36,47,68,25,2,2.0,891.0,0,1
882.48,790.38,36,68,28,0,3.0,891.0,0,1
300.19,241.66,58,65,6,5,3.0,1014.0,3,0
564.24,486.15,37,50,19,0,2.0,486.15,0,1
871.33,802.26,95,65,25,0,2.0,802.26,0,1
642.82,384.51,38,70,1,5,4.0,384.51,3,0
753.66,578.33,79,66,5,1,1.0,578.33,3,0
156.72,139.21,55,103,22,2,5.0,891.0,2,2
188.59,165.6,36,62,7,3,0.0,165.6,3,0
362.6,299.6,53,60,23,3,4.0,299.6,0,0
1035.87,930.42,55,65,20,3,2.0,930.42,1,3
705.17,538.34,61,120,5,0,2.0,891.0,2,2
239.97,185.09,71,53,21,1,4.0,1361.0,0,1
1745.77,870.03,65,65,6,1,0.0,997.0,1,3
213.96,179.06,46,77,23,1,3.0,179.06,0,0
305.51,296.66,49,65,3,3,2.0,296.66,3,0
191.69,163.38,64,63,29,3,1.0,163.38,0,0
685.18,570.23,63,51,20,5,3.0,997.0,0,0
989.43,843.07,39,63,26,0,0.0,997.0,1,1
406.25,307.17,67,62,20,5,3.0,307.17,0,0
618.35,572.6,34,116,17,1,2.0,572.6,2,2
2015.27,1678.99,48,66,7,5,1.0,883.0,1,3
2213.3,2003.59,43,76,22,5,3.0,2003.59,1,3
847.0,789.78,86,67,24,1,3.0,789.78,0,1
665.87,580.61,41,65,11,3,1.0,580.61,3,3
242.69,208.41,40,55,8,1,2.0,208.41,3,0
455.92,403.08,38,67,20,0,1.0,1049.0,0,1
538.98,507.5,49,67,21,1,3.0,883.0,0,1
676.24,637.08,52,65,23,1,7.0,704.3333333333334,0,1
433.77,331.69,23,59,24,3,3.0,331.69,0,0
628.01,623.48,74,71,21,0,6.0,2317.0,1,1
250.69,236.9,88,62,27,5,3.0,1361.0,0,1
219.04,196.82,60,55,6,1,4.0,1089.6666666666667,3,0
110.27,106.94,67,98,7,5,4.0,1049.0,2,0
533.69,521.46,32,67,8,5,1.0,521.46,3,0
327.78,273.02,67,59,12,5,2.0,2782.0,3,0
531.04,503.04,66,91,18,3,3.0,997.0,2,2
1153.63,1092.5,15,56,18,3,6.0,891.0,1,3
634.02,615.52,54,60,28,2,3.0,1312.0,0,1
811.6,647.76,53,70,13,2,1.0,1095.0,3,3
400.38,340.71,61,60,28,5,3.0,942.6666666666666,0,0
774.72,335.13,27,120,0,2,4.0,1089.6666666666667,2,2
249.08,224.51,57,58,5,2,2.0,308.5,3,0
150.36,150.07,59,50,19,5,5.0,308.5,0,0
311.87,295.01,44,55,12,1,5.0,942.6666666666666,3,0
828.94,758.48,38,69,19,2,5.0,758.48,0,3
490.28,437.85,64,51,7,1,3.0,437.85,3,0
1944.59,1764.72,58,59,21,5,2.0,1089.6666666666667,1,3
140.22,118.96,70,76,29,1,2.0,1458.0,0,1
395.93,374.87,62,72,12,2,4.0,1322.0,3,1
262.53,220.7,34,49,6,2,7.0,997.0,3,0
467.5,384.04,15,68,10,1,1.0,384.04,3,0
408.62,361.35,47,72,9,5,1.0,1014.0,3,0
310.18,250.23,65,87,15,1,1.0,250.23,0,2
371.24,343.26,55,68,5,1,2.0,343.26,3,0
1547.4,1192.94,31,58,8,1,2.0,1312.0,1,3
309.13,268.75,71,76,15,0,4.0,268.75,0,0
335.97,295.29,57,67,13,3,5.0,295.29,3,0
884.26,838.65,65,70,18,0,2.0,838.65,1,1
317.98,294.31,49,71,21,5,3.0,294.31,0,0
624.53,556.64,69,65,12,1,2.0,556.64,3,1
814.52,741.21,62,71,8,1,3.0,741.21,3,3
465.37,409.79,28,70,22,3,2.0,1312.0,0,0
286.33,259.42,39,62,20,2,3.0,259.42,0,0
279.22,219.2,51,66,5,5,1.0,219.2,3,0
649.89,610.21,60,89,9,5,1.0,813.0,2,0
271.97,238.76,46,81,14,3,2.0,1322.0,3,1
578.24,568.23,32,68,16,1,4.0,568.23,0,0
1928.8,1752.02,33,115,25,2,2.0,1752.02,1,3
457.85,351.75,60,50,26,0,2.0,351.75,0,0
193.81,160.4,34,83,4,3,3.0,160.4,3,0
623.8,606.27,44,71,16,1,1.0,704.3333333333334,0,1
1406.68,1394.54,41,101,6,1,1.0,1394.54,1,3
345.9,260.85,57,65,14,1,1.0,1184.0,3,1
317.37,295.95,62,60,29,1,3.0,997.0,0,1
665.6,514.32,53,78,3,0,6.0,514.32,3,3
877.8,814.33,92,109,9,0,1.0,886.0,2,2
190.52,188.9,44,62,4,3,4.0,188.9,3,0
1019.45,1001.99,43,57,3,1,6.0,997.0,1,3
1197.03,1189.77,22,59,15,1,2.0,1189.77,1,3
413.68,379.7,72,63,7,1,3.0,883.0,3,1
1571.54,1177.24,60,107,0,3,3.0,1177.24,1,3
751.35,600.36,53,64,14,3,0.0,600.36,3,3
349.08,305.7,47,73,26,0,2.0,305.7,0,0
235.18,193.57,53,60,3,1,2.0,193.57,3,0
320.1,137.32,62,67,0,0,3.0,940.0,3,1
200.1,160.15,63,122,24,2,1.0,160.15,2,2
338.72,285.22,25,63,14,1,3.0,285.22,0,0
613.01,473.17,51,69,10,3,4.0,886.0,3,0
89.28,72.97,45,75,8,1,3.0,1014.0,3,1
278.71,235.92,51,67,16,3,1.0,235.92,0,0
597.28,530.35,54,119,15,3,2.0,1049.0,2,2
680.55,632.34,41,56,8,5,6.0,632.34,3,3
453.33,397.25,1,72,14,5,5.0,397.25,3,0
670.16,640.37,51,79,25,1,3.0,704.3333333333334,0,0
120.39,94.81,75,52,22,5,3.0,94.81,0,0
562.5,248.31,30,65,0,0,3.0,1312.0,3,3
631.46,610.86,53,75,3,0,2.0,1095.0,3,3
564.81,510.17,39,62,8,1,3.0,510.17,3,0
124.33,119.64,36,57,29,2,4.0,119.64,0,0
133.02,102.74,43,70,17,0,3.0,102.74,0,0
371.72,310.46,73,56,22,5,4.0,1049.0,0,1
375.89,328.04,50,51,16,3,3.0,997.0,0,0
370.43,152.92,43,137,4,0,4.0,152.92,2,2
2770.65,2320.88,59,63,18,1,4.0,2320.88,1,3
971.94,854.47,48,115,12,1,3.0,1089.6666666666667,2,2
1891.61,1840.46,45,66,10,5,7.0,942.6666666666666,1,3
655.71,304.23,39,70,0,3,2.0,304.23,3,0
2055.0,1662.52,24,61,21,2,2.0,1095.0,1,3
196.96,196.5,68,73,10,3,2.0,196.5,3,0
262.47,233.54,46,68,5,2,3.0,233.54,3,0
1020.98,844.94,41,61,18,2,4.0,844.94,1,3
119.89,91.86,58,70,4,2,4.0,91.86,3,0
2241.37,1878.26,55,70,14,3,2.0,1878.26,1,3
518.73,400.56,51,75,17,2,4.0,940.0,0,0
849.55,290.63,46,63,4,0,4.0,290.63,3,3
392.48,366.08,77,70,10,1,2.0,366.08,3,0
721.62,619.23,23,63,22,1,1.0,619.23,0,1
286.33,215.15,62,98,9,0,3.0,308.5,2,2
847.34,711.05,48,73,28,0,2.0,711.05,0,1
455.49,409.67,12,61,17,1,3.0,409.67,0,0
1611.43,1213.19,37,67,5,1,2.0,1322.0,1,3
513.31,466.44,86,60,17,3,4.0,466.44,0,0
591.57,476.92,52,73,22,2,1.0,476.92,0,0
569.26,558.78,65,58,9,0,2.0,558.78,3,0
502.55,464.87,52,64,27,5,1.0,997.0,0,0
380.1,336.4,31,68,29,1,8.0,336.4,0,0
242.36,217.15,39,67,16,3,1.0,217.15,0,0
740.71,543.6,44,61,5,1,3.0,543.6,3,0
415.64,379.93,25,59,26,3,4.0,942.6666666666666,0,0
190.5,189.54,47,72,2,5,2.0,189.54,3,0
684.73,646.58,57,49,20,1,1.0,646.58,0,1
527.15,458.62,18,77,5,1,3.0,891.0,3,3
277.19,208.42,35,76,19,1,0.0,208.42,0,0
194.93,161.9,73,72,21,3,1.0,2782.0,0,1
1308.84,1054.02,75,60,28,5,1.0,1054.02,1,3
2925.68,2325.3,88,72,24,3,2.0,2325.3,1,3
596.01,487.43,46,114,6,5,4.0,308.5,2,2
362.88,298.94,24,92,16,0,3.0,1014.0,2,2
1146.66,1145.94,36,115,15,2,1.0,704.3333333333334,2,3
698.93,483.39,39,107,1,1,5.0,1322.0,2,2
380.19,322.88,17,60,8,2,3.0,1273.0,3,1
600.88,584.62,24,55,28,2,3.0,584.62,0,0
111.93,99.97,79,62,10,0,3.0,99.97,3,0
625.05,296.07,57,57,5,5,2.0,1089.6666666666667,3,0
144.63,132.79,42,64,6,5,5.0,886.0,3,0
561.19,510.02,53,56,20,3,3.0,1014.0,0,1
378.33,372.63,95,74,4,2,4.0,891.0,3,0
472.57,358.66,38,60,16,3,0.0,358.66,0,0
384.02,366.6,72,53,13,2,5.0,1214.0,3,0
2123.81,1627.07,54,70,2,5,2.0,1627.07,1,3
345.71,285.13,41,57,19,0,0.0,704.3333333333334,0,0
519.41,392.92,62,68,5,5,4.0,997.0,3,0
623.43,584.36,52,73,20,0,3.0,584.36,0,1
347.14,317.58,71,73,2,1,4.0,317.58,3,0
298.26,277.61,61,67,15,0,1.0,277.61,0,0
2067.34,927.76,38,63,6,5,3.0,1014.0,1,3
584.66,487.07,49,117,25,3,2.0,487.07,2,2
995.27,918.22,66,75,24,5,5.0,1095.0,1,3
367.4,302.63,95,64,27,3,0.0,1214.0,0,1
323.23,281.44,30,81,21,5,3.0,281.44,0,0
363.29,333.06,68,63,17,0,4.0,886.0,0,1
378.11,289.6,27,56,28,1,1.0,289.6,0,0
382.22,314.13,68,60,4,3,4.0,314.13,3,0
417.09,374.28,36,61,22,2,1.0,374.28,0,0
166.73,154.05,45,66,27,1,4.0,154.05,0,0
585.51,469.93,76,71,7,2,1.0,469.93,3,1
257.51,228.83,42,58,5,3,2.0,1089.6666666666667,3,1
660.74,509.23,47,62,22,2,4.0,997.0,0,1
426.16,355.29,44,112,20,3,2.0,355.29,2,2
602.77,339.25,42,66,0,3,4.0,339.25,3,3
267.4,262.5,55,71,6,1,3.0,262.5,3,0
1096.68,1011.09,30,73,15,0,0.0,704.3333333333334,1,1
282.98,242.7,35,57,6,2,2.0,891.0,3,1
419.35,341.16,29,53,14,3,3.0,341.16,3,0
1021.62,802.77,46,66,4,5,5.0,1184.0,1,3
340.02,319.9,26,72,24,3,3.0,1089.6666666666667,0,0
395.81,347.28,31,68,18,3,0.0,347.28,0,0
416.41,412.48,65,65,13,0,3.0,412.48,3,0
791.72,594.78,50,78,5,5,7.0,594.78,3,3
278.83,232.42,4,57,14,0,3.0,1662.5,3,1
223.04,169.93,45,56,25,5,2.0,1014.0,0,0
876.69,828.18,73,65,23,0,6.0,828.18,0,1
2341.03,2333.58,43,62,21,0,6.0,2333.58,1,3
742.15,653.66,27,73,5,1,6.0,653.66,3,3
834.1,638.7,68,69,17,1,3.0,638.7,0,1
361.23,308.32,21,67,10,0,1.0,1184.0,3,1
97.82,81.52,85,75,25,5,3.0,81.52,0,0
293.42,285.97,26,61,29,3,3.0,1184.0,0,0
374.86,287.72,32,76,27,1,2.0,886.0,0,1
506.62,466.48,43,72,23,5,3.0,940.0,0,0
510.33,456.83,62,64,8,3,2.0,704.3333333333334,3,1
460.82,397.48,34,67,11,0,3.0,397.48,3,0
717.44,438.59,74,57,4,3,2.0,1178.0,3,1
375.5,349.52,45,61,15,1,2.0,349.52,0,0
398.21,356.71,68,77,24,2,4.0,356.71,0,0
658.31,616.69,68,65,5,3,2.0,997.0,3,1
807.03,719.61,48,84,13,1,4.0,308.5,3,2
418.72,385.0,25,54,28,1,5.0,385.0,0,0
623.77,523.86,75,71,18,2,2.0,523.86,0,0
74.34,64.35,44,57,27,1,5.0,1014.0,0,0
945.34,582.23,45,125,3,1,2.0,308.5,2,2
525.84,422.47,47,59,4,0,4.0,704.3333333333334,3,0
579.41,437.45,66,52,26,5,1.0,997.0,0,3
138.51,107.85,62,61,20,5,3.0,704.3333333333334,0,0
491.45,440.0,42,72,27,3,2.0,883.0,0,1
279.56,260.02,71,75,23,5,3.0,260.02,0,0
1034.71,793.96,45,70,4,1,5.0,793.96,1,3
424.22,367.32,55,59,25,5,3.0,367.32,0,0
834.05,636.11,43,76,13,1,5.0,942.6666666666666,3,1
620.36,607.03,39,69,21,1,2.0,1089.6666666666667,0,1
762.99,654.18,29,64,20,5,1.0,1312.0,0,3
635.84,523.88,51,75,19,2,2.0,523.88,0,0
157.24,135.73,42,74,23,5,6.0,1322.0,0,0
2237.33,1831.22,50,59,13,2,0.0,1831.22,1,3
481.46,477.83,13,66,25,1,2.0,1273.0,0,1
610.72,602.85,78,70,22,0,5.0,602.85,0,0
399.27,356.53,45,77,26,1,6.0,704.3333333333334,0,0
1063.85,669.27,50,62,4,1,4.0,891.0,3,3
262.79,208.07,30,127,23,2,2.0,942.6666666666666,2,2
265.97,235.16,52,56,16,2,5.0,704.3333333333334,0,0
707.08,657.81,44,60,13,2,3.0,1095.0,3,3
446.28,444.93,55,60,23,1,5.0,444.93,0,0
453.22,391.18,49,59,25,1,4.0,391.18,0,0
276.63,241.77,33,70,7,0,0.0,241.77,3,0
558.74,453.58,61,61,7,3,2.0,453.58,3,1
364.58,304.14,49,72,26,0,0.0,304.14,0,0
1077.5,1053.9,73,66,20,0,2.0,1766.0,1,1
577.49,482.7,61,51,18,5,4.0,482.7,0,0
441.87,345.95,10,57,5,1,1.0,1410.0,3,1
363.69,281.9,63,84,25,1,5.0,1312.0,0,0
243.5,196.32,48,71,16,5,1.0,997.0,0,0
173.23,145.1,44,50,9,5,2.0,145.1,3,0
554.03,530.06,31,61,3,3,2.0,530.06,3,3
424.66,328.99,58,73,29,5,0.0,1014.0,0,1
324.06,277.51,54,62,7,3,1.0,308.5,3,0
390.91,327.78,49,65,7,2,2.0,1312.0,3,1
318.9,291.12,75,64,28,3,4.0,891.0,0,1
716.34,621.31,59,72,21,3,0.0,621.31,0,3
328.6,296.84,37,69,23,2,0.0,1049.0,0,1
796.32,606.28,64,75,11,1,4.0,704.3333333333334,3,3
672.69,652.72,63,84,23,1,3.0,652.72,0,2
426.05,396.02,44,67,16,3,5.0,1184.0,0,0
953.18,717.89,38,69,23,1,2.0,717.89,0,1
402.09,356.68,72,75,9,3,4.0,1178.0,3,0
1019.1,925.96,40,77,28,2,5.0,883.0,1,3
475.51,433.1,70,78,9,1,5.0,1095.0,3,0
197.52,154.08,51,54,23,5,1.0,1322.0,0,0
311.95,265.12,35,75,24,5,2.0,265.12,0,0
867.3,764.78,50,58,28,2,2.0,942.6666666666666,0,3
563.4,498.56,36,60,20,3,1.0,498.56,0,0
757.94,599.71,46,107,2,1,3.0,599.71,2,2
203.6,180.41,51,69,28,3,2.0,180.41,0,0
983.37,756.62,32,53,13,5,3.0,940.0,1,3
458.18,246.21,67,100,5,3,2.0,246.21,2,2
210.9,178.08,68,73,28,3,0.0,178.08,0,0
199.16,195.24,48,54,9,3,5.0,195.24,3,0
230.45,189.56,62,57,20,2,4.0,189.56,0,0
218.83,193.83,74,72,8,3,4.0,193.83,3,0
231.77,204.71,6,55,26,2,5.0,204.71,0,0
1215.85,1053.16,58,83,15,3,3.0,942.6666666666666,1,3
464.83,434.5,60,74,10,5,0.0,883.0,3,0
253.0,223.07,46,59,28,0,1.0,1089.6666666666667,0,1
811.2,655.21,71,57,28,3,2.0,655.21,0,1
435.17,383.1,77,62,2,3,1.0,383.1,3,1
1067.7,978.58,71,66,15,0,4.0,2782.0,1,1
587.61,563.9,72,71,15,1,2.0,563.9,0,1
365.85,307.3,53,59,12,0,1.0,307.3,3,0
2076.25,1642.65,67,64,21,5,8.0,1642.65,1,3
226.37,184.05,26,65,28,1,0.0,891.0,0,1
710.93,559.79,68,52,8,0,3.0,883.0,3,1
211.02,164.63,53,59,17,2,2.0,164.63,0,0
911.39,695.44,43,58,27,0,1.0,704.3333333333334,0,1
567.73,540.91,29,75,23,2,3.0,704.3333333333334,0,0
1901.58,1868.42,44,62,27,1,1.0,1868.42,1,3
255.06,199.75,56,61,11,1,3.0,199.75,3,0
486.18,410.53,74,61,24,2,2.0,410.53,0,0
310.88,246.34,31,75,9,2,3.0,246.34,3,0
772.27,665.5,33,65,5,3,2.0,665.5,3,3
343.38,262.33,64,71,21,3,4.0,262.33,0,0
301.82,272.3,62,77,2,1,2.0,272.3,3,0
365.71,314.41,36,77,21,3,3.0,1014.0,0,0
322.46,316.08,35,77,14,3,3.0,1095.0,3,0
444.26,361.74,54,81,14,5,4.0,361.74,3,0
227.99,198.07,41,53,21,5,2.0,198.07,0,0
823.99,792.8,32,81,8,2,1.0,792.8,3,3
471.01,410.28,87,75,25,1,3.0,1766.0,0,1
289.93,218.36,37,44,17,0,4.0,218.36,0,0
434.46,427.29,64,67,8,1,0.0,427.29,3,0
1373.63,1272.7,39,57,28,1,2.0,1272.7,1,3
158.23,154.2,53,55,25,1,4.0,154.2,0,0
425.41,397.08,40,54,16,5,1.0,940.0,0,3
432.8,359.45,50,64,14,2,6.0,359.45,3,0
362.76,335.42,47,71,29,0,4.0,335.42,0,0
230.05,218.78,38,54,25,1,10.0,218.78,0,0
657.51,503.34,29,104,17,0,3.0,503.34,2,2
543.46,239.79,61,73,2,3,5.0,308.5,3,0
250.26,210.73,45,62,23,3,3.0,210.73,0,0
1075.91,1055.32,28,74,21,3,4.0,1055.32,1,3
1250.65,581.21,23,66,1,2,5.0,581.21,3,3
267.34,231.64,44,109,15,1,5.0,883.0,2,2
294.96,235.66,29,63,4,1,2.0,940.0,3,1
562.17,532.31,79,72,17,2,2.0,1178.0,0,1
383.31,382.74,51,54,2,2,2.0,886.0,3,1
219.22,183.67,33,62,8,5,1.0,183.67,3,0
492.45,404.53,71,71,19,2,2.0,404.53,0,0
1534.59,1059.76,76,71,4,0,5.0,1458.0,1,1
913.43,820.89,78,77,9,3,2.0,940.0,1,3
679.34,675.94,43,74,12,2,2.0,997.0,3,3
469.14,399.42,51,42,24,2,3.0,891.0,0,1
512.32,456.1,42,66,24,0,3.0,456.1,0,0
668.22,627.5,57,56,27,5,2.0,1312.0,0,3
412.57,402.27,58,64,9,5,2.0,1322.0,3,0
225.84,201.72,42,49,21,5,1.0,883.0,0,0
1131.44,994.42,56,59,20,3,1.0,940.0,1,3
442.12,275.75,36,63,3,3,4.0,940.0,3,0
457.17,441.2,34,65,3,0,4.0,441.2,3,0
866.96,733.04,33,67,11,2,0.0,733.04,3,3
190.0,154.96,58,109,18,5,2.0,1312.0,2,2
634.31,442.79,41,55,0,5,2.0,442.79,3,0
1528.33,1221.56,35,56,6,3,1.0,1312.0,1,3
643.34,608.99,64,69,3,0,3.0,1095.0,3,3
751.31,574.61,59,64,25,0,4.0,813.0,0,1
700.95,618.26,60,65,15,5,4.0,618.26,3,3
494.18,419.06,84,65,29,5,1.0,1987.0,0,1
201.69,200.06,41,64,18,3,1.0,308.5,0,0
377.41,308.57,26,68,24,1,0.0,1089.6666666666667,0,1
383.05,367.39,54,59,5,3,3.0,367.39,3,0
370.98,325.09,54,69,22,1,3.0,325.09,0,0
431.44,415.4,45,66,28,1,2.0,415.4,0,0
411.65,314.63,53,65,8,3,5.0,883.0,3,0
475.8,407.74,50,51,26,3,2.0,407.74,0,0
971.15,880.81,52,66,15,3,5.0,1322.0,1,3
274.99,236.51,51,111,2,3,7.0,236.51,2,2
291.75,246.88,72,104,11,1,2.0,246.88,2,2
532.34,187.88,42,65,4,1,2.0,187.88,3,0
622.61,597.58,58,53,10,3,0.0,997.0,3,3
768.79,631.64,39,66,9,1,6.0,1184.0,3,3
2235.92,1325.12,65,58,4,1,2.0,1325.12,1,3
429.59,409.05,19,74,21,3,0.0,409.05,0,0
1138.77,474.23,65,51,3,0,4.0,1987.0,1,1
703.93,658.1,90,56,16,5,2.0,1458.0,1,0
279.4,221.48,41,59,4,5,1.0,221.48,3,0
465.92,463.13,71,65,4,2,0.0,463.13,3,0
661.24,598.51,65,66,17,3,2.0,598.51,0,3
249.09,215.04,63,64,13,1,3.0,215.04,3,0
360.04,324.16,50,68,10,0,3.0,324.16,3,0
444.05,164.01,34,83,4,0,2.0,164.01,3,0
581.53,469.6,50,63,24,1,8.0,469.6,0,0
840.23,801.69,54,98,15,2,5.0,883.0,2,2
607.61,554.43,30,55,19,2,3.0,554.43,0,1
777.57,686.66,35,53,12,3,1.0,686.66,3,3
319.89,267.58,57,78,7,5,1.0,267.58,3,0
683.86,514.01,38,65,27,2,1.0,1184.0,0,1
745.91,653.22,39,69,12,0,4.0,653.22,3,0
439.51,410.95,8,66,16,5,1.0,1410.0,0,3
64.39,62.64,57,117,15,1,5.0,62.64,2,0
365.01,362.66,64,80,28,0,3.0,1014.0,0,0
208.56,201.62,46,54,25,1,3.0,1095.0,0,1
293.48,291.83,49,58,26,2,5.0,291.83,0,0
394.31,363.14,20,72,7,1,1.0,363.14,3,0
547.71,519.42,60,67,25,2,1.0,519.42,0,0
349.89,348.34,86,97,6,0,1.0,891.0,2,2
396.84,374.02,32,58,9,3,2.0,374.02,3,0
899.66,763.49,33,65,11,5,0.0,763.49,3,3
519.53,452.55,55,71,11,5,5.0,452.55,3,0
774.96,635.0,47,69,14,1,4.0,635.0,3,1
467.38,429.31,24,58,3,0,4.0,429.31,3,0
179.59,177.36,61,53,2,2,3.0,177.36,3,0
567.05,538.95,28,66,26,3,7.0,997.0,0,0
1293.05,1187.63,60,61,19,5,2.0,704.3333333333334,1,3
470.86,468.7,71,69,28,0,2.0,468.7,0,0
162.59,154.34,64,66,2,5,3.0,1322.0,3,0
454.33,382.05,36,69,20,2,2.0,382.05,0,0
390.99,343.96,29,70,7,3,4.0,1095.0,3,0
362.34,348.15,62,59,25,5,4.0,348.15,0,0
940.2,867.53,46,72,10,3,3.0,1322.0,1,3
863.32,748.87,60,55,28,5,2.0,748.87,0,3
437.92,415.3,22,64,15,2,4.0,1014.0,0,3
1182.35,887.54,34,131,2,3,4.0,887.54,2,2
494.59,451.8,65,75,3,0,4.0,1766.0,3,1
305.37,232.18,34,67,3,1,3.0,232.18,3,0
317.38,294.64,47,51,21,0,0.0,294.64,0,1
218.37,163.99,86,65,4,3,3.0,163.99,3,0
468.02,426.52,42,64,3,1,1.0,942.6666666666666,3,1
533.39,521.05,62,65,16,1,2.0,886.0,0,1
354.93,346.63,23,67,6,1,4.0,346.63,3,0
511.11,465.53,63,62,28,2,5.0,465.53,0,0
556.93,439.23,46,62,29,0,2.0,704.3333333333334,0,1
117.15,102.96,45,58,20,0,2.0,102.96,0,0
547.56,501.33,49,51,18,0,1.0,997.0,0,1
403.07,361.89,46,57,2,2,7.0,1322.0,3,0
192.77,186.82,28,74,2,1,3.0,1312.0,3,0
464.71,373.5,54,60,16,3,1.0,1184.0,0,1
467.92,267.54,79,99,5,3,6.0,1178.0,2,0
306.38,235.8,35,67,15,0,4.0,1089.6666666666667,0,0
800.14,639.41,51,68,2,0,0.0,891.0,3,3
166.24,160.04,33,47,25,5,4.0,997.0,0,0
957.28,819.5,35,56,13,1,3.0,886.0,1,3
499.52,412.57,62,59,3,2,4.0,942.6666666666666,3,0
655.04,582.89,47,56,8,0,2.0,582.89,3,3
334.11,305.05,80,58,3,5,2.0,997.0,3,1
345.92,266.61,32,69,10,5,6.0,266.61,3,0
207.35,180.85,34,63,14,3,6.0,180.85,3,0
374.81,301.17,24,71,8,1,4.0,1049.0,3,0
600.31,461.72,40,98,22,1,0.0,461.72,2,2
827.42,720.93,46,70,17,5,5.0,720.93,0,0
247.16,192.23,23,67,26,2,0.0,192.23,0,0
322.05,308.87,43,58,7,0,6.0,1089.6666666666667,3,0
1966.04,1632.53,25,71,29,1,1.0,1632.53,1,3
828.77,754.37,43,64,17,0,4.0,754.37,0,3
353.86,323.0,42,61,24,5,3.0,704.3333333333334,0,0
645.92,504.56,58,74,0,1,4.0,940.0,3,3
990.05,603.71,42,68,5,3,8.0,1322.0,3,3
1050.0,791.91,38,57,15,0,1.0,791.91,1,3
213.32,169.2,30,122,19,3,3.0,169.2,2,2
159.6,152.71,36,75,29,0,4.0,152.71,0,0
294.5,267.94,43,54,12,1,1.0,1312.0,3,1
601.77,520.18,72,64,28,2,3.0,520.18,0,1
358.08,346.32,30,63,5,0,0.0,346.32,3,0
668.43,663.3,45,58,4,0,1.0,1322.0,3,3
299.25,261.01,42,63,4,2,5.0,891.0,3,0
395.22,296.73,71,69,8,3,4.0,296.73,3,0
202.52,155.81,63,68,25,1,2.0,155.81,0,0
363.74,291.08,33,67,20,2,5.0,291.08,0,0
337.96,271.75,81,69,29,3,2.0,2317.0,0,1
312.14,299.31,7,67,26,5,4.0,940.0,0,0
442.93,369.13,52,69,9,2,4.0,369.13,3,0
704.93,672.86,69,77,8,3,5.0,672.86,3,0
191.0,163.54,36,99,12,0,4.0,940.0,2,2
684.12,518.98,51,66,15,3,3.0,518.98,3,0
523.81,413.56,50,62,27,3,4.0,891.0,0,1
411.82,333.17,68,82,3,0,2.0,1987.0,3,1
506.71,483.58,37,63,22,3,5.0,483.58,0,0
1056.76,825.4,41,69,20,0,3.0,825.4,1,3
430.9,395.86,52,67,10,0,6.0,1014.0,3,0
1379.73,1069.64,59,56,25,1,4.0,1069.64,1,3
613.1,585.39,48,69,10,5,4.0,585.39,3,0
323.82,303.15,75,60,20,5,1.0,303.15,0,0
918.3,693.32,44,62,29,0,4.0,891.0,0,1
268.14,230.27,62,62,19,3,0.0,704.3333333333334,0,1
872.29,751.13,55,57,9,5,4.0,751.13,3,3
235.79,220.45,24,57,29,5,1.0,1184.0,0,0
516.84,474.36,27,50,24,3,3.0,474.36,0,0
255.67,222.71,67,69,4,0,6.0,940.0,3,0
744.19,535.67,40,69,2,0,3.0,535.67,3,3
646.91,525.36,16,66,18,2,1.0,1260.0,0,0
289.65,275.03,38,50,4,0,2.0,275.03,3,0
549.45,509.14,45,57,21,5,1.0,509.14,0,3
703.47,580.91,43,134,8,3,4.0,580.91,2,2
441.47,418.37,49,76,28,3,2.0,418.37,0,0
576.29,555.63,16,59,9,2,4.0,940.0,3,3
287.42,251.61,31,52,14,5,2.0,251.61,3,0
585.33,538.46,36,74,29,0,1.0,538.46,0,0
346.82,299.76,37,66,25,2,4.0,1095.0,0,0
937.03,842.73,36,60,10,2,5.0,1089.6666666666667,1,3
356.24,306.73,32,75,14,3,2.0,306.73,3,0
443.5,245.37,61,110,0,5,0.0,1184.0,2,0
1157.71,919.89,88,61,4,2,0.0,891.0,1,1
225.24,208.62,41,67,24,0,0.0,942.6666666666666,0,1
1332.94,1087.21,55,59,7,3,2.0,883.0,1,3
535.44,465.12,54,52,29,1,4.0,1095.0,0,0
339.85,261.71,50,74,22,0,6.0,261.71,0,0
231.49,192.64,46,71,19,3,2.0,1095.0,0,1
414.05,402.21,83,49,26,2,4.0,1458.0,0,1
324.98,301.2,57,60,15,2,2.0,891.0,0,1
105.14,91.76,49,73,16,3,5.0,91.76,0,0
318.67,270.12,60,67,2,3,6.0,270.12,3,0
1083.68,485.17,42,69,5,2,3.0,485.17,3,3
383.67,379.66,54,68,10,2,3.0,379.66,3,0
1211.22,1204.62,58,52,9,5,3.0,1089.6666666666667,1,3
279.62,226.21,43,72,2,3,4.0,226.21,3,0
844.36,773.44,90,59,4,1,2.0,773.44,3,3
158.89,136.05,39,63,11,3,0.0,136.05,3,0
1395.25,527.1,76,69,4,3,0.0,527.1,3,1
351.15,279.71,33,57,15,2,4.0,279.71,0,0
350.0,300.68,51,57,3,1,3.0,300.68,3,0
1556.06,1357.48,11,53,10,3,3.0,1357.48,1,3
260.27,220.18,37,55,8,5,0.0,220.18,3,0
871.26,758.16,67,67,3,2,1.0,758.16,3,1
441.66,427.52,41,75,23,5,4.0,427.52,0,0
367.61,287.13,53,77,19,3,3.0,287.13,0,0
383.0,382.93,78,102,15,1,2.0,1987.0,2,1
144.16,131.76,54,64,3,2,3.0,131.76,3,0
939.79,801.01,46,69,4,5,3.0,801.01,3,3
326.04,291.52,56,71,12,3,1.0,291.52,3,0
211.86,199.26,60,66,24,2,3.0,199.26,0,0
160.81,143.35,76,66,19,0,1.0,143.35,0,0
601.15,536.37,64,55,17,5,2.0,1089.6666666666667,0,0
253.53,250.11,46,70,14,2,3.0,250.11,3,0
331.93,290.48,68,74,25,5,0.0,997.0,0,1
165.84,147.65,48,57,23,1,5.0,1312.0,0,0
975.61,745.44,55,59,10,5,4.0,745.44,3,3
407.64,373.75,45,121,6,1,0.0,373.75,2,2
374.23,293.03,21,68,6,1,3.0,293.03,3,0
359.23,269.75,24,65,2,0,5.0,883.0,3,0
1039.84,572.69,54,105,5,2,3.0,572.69,2,2
1226.68,887.45,42,59,1,3,4.0,887.45,1,3
977.4,786.84,22,64,4,2,2.0,786.84,3,3
924.56,738.14,50,96,10,5,0.0,997.0,2,0
737.86,678.09,6,68,14,2,4.0,678.09,3,1
247.81,191.6,92,68,23,3,0.0,191.6,0,0
1025.92,861.78,27,62,11,1,2.0,861.78,1,3
304.78,253.52,66,69,21,2,4.0,2317.0,0,1
334.69,326.28,46,112,3,3,1.0,326.28,2,2
1463.31,1445.11,59,61,17,5,3.0,1184.0,1,3
426.49,376.64,58,61,6,3,2.0,1089.6666666666667,3,1
1065.42,1063.72,22,75,24,1,2.0,1063.72,1,3
535.02,496.38,54,65,10,1,2.0,883.0,3,1
138.37,134.08,44,68,22,0,7.0,883.0,0,0
469.39,451.62,57,61,10,1,1.0,308.5,3,0
253.36,227.9,36,68,21,0,3.0,1312.0,0,0
271.45,209.1,56,56,5,2,1.0,1322.0,3,1
381.96,324.05,50,62,2,5,1.0,324.05,3,0
1029.65,798.83,28,69,13,5,2.0,798.83,1,3
476.7,389.3,32,71,28,5,2.0,308.5,0,0
563.44,444.67,51,55,5,5,1.0,942.6666666666666,3,0
315.01,266.92,40,67,20,5,0.0,891.0,0,0
457.0,384.66,60,66,6,2,1.0,384.66,3,0
576.91,537.1,69,64,13,0,0.0,1987.0,3,1
500.44,488.19,59,60,22,1,5.0,488.19,0,0
1154.71,1094.0,20,72,11,0,3.0,942.6666666666666,1,3
474.04,415.57,46,57,8,3,5.0,704.3333333333334,3,0
963.37,358.95,53,52,1,0,0.0,1312.0,3,1
519.29,462.81,36,75,12,5,4.0,704.3333333333334,3,0
269.8,211.38,83,60,23,2,2.0,211.38,0,0
1901.28,1040.35,56,112,3,5,3.0,1184.0,1,3
1339.77,1037.22,63,51,25,3,2.0,1037.22,1,3
569.94,518.11,32,66,7,2,4.0,1049.0,3,3
640.09,567.11,55,86,12,5,2.0,883.0,3,0
722.78,677.85,10,57,23,0,5.0,1095.0,0,0
715.17,598.4,48,60,4,2,5.0,940.0,3,0
677.31,666.84,76,70,25,5,0.0,666.84,0,3
235.05,201.22,77,67,27,2,3.0,891.0,0,1
391.27,390.78,21,51,2,3,7.0,390.78,3,0
255.42,223.27,79,55,4,1,2.0,1766.0,3,1
319.02,300.42,67,63,6,0,4.0,300.42,3,0
297.08,278.23,11,59,13,3,4.0,278.23,3,0
1377.1,1105.84,69,79,21,3,2.0,1361.0,1,3
983.37,786.98,72,114,10,3,5.0,786.98,2,3
289.61,221.6,39,60,17,0,0.0,221.6,0,0
450.12,442.48,49,58,21,0,2.0,1322.0,0,1
249.32,238.58,32,67,10,1,2.0,238.58,3,0
425.48,417.33,29,70,19,2,2.0,308.5,0,0
350.62,268.34,46,124,27,3,3.0,883.0,2,2
708.19,686.86,52,53,21,2,1.0,686.86,0,1
586.36,539.16,69,64,29,2,1.0,886.0,0,1
2221.22,1748.29,55,58,14,3,2.0,1748.29,1,3
749.59,699.54,43,68,21,2,4.0,1049.0,0,3
1160.76,1115.48,23,122,2,1,3.0,1115.48,2,2
821.74,445.43,53,67,3,5,3.0,883.0,3,3
337.97,292.72,46,58,17,2,5.0,886.0,0,0
298.72,227.35,35,47,22,3,2.0,227.35,0,0
681.91,633.74,35,57,20,5,4.0,633.74,0,3
327.38,279.66,42,68,6,3,2.0,279.66,3,0
278.86,255.51,59,58,13,3,3.0,255.51,3,0
560.78,424.69,65,63,6,5,3.0,424.69,3,0
575.82,532.12,37,71,6,3,5.0,1184.0,3,0
194.46,148.91,51,68,25,3,5.0,940.0,0,1
398.08,316.57,40,61,19,1,4.0,308.5,0,0
1198.88,944.94,50,104,10,0,1.0,944.94,2,3
263.55,251.26,35,65,2,2,4.0,1049.0,3,0
323.17,302.56,62,122,7,1,4.0,940.0,2,2
289.42,226.18,41,60,8,2,6.0,226.18,3,0
793.1,607.18,70,57,4,0,2.0,2782.0,1,1
293.44,269.93,52,68,22,1,1.0,269.93,0,0
522.76,480.57,60,61,23,3,3.0,883.0,0,1
771.98,612.15,42,63,5,0,2.0,1014.0,3,3
775.6,680.24,69,53,7,2,1.0,680.24,3,1
316.58,295.17,28,83,28,5,4.0,1014.0,0,0
436.83,367.65,71,62,16,1,5.0,367.65,0,0
307.84,230.94,46,51,10,5,5.0,230.94,3,0
237.57,158.19,33,78,0,1,6.0,158.19,3,0
202.7,160.23,54,65,25,0,2.0,160.23,0,0
304.48,262.54,47,61,18,1,2.0,942.6666666666666,0,1
621.06,481.94,68,67,19,1,8.0,1014.0,0,0
836.97,749.36,59,54,21,1,3.0,1095.0,0,1
1007.98,786.18,35,121,3,0,2.0,942.6666666666666,2,2
960.02,756.01,44,59,4,5,5.0,756.01,3,3
475.0,465.15,63,69,11,1,4.0,1095.0,3,1
323.05,280.02,46,56,7,5,1.0,813.0,3,0
285.03,224.53,56,70,29,2,1.0,891.0,0,1
336.86,325.36,39,71,21,3,3.0,1322.0,0,0
329.36,305.12,26,67,10,3,3.0,813.0,3,1
1020.78,781.51,20,58,13,0,4.0,704.3333333333334,1,3
845.66,641.03,73,66,26,2,3.0,641.03,0,1
326.9,284.91,66,67,10,1,0.0,1987.0,3,1
573.94,509.98,57,65,17,0,0.0,509.98,0,1
507.8,453.73,84,64,5,1,3.0,940.0,3,1
398.61,330.28,91,57,14,0,4.0,1095.0,3,1
689.17,433.91,71,101,6,3,4.0,433.91,2,2
583.77,557.19,40,65,17,2,4.0,646.0,0,0
456.79,449.83,44,64,15,2,2.0,449.83,0,0
729.81,697.18,92,64,23,1,0.0,1214.0,0,1
207.14,178.95,42,70,7,5,2.0,178.95,3,0
574.98,439.49,27,82,29,5,2.0,1322.0,0,0
854.39,647.19,54,62,9,3,3.0,886.0,3,3
551.92,430.76,42,72,13,3,1.0,430.76,3,0
593.74,539.36,66,58,17,0,2.0,886.0,0,1
559.77,525.83,31,66,3,0,5.0,525.83,3,0
628.27,606.19,41,69,13,0,3.0,606.19,3,0
609.57,450.6,76,74,0,0,0.0,1178.0,3,1
462.51,455.71,35,62,15,0,1.0,455.71,0,0
1065.23,920.06,95,56,16,1,5.0,920.06,1,1
158.86,127.01,35,63,5,5,4.0,883.0,3,0
812.69,789.48,43,50,7,1,4.0,1014.0,3,3
537.85,527.32,13,65,4,0,1.0,940.0,3,1
221.7,167.34,29,44,11,0,5.0,167.34,3,0
920.25,742.88,46,107,5,0,1.0,742.88,2,2
333.15,282.12,86,70,4,3,5.0,1361.0,3,0
511.51,430.71,59,65,17,0,4.0,430.71,0,0
483.71,416.05,55,63,25,1,3.0,942.6666666666666,0,1
101.54,100.61,13,61,18,1,6.0,1273.0,0,0
360.45,353.62,47,63,26,3,4.0,353.62,0,0
1404.49,1339.31,69,68,13,5,3.0,1458.0,1,3
292.52,279.38,38,68,9,0,3.0,279.38,3,0
350.22,145.53,53,51,0,5,2.0,940.0,3,0
355.3,333.99,34,74,20,0,5.0,333.99,0,0
325.43,244.26,55,66,29,0,4.0,883.0,0,0
376.85,337.46,59,55,29,2,1.0,337.46,0,0
1442.74,775.22,48,84,0,1,2.0,940.0,1,3
654.84,558.2,58,63,8,2,3.0,1014.0,3,1
258.49,206.45,53,82,18,0,3.0,886.0,0,1
908.1,713.91,63,69,18,5,0.0,713.91,0,3
314.87,267.29,33,66,23,5,2.0,308.5,0,0
163.19,151.19,64,59,26,3,1.0,942.6666666666666,0,1
928.68,794.03,52,68,11,0,3.0,794.03,1,3
527.87,424.31,30,69,13,2,4.0,1014.0,3,3
925.24,875.68,54,67,5,0,5.0,875.68,1,3
191.86,190.17,72,74,10,2,4.0,1987.0,3,1
560.7,556.1,36,74,13,0,1.0,556.1,3,1
879.95,847.39,44,77,10,1,3.0,847.39,1,3
673.2,569.6,47,64,5,0,3.0,891.0,3,3
697.22,539.1,38,114,3,3,4.0,940.0,2,2
283.89,245.61,37,63,3,5,4.0,245.61,3,0
626.65,496.59,78,77,2,0,2.0,1361.0,3,1
935.51,726.16,55,68,18,1,5.0,942.6666666666666,1,1
288.68,247.7,38,50,8,2,7.0,1014.0,3,0
377.0,348.18,54,107,22,1,5.0,1014.0,2,2
298.3,268.94,31,66,19,1,2.0,268.94,0,0
124.78,108.87,18,59,28,5,4.0,1049.0,0,0
1548.45,808.39,40,63,5,0,3.0,1322.0,1,3
181.14,136.2,64,73,2,5,3.0,136.2,3,0
520.02,490.83,37,79,21,5,3.0,490.83,0,0
343.47,322.17,92,46,21,1,3.0,1014.0,0,1
1001.41,796.13,37,77,9,0,0.0,796.13,1,3
405.81,344.59,76,65,3,3,1.0,940.0,3,1
188.3,151.13,38,66,19,1,2.0,151.13,0,0
177.08,142.05,44,60,24,2,0.0,142.05,0,0
432.3,331.69,51,60,8,0,4.0,331.69,3,0
419.58,404.36,60,59,28,5,3.0,404.36,0,0
365.1,283.82,58,57,13,2,5.0,1184.0,3,0
478.82,447.59,66,79,29,1,1.0,447.59,0,0
413.09,381.23,54,66,18,0,3.0,381.23,0,0
289.65,276.94,49,57,26,2,2.0,276.94,0,0
935.29,822.08,52,61,13,5,1.0,1089.6666666666667,1,3
414.4,221.48,25,70,1,5,2.0,221.48,3,0
775.75,634.35,68,72,14,1,5.0,1361.0,3,0
765.82,762.39,33,58,12,0,5.0,762.39,3,3
3210.5,1197.24,52,70,1,5,7.0,1095.0,1,3
522.61,486.49,57,55,4,3,3.0,997.0,3,1
322.17,307.56,38,80,6,5,1.0,308.5,3,0
411.53,401.93,47,73,10,3,3.0,401.93,3,0
343.02,301.17,41,59,16,3,8.0,301.17,0,0
1957.68,1369.22,59,71,2,2,7.0,891.0,1,3
798.1,688.17,1,118,17,0,5.0,688.17,2,2
394.15,305.72,81,66,20,2,3.0,305.72,0,0
199.46,186.04,47,61,10,1,2.0,704.3333333333334,3,1
1062.43,954.93,73,63,10,3,4.0,954.93,1,3
229.01,182.18,19,78,27,3,0.0,182.18,0,0
432.16,391.44,57,76,27,3,4.0,1322.0,0,1
1368.02,1165.08,51,73,11,1,3.0,704.3333333333334,1,3
515.39,427.83,95,60,3,3,4.0,427.83,3,0
99.77,88.72,79,56,21,5,0.0,1049.0,0,1
625.0,518.45,40,107,3,0,3.0,704.3333333333334,2,2
510.79,464.45,84,57,8,3,7.0,1458.0,3,0
250.31,210.12,80,68,22,3,1.0,210.12,0,0
662.73,656.82,80,106,22,2,3.0,891.0,2,2
456.82,444.01,73,79,19,2,3.0,444.01,0,0
388.64,349.39,59,73,23,0,5.0,1014.0,0,0
1671.55,571.71,58,68,3,5,1.0,997.0,1,3
600.06,450.99,39,77,7,2,5.0,450.99,3,0
293.6,248.33,30,63,28,0,4.0,248.33,0,0
169.6,147.1,45,70,28,2,3.0,147.1,0,0
378.22,289.44,33,71,18,5,1.0,1312.0,0,0
574.89,446.77,49,69,18,5,0.0,446.77,0,3
458.0,421.47,24,65,28,3,3.0,886.0,0,0
1886.73,1695.99,39,73,23,2,5.0,1695.99,1,3
854.21,850.85,63,65,25,0,6.0,850.85,0,1
441.95,348.81,87,60,15,0,1.0,348.81,0,0
99.38,97.09,65,78,17,2,4.0,1766.0,0,0
308.78,308.07,46,67,4,3,0.0,308.07,3,0
870.15,737.23,72,63,10,3,3.0,940.0,3,3
482.14,455.19,66,61,24,5,3.0,455.19,0,0
636.87,629.76,35,67,20,5,3.0,883.0,0,3
239.12,193.66,43,66,8,0,6.0,193.66,3,0
495.47,495.24,30,65,18,5,0.0,495.24,0,3
185.29,176.69,32,49,18,2,4.0,883.0,0,0
729.99,699.91,31,76,15,3,4.0,699.91,3,3
682.04,468.28,26,62,0,1,1.0,468.28,3,0
386.21,325.07,80,61,12,0,0.0,325.07,3,0
798.95,642.36,66,61,4,5,2.0,1458.0,3,0
165.6,134.29,47,58,2,5,3.0,134.29,3,0
247.04,198.5,69,60,10,3,4.0,198.5,3,0
1302.9,1279.03,50,71,23,5,4.0,1279.03,1,3
235.55,232.62,58,103,25,1,2.0,1322.0,2,2
637.09,505.33,32,51,29,3,4.0,505.33,0,0
209.3,163.28,43,70,22,3,4.0,163.28,0,0
347.88,309.79,52,67,15,3,5.0,997.0,3,0
346.2,345.84,62,53,2,5,5.0,1312.0,3,0
419.34,321.04,37,69,10,2,3.0,321.04,3,0
614.0,471.39,35,61,16,5,1.0,940.0,0,3
200.62,185.79,63,60,16,0,5.0,185.79,0,0
733.89,726.29,38,88,19,1,0.0,726.29,2,1
250.77,194.55,56,74,7,2,2.0,1089.6666666666667,3,1
480.69,462.71,44,64,23,2,1.0,462.71,0,0
457.88,421.13,40,62,20,1,4.0,421.13,0,0
268.65,220.47,52,58,5,1,0.0,1312.0,3,1
160.71,133.39,41,62,2,1,3.0,704.3333333333334,3,1
169.98,154.62,52,54,27,3,0.0,154.62,0,0
375.43,367.27,30,71,19,2,3.0,1312.0,0,0
775.65,682.38,20,64,28,3,1.0,682.38,0,1
253.44,237.31,40,65,13,2,4.0,1049.0,3,0
182.39,171.68,65,75,9,2,4.0,1987.0,3,1
799.01,688.95,53,58,17,2,5.0,688.95,0,0
190.6,149.04,69,73,1,3,2.0,149.04,3,0
588.72,469.94,15,113,15,2,2.0,750.5,2,2
341.97,326.39,39,69,23,2,8.0,997.0,0,0
182.17,146.22,62,74,12,1,3.0,146.22,3,0
733.43,722.65,57,80,18,0,3.0,1312.0,1,1
330.17,308.07,80,61,16,3,2.0,308.07,0,0
1416.58,1267.77,76,51,14,2,4.0,1014.0,1,3
322.3,318.2,59,70,20,3,3.0,318.2,0,0
255.93,230.51,40,61,20,0,3.0,230.51,0,0
490.18,404.89,62,67,2,3,5.0,404.89,3,0
189.97,150.47,73,56,3,5,3.0,1458.0,3,0
486.15,484.49,69,76,11,5,2.0,1095.0,3,0
677.73,622.57,47,69,3,0,1.0,308.5,3,0
549.48,351.15,47,66,2,3,4.0,351.15,3,3
435.95,358.89,40,67,7,2,3.0,646.0,3,0
933.7,715.22,42,72,15,1,2.0,715.22,3,1
549.6,544.91,45,54,16,5,6.0,1322.0,3,0
824.71,670.6,76,66,21,5,4.0,670.6,0,0
273.66,211.02,33,65,29,5,1.0,1312.0,0,0
397.91,396.49,34,67,4,1,0.0,396.49,3,0
345.19,341.87,62,71,2,2,7.0,940.0,3,0
199.22,176.56,39,112,10,1,2.0,886.0,2,2
336.27,272.61,76,59,9,3,4.0,272.61,3,0
152.47,146.35,39,64,29,3,2.0,146.35,0,0
716.73,665.54,47,60,9,2,1.0,665.54,3,3
208.94,201.96,48,61,11,0,0.0,1014.0,3,1
659.86,582.27,55,83,5,5,4.0,582.27,3,0
1498.16,1338.25,95,64,15,5,2.0,1338.25,1,3
592.76,513.33,51,67,11,5,7.0,513.33,3,0
1670.09,1484.18,52,120,4,5,3.0,1322.0,1,3
382.5,370.93,73,65,16,3,6.0,1095.0,0,0
430.65,348.57,48,66,20,5,4.0,1312.0,0,0
455.8,431.59,46,59,3,3,3.0,308.5,3,0
414.77,321.34,65,83,7,1,4.0,1014.0,3,0
587.52,525.81,67,68,7,1,4.0,1987.0,3,1
610.32,492.16,22,70,12,5,2.0,1014.0,3,3
331.25,300.95,27,60,25,3,3.0,891.0,0,0
298.57,296.61,37,66,27,2,4.0,942.6666666666666,0,0
587.66,543.19,36,74,23,3,1.0,543.19,0,0
128.48,115.45,73,61,2,2,4.0,115.45,3,0
762.49,653.86,68,54,26,2,5.0,1987.0,1,1
1115.98,743.52,38,58,1,5,1.0,1049.0,1,3
1628.35,886.74,83,83,1,1,2.0,886.74,1,3
1540.21,555.91,40,114,3,0,2.0,1322.0,2,2
519.4,445.54,16,63,19,2,1.0,1662.5,0,0
625.7,606.61,79,64,16,5,2.0,1049.0,3,0
519.45,466.72,48,64,3,2,5.0,940.0,3,0
595.77,458.23,61,62,6,3,6.0,458.23,3,0
201.04,156.37,88,68,16,2,3.0,1766.0,0,1
530.13,398.78,41,70,8,2,3.0,1014.0,3,3
1373.53,1087.35,70,58,0,5,0.0,1087.35,1,3
489.48,409.95,25,70,7,0,4.0,409.95,3,0
548.5,543.27,50,71,19,3,2.0,891.0,0,1
220.39,196.57,50,66,29,1,5.0,196.57,0,0
362.39,310.78,31,64,11,5,5.0,1014.0,3,0
296.2,239.25,46,89,18,3,5.0,239.25,0,2
570.01,499.2,65,65,2,3,0.0,499.2,3,0
383.74,348.19,33,68,28,2,2.0,704.3333333333334,0,1
235.61,218.73,70,108,11,3,3.0,1214.0,2,2
597.02,543.65,45,55,7,3,1.0,704.3333333333334,3,3
385.37,298.64,87,74,2,5,3.0,298.64,3,0
1010.39,892.15,38,79,14,5,7.0,1089.6666666666667,1,3
434.37,379.85,52,64,3,1,4.0,883.0,3,0
968.34,935.54,5,63,6,2,0.0,1049.0,1,3
111.81,100.52,33,67,22,2,3.0,100.52,0,0
477.05,302.11,46,64,6,2,3.0,704.3333333333334,3,0
379.73,355.7,45,67,20,0,6.0,813.0,0,0
281.51,173.16,42,60,1,2,3.0,997.0,3,1
251.59,224.94,58,59,27,2,3.0,883.0,0,1
799.67,644.77,44,44,16,5,2.0,883.0,3,3
393.66,331.37,54,78,24,3,3.0,997.0,0,1
389.83,354.62,75,59,24,2,1.0,354.62,0,0
538.65,526.96,33,74,2,3,1.0,526.96,3,3
1124.43,992.0,59,53,17,5,2.0,1014.0,1,3
1370.86,1246.06,46,60,5,1,5.0,1246.06,1,3
389.84,387.14,42,111,2,1,3.0,883.0,2,2
1289.94,582.75,65,65,3,5,4.0,997.0,1,3
331.85,297.98,70,56,21,1,2.0,1014.0,0,1
143.0,135.88,44,81,16,1,5.0,135.88,0,0
208.35,205.39,51,63,2,0,2.0,942.6666666666666,3,1
458.45,397.57,35,65,19,2,1.0,1312.0,0,0
403.2,378.8,29,79,19,2,1.0,1014.0,0,1
356.14,330.06,34,65,17,3,2.0,330.06,0,0
1248.37,979.02,42,55,26,2,4.0,979.02,1,3
370.4,347.06,27,98,22,5,2.0,347.06,2,2
194.88,175.32,44,62,28,1,5.0,308.5,0,0
889.19,754.76,48,54,20,3,5.0,754.76,0,0
540.31,410.64,11,60,20,1,1.0,1410.0,0,0
1054.54,1037.72,50,71,21,2,0.0,891.0,1,3
617.15,515.84,56,69,8,1,3.0,704.3333333333334,3,3
251.11,201.8,25,76,10,1,6.0,201.8,3,0
212.49,190.08,36,74,14,1,2.0,1014.0,3,0
511.96,497.99,43,65,26,0,3.0,497.99,0,0
553.56,480.06,67,109,18,5,4.0,480.06,2,2
622.93,503.99,23,70,21,2,2.0,704.3333333333334,0,1
1729.7,1161.13,57,71,2,5,2.0,997.0,1,3
434.14,356.81,46,76,7,2,1.0,356.81,3,0
183.27,177.67,75,45,23,3,3.0,2317.0,0,1
505.77,463.12,45,61,15,5,1.0,463.12,3,3
541.14,485.54,84,57,28,3,1.0,883.0,0,1
261.53,255.04,39,64,9,1,2.0,704.3333333333334,3,1
263.27,197.46,89,81,19,5,1.0,883.0,0,0
1301.3,1077.75,63,54,3,3,4.0,1077.75,1,3
729.4,724.38,48,94,17,2,4.0,1184.0,2,2
366.11,361.37,22,62,15,1,4.0,891.0,0,0
257.61,198.05,54,67,7,2,5.0,198.05,3,0
273.03,247.13,43,133,25,0,2.0,247.13,2,2
419.23,378.92,53,77,22,1,4.0,378.92,0,0
1247.08,726.76,60,55,4,5,2.0,726.76,1,3
451.25,431.6,24,60,17,3,1.0,431.6,0,0
468.33,453.23,52,68,22,5,3.0,1049.0,0,0
1195.61,982.07,51,74,28,0,1.0,1014.0,1,3
629.93,553.06,57,60,6,5,5.0,553.06,3,0
715.34,308.9,53,108,0,5,2.0,1095.0,2,0
236.88,229.78,37,61,17,2,3.0,229.78,0,0
525.36,396.83,72,106,11,5,5.0,396.83,2,2
160.16,120.49,30,73,15,3,0.0,120.49,0,0
551.26,421.53,59,76,4,2,3.0,421.53,3,0
929.45,907.66,55,61,4,5,3.0,1095.0,1,3
1372.95,1097.09,69,61,24,1,4.0,1097.09,1,3
227.78,198.98,46,71,12,2,4.0,1095.0,3,0
1032.79,800.55,68,121,25,1,2.0,800.55,2,2
1191.09,1017.6,52,58,23,5,3.0,704.3333333333334,1,3
728.56,680.07,31,48,13,1,6.0,886.0,3,3
433.4,368.98,50,60,5,5,0.0,308.5,3,0
457.57,421.16,5,63,27,3,7.0,940.0,0,0
256.27,237.57,23,62,12,0,3.0,1095.0,3,1
651.47,606.7,45,84,14,2,2.0,606.7,3,2
229.95,188.72,45,64,2,0,5.0,891.0,3,0
499.61,487.98,48,61,19,0,4.0,1049.0,0,0
581.64,572.04,31,81,24,5,3.0,308.5,0,0
752.52,573.6,49,61,4,0,2.0,1312.0,3,3
469.31,415.74,45,63,29,0,3.0,415.74,0,0
356.21,296.38,48,125,14,3,2.0,997.0,2,2
490.75,381.22,11,84,21,5,1.0,750.5,0,3
813.93,803.91,21,66,15,3,0.0,813.0,1,1
248.25,211.35,69,69,10,0,2.0,891.0,3,1
588.37,426.22,72,60,1,2,1.0,426.22,3,1
669.46,619.52,66,71,7,0,1.0,940.0,3,1
764.65,600.48,75,63,10,0,2.0,997.0,3,1
851.75,721.46,65,44,29,2,0.0,940.0,0,1
774.78,712.92,88,68,12,2,1.0,1361.0,1,1
907.43,736.71,95,70,9,0,5.0,1095.0,1,3
1334.8,1317.9,29,69,20,2,4.0,1317.9,1,3
184.6,181.04,82,106,24,3,4.0,891.0,2,2
650.5,621.9,29,59,9,5,4.0,1014.0,3,3
355.75,267.34,66,67,3,2,5.0,267.34,3,0
1091.89,944.87,79,60,26,5,0.0,883.0,1,3
271.44,236.46,43,63,27,5,2.0,997.0,0,0
504.13,437.65,30,64,6,3,2.0,437.65,3,3
1186.74,1117.72,76,52,2,5,5.0,1117.72,1,3
305.65,259.86,43,70,28,5,2.0,886.0,0,0
450.22,369.72,24,56,26,1,1.0,940.0,0,1
584.11,576.59,42,68,6,1,5.0,576.59,3,3
266.0,265.66,36,69,26,1,4.0,883.0,0,0
390.41,360.37,31,69,24,3,3.0,360.37,0,0
514.42,411.75,52,57,3,5,0.0,411.75,3,0
247.68,195.99,50,63,18,3,3.0,891.0,0,0
364.87,354.77,73,66,22,3,1.0,354.77,0,0
308.82,236.62,22,57,13,0,4.0,1312.0,3,0
314.11,289.47,29,61,19,5,3.0,997.0,0,0
259.95,257.22,49,68,6,1,2.0,257.22,3,0
1166.07,1140.86,62,62,6,2,2.0,1140.86,1,3
338.81,286.87,45,116,14,3,4.0,286.87,2,2
467.94,451.0,50,46,12,1,2.0,886.0,3,1
584.12,542.24,75,69,8,5,3.0,940.0,3,0
2568.69,2030.79,54,64,3,0,5.0,997.0,1,3
241.93,235.49,57,56,6,1,5.0,235.49,3,0
234.84,192.46,43,69,23,1,0.0,886.0,0,1
400.3,308.05,49,79,12,5,4.0,308.05,3,0
950.79,829.99,55,70,6,5,3.0,829.99,1,3
1838.12,1674.34,58,66,29,1,5.0,1312.0,1,3
252.94,235.99,67,70,12,2,3.0,1014.0,3,1
891.43,817.27,38,80,25,3,1.0,997.0,1,1
566.65,537.86,59,59,13,3,5.0,1049.0,3,0
551.18,427.37,38,65,23,0,6.0,427.37,0,0
232.99,201.01,64,106,17,2,3.0,201.01,2,2
363.64,337.13,41,109,22,5,2.0,337.13,2,2
693.72,669.15,73,61,28,5,4.0,2317.0,1,1
423.73,396.19,22,69,23,0,3.0,396.19,0,0
327.49,263.37,42,61,24,1,3.0,263.37,0,0
793.66,698.41,38,73,10,2,3.0,698.41,3,3
359.08,322.25,28,66,26,3,2.0,322.25,0,0
532.63,498.08,29,66,6,5,2.0,308.5,3,0
738.11,710.01,27,62,20,2,1.0,704.3333333333334,0,1
490.6,449.4,22,70,6,2,8.0,813.0,3,3
1032.2,824.22,58,70,20,5,1.0,886.0,1,3
2350.88,1994.41,76,68,17,5,2.0,2317.0,1,3
611.36,526.28,53,58,11,3,4.0,997.0,3,3
573.33,552.39,37,52,5,0,1.0,886.0,3,1
655.05,608.68,80,63,2,5,3.0,1766.0,3,0
272.83,238.92,51,59,19,3,2.0,1322.0,0,1
422.03,363.71,44,64,24,3,2.0,363.71,0,0
952.41,732.36,75,62,6,3,2.0,1214.0,1,1
1146.02,975.64,68,60,24,5,5.0,1766.0,1,1
727.81,579.52,70,66,26,5,0.0,1987.0,0,1
964.83,957.12,39,65,23,3,5.0,1089.6666666666667,1,3
1042.34,1020.18,55,75,4,3,3.0,1020.18,1,3
234.5,204.51,66,58,15,0,5.0,204.51,0,0
665.09,589.6,59,69,16,3,6.0,1089.6666666666667,3,0
238.74,199.53,42,74,7,5,1.0,199.53,3,0
551.55,461.56,16,63,29,5,3.0,461.56,0,0
209.26,200.48,59,65,16,2,4.0,1089.6666666666667,0,0
1155.38,807.17,31,63,3,2,1.0,807.17,1,3
908.14,838.23,50,70,13,2,6.0,883.0,1,3
699.98,648.87,74,61,21,5,5.0,648.87,0,0
321.04,253.43,46,57,22,1,2.0,253.43,0,0
728.71,687.43,31,64,29,1,2.0,704.3333333333334,0,1
291.19,238.25,27,57,29,0,4.0,238.25,0,0
257.7,251.24,34,70,15,3,5.0,886.0,0,0
375.23,292.55,62,102,26,1,2.0,292.55,2,2
124.07,122.66,35,76,14,3,2.0,122.66,0,0
2260.09,1670.29,78,106,3,1,2.0,940.0,1,3
351.77,266.33,85,65,12,3,1.0,266.33,3,0
322.66,304.85,25,74,25,2,1.0,1089.6666666666667,0,1
892.1,831.17,64,57,18,2,0.0,813.0,1,1
554.55,470.94,55,68,27,1,3.0,1312.0,0,1
263.96,227.98,54,64,23,3,1.0,1095.0,0,1
853.47,836.27,41,119,10,2,5.0,836.27,2,2
191.66,174.16,54,70,4,0,5.0,1312.0,3,0
313.41,309.03,49,70,16,1,1.0,309.03,0,0
852.78,699.41,56,53,12,3,7.0,699.41,3,3
294.98,230.91,39,72,12,2,0.0,230.91,3,0
664.59,517.69,38,67,2,2,2.0,1014.0,3,3
285.77,244.13,20,60,2,2,4.0,1095.0,3,1
265.16,200.11,53,70,13,2,8.0,200.11,3,0
280.07,270.17,41,66,29,5,1.0,308.5,0,0
314.41,265.8,42,63,28,2,0.0,265.8,0,0
434.91,419.07,78,67,19,2,0.0,2317.0,0,1
490.19,472.88,55,72,4,5,4.0,472.88,3,0
496.28,435.64,30,58,3,1,3.0,435.64,3,0
276.41,271.9,31,69,24,5,4.0,883.0,0,0
187.15,146.81,83,66,15,0,7.0,883.0,0,0
642.63,623.29,36,57,17,2,4.0,891.0,0,1
799.57,648.04,45,115,27,1,5.0,648.04,2,2
623.96,608.49,39,68,9,1,5.0,608.49,3,3
359.46,343.74,59,73,6,0,3.0,343.74,3,0
628.34,547.03,36,46,12,1,3.0,547.03,3,1
296.29,268.85,73,69,14,0,2.0,268.85,0,0
848.25,810.45,41,68,14,2,7.0,813.0,1,3
579.98,542.61,28,52,13,2,5.0,542.61,3,3
1493.67,1172.82,54,81,14,0,0.0,1322.0,1,3
349.87,281.35,55,60,19,5,1.0,281.35,0,0
851.71,819.0,73,67,5,3,5.0,886.0,3,0
1331.39,1248.07,49,57,14,0,4.0,1248.07,1,3
781.75,726.36,60,116,11,5,3.0,726.36,2,2
1920.84,1827.48,58,73,20,0,5.0,1827.48,1,3
1368.66,1220.62,51,61,21,0,6.0,997.0,1,3
309.26,289.69,31,72,25,1,5.0,940.0,0,0
608.22,557.06,60,82,9,5,3.0,886.0,3,0
1108.43,879.12,45,65,15,5,0.0,704.3333333333334,1,3
243.8,218.28,46,55,20,3,1.0,218.28,0,0
115.98,103.22,50,67,12,0,3.0,103.22,3,0
334.8,274.8,16,62,11,0,2.0,274.8,3,0
760.74,707.73,9,72,29,3,5.0,940.0,0,0
294.53,253.83,61,117,3,1,0.0,1184.0,2,2
773.91,595.68,62,70,8,1,3.0,595.68,3,3
271.84,253.67,55,67,21,5,4.0,253.67,0,0
490.14,483.43,45,59,15,3,2.0,483.43,0,0
265.4,249.83,43,70,11,1,4.0,249.83,3,0
181.78,180.04,24,66,29,5,1.0,997.0,0,0
693.74,547.06,64,75,12,0,3.0,547.06,3,1
307.01,291.6,51,54,12,1,5.0,291.6,3,0
538.81,515.99,62,63,27,2,5.0,942.6666666666666,0,1
326.08,245.28,75,103,24,1,0.0,245.28,2,2
471.02,466.63,60,77,21,1,1.0,466.63,0,0
184.6,176.73,65,59,27,3,4.0,176.73,0,0
405.55,366.6,20,52,9,2,4.0,1089.6666666666667,3,3
1593.52,1130.76,37,81,5,0,7.0,1130.76,1,3
541.06,487.95,95,60,15,3,1.0,487.95,3,0
302.43,289.28,36,121,2,1,2.0,289.28,2,2
536.11,509.34,35,53,11,0,4.0,1014.0,3,0
290.64,241.39,59,72,17,2,1.0,241.39,0,0
458.13,399.39,68,66,20,3,6.0,399.39,0,0
282.77,269.37,75,70,14,3,6.0,269.37,3,0
356.42,311.97,51,54,12,0,3.0,940.0,3,0
350.17,268.42,8,51,26,3,2.0,1086.5,0,0
277.12,262.65,78,64,24,5,4.0,1095.0,0,1
147.35,113.34,50,50,28,5,1.0,113.34,0,0
322.39,271.87,63,57,15,0,2.0,308.5,0,0
575.28,569.28,88,65,14,2,3.0,1014.0,3,1
640.91,619.05,52,59,27,1,3.0,619.05,0,1
455.71,430.75,54,83,21,5,0.0,1089.6666666666667,0,1
1023.06,831.73,50,85,19,0,2.0,940.0,1,1
518.8,444.42,38,73,16,0,4.0,308.5,0,0
422.54,420.13,58,62,2,5,3.0,813.0,3,0
1058.88,967.69,57,58,11,2,2.0,1312.0,1,3
281.83,212.5,59,69,6,3,3.0,212.5,3,0
559.37,461.87,66,66,18,1,8.0,1014.0,0,0
1424.5,1314.62,34,60,20,1,3.0,1049.0,1,3
651.52,569.48,71,65,7,5,2.0,1178.0,3,0
437.81,330.55,79,57,27,1,4.0,330.55,0,0
1207.32,1101.6,61,78,29,0,7.0,1101.6,1,1
228.11,207.94,69,57,8,1,3.0,207.94,3,0
425.06,407.35,47,80,9,5,5.0,407.35,3,0
250.51,209.92,42,75,26,3,3.0,1184.0,0,0
1066.55,943.56,44,70,21,5,1.0,1014.0,1,3
412.59,229.44,57,65,6,5,3.0,229.44,3,0
673.22,571.88,65,74,5,0,2.0,571.88,3,0
185.29,146.31,55,71,28,0,3.0,704.3333333333334,0,0
919.6,831.47,25,61,15,2,1.0,883.0,1,1
459.69,445.81,56,82,27,0,4.0,445.81,0,0
652.67,557.64,25,63,15,3,6.0,557.64,3,3
365.78,181.1,41,55,6,5,2.0,813.0,3,0
114.72,106.48,73,102,11,5,8.0,106.48,2,0
141.62,130.35,23,69,27,2,3.0,130.35,0,0
643.02,567.24,56,67,18,0,4.0,567.24,0,1
127.71,107.51,83,66,19,3,4.0,107.51,0,0
396.41,367.52,25,61,11,0,0.0,997.0,3,1
215.0,171.18,30,117,2,0,2.0,1049.0,2,2
567.76,277.5,72,52,1,3,2.0,277.5,3,1
274.23,229.38,12,71,12,5,2.0,750.5,3,3
217.23,209.6,78,68,8,2,3.0,1014.0,3,1
1338.77,1211.38,51,70,28,3,1.0,1211.38,1,3
426.18,367.33,42,63,3,5,2.0,367.33,3,0
419.29,365.98,60,59,7,3,3.0,365.98,3,0
651.66,630.92,62,61,6,1,2.0,630.92,3,3
539.42,437.31,53,55,3,3,3.0,437.31,3,0
1481.07,1157.74,55,64,28,1,3.0,1157.74,1,3
310.2,263.63,72,72,21,3,2.0,263.63,0,0
396.97,214.1,46,119,2,3,4.0,214.1,2,2
584.07,506.26,40,70,26,0,0.0,513.0,0,0
123.15,121.14,31,54,29,0,3.0,813.0,0,0
316.83,244.52,61,70,22,5,6.0,886.0,0,0
3469.03,2379.32,67,114,1,2,8.0,940.0,1,3
820.35,753.49,58,54,4,2,6.0,753.49,3,3
569.91,496.12,33,62,23,0,3.0,940.0,0,0
1129.99,984.22,17,74,16,2,4.0,1260.0,1,3
1160.89,877.4,67,51,27,5,3.0,877.4,1,3
581.15,556.55,45,53,21,3,3.0,556.55,0,0
547.65,473.08,33,119,6,3,6.0,473.08,2,2
340.44,325.38,67,68,25,5,5.0,325.38,0,0
632.56,621.19,54,70,2,1,2.0,813.0,3,3
1229.08,1089.77,21,65,11,5,4.0,1014.0,1,3
1738.49,1148.89,44,61,5,2,2.0,1148.89,1,3
432.78,370.56,43,67,13,2,4.0,997.0,3,0
366.63,365.83,71,75,6,2,4.0,886.0,3,0
379.22,339.34,87,63,11,2,5.0,339.34,3,0
454.75,348.75,93,68,18,3,4.0,1214.0,0,1
398.95,310.57,76,110,12,0,3.0,1049.0,2,2
1174.4,1141.26,60,61,22,1,0.0,813.0,1,3
534.43,490.69,59,63,18,0,2.0,308.5,0,0
996.07,331.37,20,61,4,3,5.0,1184.0,3,0
382.99,331.56,24,71,17,1,3.0,331.56,0,0
672.44,626.97,31,62,8,1,1.0,626.97,3,3
607.45,480.41,45,63,5,0,2.0,886.0,3,3
247.48,232.44,43,70,25,5,1.0,1312.0,0,0
672.42,336.12,18,109,6,3,3.0,336.12,2,2
905.53,852.75,55,59,12,0,4.0,1312.0,1,1
198.23,165.5,50,66,25,3,1.0,1014.0,0,1
97.07,79.95,95,61,26,3,3.0,886.0,0,1
527.22,523.43,21,60,18,1,2.0,523.43,0,1
1027.07,632.39,38,58,0,2,4.0,632.39,3,3
480.36,450.45,52,73,11,3,1.0,450.45,3,0
426.59,416.12,60,56,17,2,2.0,1014.0,0,1
837.61,835.44,46,73,16,1,3.0,835.44,1,3
465.43,377.34,25,66,25,2,3.0,377.34,0,0
1028.31,991.17,56,64,29,2,5.0,704.3333333333334,1,3
336.75,299.07,95,68,18,2,1.0,299.07,0,0
1668.63,1302.15,66,74,6,2,3.0,1049.0,1,3
327.79,266.8,38,62,12,2,6.0,1184.0,3,0
1524.58,1448.42,42,63,6,3,3.0,1089.6666666666667,1,3
161.88,145.25,27,61,6,0,2.0,891.0,3,1
1019.71,964.38,57,60,24,0,0.0,964.38,1,3
362.74,272.06,43,71,2,5,6.0,1014.0,3,0
1238.15,1056.96,47,62,3,5,2.0,1056.96,1,3
702.16,698.24,25,56,16,1,4.0,891.0,0,0
370.58,343.81,53,52,28,2,3.0,308.5,0,0
309.85,266.25,42,115,7,2,8.0,1049.0,2,2
1601.23,1347.45,35,70,9,3,4.0,813.0,1,3
443.58,347.6,39,60,11,5,4.0,347.6,3,0
391.33,332.56,64,59,21,1,1.0,332.56,0,0
255.72,214.82,57,66,29,0,2.0,214.82,0,0
676.47,668.32,47,66,16,0,1.0,668.32,0,1
276.63,217.9,51,61,3,3,1.0,813.0,3,1
376.12,364.56,26,57,21,0,3.0,364.56,0,0
624.23,564.76,56,59,14,1,4.0,1095.0,3,1
378.39,325.83,42,55,18,3,6.0,325.83,0,0
667.87,570.45,38,62,22,1,3.0,940.0,0,0
586.63,516.31,31,63,9,0,1.0,516.31,3,3
908.97,717.72,32,59,3,2,3.0,1322.0,3,3
2455.41,836.25,49,106,2,0,3.0,1049.0,1,3
296.63,227.86,46,56,7,2,0.0,1049.0,3,1
979.31,839.31,44,47,15,1,3.0,839.31,1,3
295.24,289.22,61,73,23,2,1.0,813.0,0,1
457.68,410.66,64,62,5,2,3.0,308.5,3,0
562.49,432.57,59,67,2,2,1.0,891.0,3,1
517.93,462.3,52,73,25,3,6.0,462.3,0,0
744.4,685.87,38,64,22,5,2.0,685.87,0,3
437.5,356.41,54,76,13,3,7.0,883.0,3,0
540.12,327.26,30,64,1,1,1.0,327.26,3,0
671.03,570.51,55,66,18,1,8.0,1049.0,0,0
635.28,618.31,26,75,18,3,1.0,1014.0,0,1
432.46,231.42,43,119,0,2,0.0,813.0,2,2
303.82,273.0,66,55,9,5,3.0,273.0,3,0
194.81,165.28,69,69,19,3,2.0,1178.0,0,1
249.74,232.24,80,64,8,2,0.0,232.24,3,0
274.09,237.96,65,44,21,5,0.0,1049.0,0,1
873.2,470.32,51,78,5,2,5.0,470.32,3,3
905.52,735.15,67,56,29,0,2.0,735.15,0,1
397.1,340.43,35,66,13,3,1.0,340.43,3,0
511.93,503.98,29,68,16,3,1.0,503.98,0,0
1118.7,516.23,27,119,3,0,2.0,997.0,2,2
1199.92,1121.38,55,71,22,1,3.0,1121.38,1,3
117.33,109.83,51,61,24,2,3.0,109.83,0,0
376.11,323.44,68,55,3,0,4.0,323.44,3,0
434.14,230.16,62,58,5,1,1.0,308.5,3,0
1209.25,1071.1,34,59,10,1,5.0,1071.1,1,3
730.41,689.99,18,62,5,3,6.0,689.99,3,3
175.24,168.11,47,58,2,1,5.0,168.11,3,0
230.56,227.26,23,65,3,1,5.0,227.26,3,0
1132.51,870.72,58,63,7,1,5.0,1322.0,1,1
663.28,508.94,53,62,24,1,2.0,508.94,0,1
301.41,265.64,58,103,8,0,1.0,265.64,2,2
172.07,70.76,49,80,0,0,6.0,1049.0,3,0
422.4,401.1,62,65,24,3,4.0,940.0,0,1
274.44,257.5,59,67,27,1,4.0,257.5,0,0
814.69,676.01,54,80,15,1,3.0,676.01,3,1
569.56,565.31,47,49,23,1,7.0,565.31,0,0
426.38,377.27,77,70,5,1,5.0,377.27,3,0
293.55,233.36,67,69,28,0,0.0,1766.0,0,1
962.5,945.69,62,61,3,3,2.0,945.69,1,3
683.85,601.14,24,49,7,2,7.0,601.14,3,3
172.12,165.27,53,64,11,1,1.0,165.27,3,0
930.43,839.16,45,82,20,3,4.0,997.0,1,3
1535.73,1464.44,69,105,14,5,1.0,1361.0,1,3
220.38,217.19,45,80,4,2,3.0,217.19,3,0
267.34,207.7,32,76,12,5,1.0,1014.0,3,0
429.05,395.62,53,75,20,5,6.0,997.0,0,0
200.95,167.98,42,108,23,1,4.0,997.0,2,2
1466.81,1417.96,77,69,23,3,6.0,883.0,1,3
1216.55,913.47,49,70,23,2,4.0,913.47,1,3
684.48,602.91,47,67,15,5,3.0,602.91,3,0
446.43,414.52,95,59,14,3,4.0,414.52,3,0
283.94,261.86,29,81,28,3,0.0,261.86,0,0
341.82,339.12,47,60,23,0,5.0,339.12,0,0
1298.39,775.45,49,114,4,0,5.0,1184.0,2,2
412.2,364.57,76,60,14,5,6.0,364.57,3,0
302.52,235.8,55,61,17,2,1.0,1049.0,0,1
327.11,171.25,29,64,2,5,6.0,1049.0,3,0
837.65,567.11,32,75,1,5,3.0,567.11,3,0
354.43,352.62,60,57,6,1,2.0,352.62,3,0
747.27,579.73,23,70,6,2,4.0,942.6666666666666,3,3
989.24,763.44,48,95,11,5,4.0,763.44,2,3
480.04,429.39,13,109,12,1,3.0,429.39,2,2
339.43,197.11,67,111,0,1,4.0,997.0,2,2
568.88,495.99,44,74,9,3,3.0,1322.0,3,1
317.24,268.94,41,69,6,2,3.0,268.94,3,0
610.65,484.14,58,60,8,1,1.0,813.0,3,1
519.19,417.54,25,69,12,2,4.0,1014.0,3,3
502.46,435.8,14,57,18,2,6.0,594.5,0,0
840.87,439.78,40,110,0,3,0.0,439.78,2,2
682.37,597.76,62,45,7,2,2.0,597.76,3,0
502.11,408.31,55,62,25,5,2.0,308.5,0,0
1037.46,983.25,28,69,20,2,2.0,983.25,1,3
1221.04,475.52,63,67,4,2,3.0,1312.0,1,3
647.84,524.34,69,49,18,3,5.0,2317.0,1,1
81.36,67.6,41,64,29,3,5.0,1322.0,0,1
231.85,212.28,26,68,6,0,3.0,1184.0,3,1
360.07,283.85,71,95,29,0,2.0,283.85,0,2
659.39,508.3,34,64,18,2,3.0,1014.0,0,1
365.78,289.96,15,68,22,0,2.0,289.96,0,0
2112.52,2000.26,52,71,22,3,2.0,2000.26,1,3
674.57,440.64,54,54,4,0,3.0,1184.0,3,3
247.89,198.74,49,66,27,5,1.0,198.74,0,0
430.98,331.72,39,113,23,2,3.0,891.0,2,2
252.5,192.41,56,104,23,1,3.0,1049.0,2,2
349.39,300.51,79,66,13,5,3.0,300.51,3,0
273.49,261.24,56,62,7,1,3.0,261.24,3,0
280.94,271.02,60,65,12,5,0.0,271.02,3,0
329.74,256.49,51,60,23,3,3.0,256.49,0,0
328.27,291.7,41,62,23,0,3.0,886.0,0,0
1201.52,1137.25,56,56,9,3,3.0,1322.0,1,3
1316.54,1264.61,58,51,11,0,0.0,1264.61,1,3
559.56,460.61,44,59,10,0,3.0,460.61,3,1
586.86,454.36,75,59,3,0,4.0,454.36,3,0
882.07,697.63,51,75,18,0,4.0,997.0,0,1
218.02,187.68,65,65,13,2,4.0,187.68,3,0
885.73,677.62,37,58,21,0,2.0,883.0,0,1
1511.35,494.38,41,53,1,1,3.0,494.38,3,3
550.89,489.73,55,125,20,3,3.0,883.0,2,2
333.99,291.53,59,56,18,5,8.0,291.53,0,0
576.17,567.0,44,66,7,3,3.0,308.5,3,3
218.62,199.53,61,71,10,5,2.0,1089.6666666666667,3,0
1622.88,1235.69,61,64,12,0,2.0,1235.69,1,3
145.85,113.53,44,56,9,5,2.0,1014.0,3,0
382.57,375.73,72,59,21,1,6.0,997.0,0,0
272.56,217.02,47,59,17,0,5.0,217.02,0,0
236.29,210.1,29,58,28,3,2.0,891.0,0,1
233.68,214.79,57,67,7,1,6.0,942.6666666666666,3,0
529.7,424.98,73,67,16,3,0.0,424.98,0,0
429.09,354.01,60,53,27,0,4.0,354.01,0,0
286.23,218.39,70,60,5,3,1.0,2317.0,3,1
412.67,323.34,64,112,4,5,2.0,323.34,2,2
431.9,395.77,63,68,22,5,4.0,395.77,0,0
691.2,530.58,77,56,10,5,2.0,530.58,3,3
489.11,322.0,39,60,0,1,3.0,322.0,3,0
439.03,435.81,41,70,13,0,4.0,1322.0,3,0
479.62,475.42,37,74,18,1,1.0,475.42,0,0
326.61,297.68,26,53,19,0,2.0,297.68,0,0
427.47,323.05,45,60,16,0,2.0,891.0,0,1
208.62,207.71,60,59,3,2,4.0,207.71,3,0
545.1,416.33,77,62,16,0,0.0,416.33,0,0
1222.12,1089.3,82,88,24,0,4.0,1089.3,1,1
904.65,892.16,80,76,17,0,4.0,997.0,1,1
364.52,332.71,27,62,12,0,3.0,942.6666666666666,3,1
431.33,146.46,32,60,2,3,4.0,1322.0,3,0
191.01,173.91,24,61,21,3,5.0,886.0,0,0
403.87,326.89,43,65,25,1,2.0,326.89,0,0
919.72,764.02,69,66,13,2,0.0,1014.0,1,1
1111.54,865.4,35,66,5,1,2.0,1014.0,1,3
1753.61,1584.64,62,64,15,1,4.0,1312.0,1,3
484.12,416.06,32,54,2,5,3.0,416.06,3,0
304.32,267.83,75,64,4,5,3.0,2317.0,3,0
339.04,304.13,51,68,12,2,1.0,997.0,3,1
409.82,360.26,52,69,19,5,2.0,1312.0,0,0
1114.32,1013.54,14,61,17,1,3.0,1273.0,1,3
136.54,109.67,37,58,18,1,5.0,1095.0,0,0
465.39,411.84,75,78,11,1,2.0,2317.0,3,1
1686.54,1314.32,44,48,19,5,5.0,813.0,1,3
557.9,448.83,25,66,10,2,3.0,997.0,3,3
1040.99,974.26,59,72,7,1,2.0,974.26,1,3
453.64,452.99,43,53,7,2,6.0,891.0,3,0
301.31,249.3,62,61,2,5,1.0,308.5,3,0
182.34,157.62,63,62,28,1,3.0,157.62,0,0
249.68,246.42,47,69,14,1,3.0,886.0,3,0
426.93,394.85,28,72,25,1,0.0,394.85,0,0
971.89,789.03,44,66,25,1,3.0,789.03,0,1
183.65,164.06,73,73,2,1,4.0,164.06,3,0
360.64,354.41,41,58,24,0,4.0,354.41,0,0
523.96,476.08,20,102,15,5,4.0,308.5,2,2
722.6,714.95,25,102,16,3,4.0,813.0,2,2
887.0,883.37,70,63,7,3,4.0,883.37,1,3
1989.63,1881.64,60,58,4,3,3.0,1881.64,1,3
77.78,75.42,31,69,15,2,5.0,308.5,0,0
605.79,582.64,89,60,4,2,0.0,1458.0,3,1
454.72,449.95,36,61,27,2,3.0,449.95,0,0
572.47,502.7,72,58,24,1,3.0,502.7,0,0
312.34,294.4,27,69,27,5,3.0,997.0,0,0
668.07,650.45,65,65,16,0,3.0,1095.0,0,1
910.87,882.98,61,52,14,3,4.0,1089.6666666666667,1,3
360.28,281.6,29,77,26,1,4.0,1089.6666666666667,0,0
451.18,359.62,52,61,16,3,3.0,883.0,0,0
813.06,763.65,59,64,18,0,2.0,763.65,0,1
286.96,245.97,46,50,15,1,4.0,891.0,0,0
678.9,657.15,34,56,26,2,3.0,813.0,0,3
136.31,103.74,59,64,17,0,7.0,103.74,0,0
282.66,258.22,34,51,25,1,3.0,258.22,0,0
949.98,724.37,71,117,10,0,3.0,1178.0,2,2
1049.41,918.65,27,74,20,1,6.0,918.65,1,3
338.96,296.11,59,80,23,5,7.0,1014.0,0,0
846.77,756.57,34,64,3,5,0.0,308.5,3,3
417.67,365.06,83,69,7,5,5.0,1987.0,3,0
425.67,410.25,35,65,21,0,2.0,410.25,0,0
796.56,752.18,67,72,22,3,2.0,752.18,0,3
339.16,336.38,55,101,7,0,2.0,940.0,2,2
243.18,210.05,56,68,22,0,2.0,210.05,0,0
184.98,152.5,37,68,6,3,3.0,152.5,3,0
116.52,105.76,18,76,22,3,3.0,1086.5,0,0
1062.49,850.79,60,63,7,2,3.0,1095.0,1,3
394.04,342.08,30,59,4,5,0.0,1014.0,3,0
413.52,402.5,34,75,4,3,5.0,402.5,3,0
562.2,492.84,64,64,18,2,2.0,813.0,0,1
308.26,301.72,46,77,18,3,4.0,1089.6666666666667,0,0
309.08,300.4,49,71,15,0,1.0,1089.6666666666667,0,1
926.04,775.98,53,60,12,0,6.0,775.98,1,3
525.99,492.78,41,59,27,5,7.0,942.6666666666666,0,0
424.55,367.53,45,69,16,2,5.0,367.53,0,0
777.88,660.64,53,46,11,3,5.0,1049.0,3,3
712.46,624.75,60,54,10,3,5.0,1049.0,3,3
171.47,140.57,83,70,9,3,6.0,140.57,3,0
239.16,217.12,49,70,27,0,0.0,997.0,0,1
282.68,263.41,38,48,20,3,0.0,1312.0,0,1
492.28,452.71,66,75,8,5,3.0,2317.0,3,0
329.17,278.88,55,63,16,5,5.0,278.88,0,0
657.82,512.01,76,68,15,5,3.0,1178.0,3,0
387.65,340.38,73,60,5,2,1.0,1458.0,3,1
441.45,344.41,67,69,2,5,4.0,344.41,3,0
522.09,511.99,50,87,17,3,4.0,511.99,0,2
190.88,113.11,30,55,3,5,0.0,113.11,3,0
436.74,344.82,41,72,20,1,5.0,1014.0,0,0
461.68,446.12,61,75,21,0,5.0,446.12,0,0
480.18,468.76,52,60,13,1,3.0,468.76,3,1
316.58,292.07,52,63,13,2,3.0,292.07,3,0
856.06,670.81,63,65,8,0,4.0,670.81,3,3
1655.94,1255.17,65,74,8,2,3.0,1255.17,1,3
629.84,627.17,59,63,11,1,2.0,1322.0,3,1
1028.53,317.25,76,113,3,2,5.0,1361.0,2,2
1728.65,1449.41,57,76,16,3,3.0,1449.41,1,3
727.49,656.8,48,104,11,2,4.0,940.0,2,2
1144.06,866.59,39,61,23,1,2.0,813.0,1,3
712.39,567.09,75,108,18,3,4.0,1014.0,2,2
461.98,437.83,51,63,23,2,3.0,437.83,0,0
465.5,141.29,62,70,4,5,2.0,704.3333333333334,3,0
381.06,294.64,74,53,19,3,5.0,294.64,0,0
491.28,436.35,77,110,19,0,5.0,2317.0,2,1
594.43,568.36,50,77,16,3,3.0,568.36,0,2
809.52,657.6,60,66,7,3,5.0,657.6,3,0
692.12,546.37,53,52,11,0,3.0,1095.0,3,1
402.98,366.5,53,62,17,3,2.0,891.0,0,1
867.06,667.07,66,63,15,2,1.0,667.07,3,1
227.74,210.17,28,49,2,0,5.0,210.17,3,0
180.32,164.35,58,50,13,2,0.0,164.35,3,0
288.46,235.85,41,70,22,1,3.0,997.0,0,0
357.45,342.18,65,79,24,2,0.0,997.0,0,1
268.48,248.75,61,58,4,1,1.0,1312.0,3,1
956.15,592.26,24,107,6,2,0.0,592.26,2,2
790.91,657.99,43,65,11,2,1.0,1089.6666666666667,3,3
325.84,303.54,64,83,24,3,2.0,704.3333333333334,0,1
312.34,309.39,51,61,16,5,8.0,309.39,0,0
317.76,269.92,79,66,10,2,3.0,1049.0,3,1
246.0,219.34,35,70,9,2,2.0,1089.6666666666667,3,1
1487.21,843.07,51,104,0,1,4.0,891.0,2,3
921.81,703.44,35,43,18,3,0.0,1095.0,1,3
686.44,554.81,54,69,26,1,4.0,554.81,0,1
262.27,247.54,53,66,14,2,3.0,1312.0,3,1
368.32,282.59,64,67,6,5,3.0,1014.0,3,0
224.55,205.64,51,71,19,1,4.0,891.0,0,0
354.97,315.91,22,85,16,3,4.0,1322.0,0,0
614.56,577.71,50,71,3,3,0.0,577.71,3,3
1595.74,1164.25,42,107,4,0,2.0,997.0,1,3
329.38,263.44,63,73,6,3,4.0,263.44,3,0
443.6,431.26,40,55,4,2,5.0,1095.0,3,0
1422.21,1387.08,57,64,11,3,7.0,1387.08,1,3
305.63,272.49,68,57,26,3,6.0,886.0,0,0
311.21,181.16,71,63,1,2,2.0,1766.0,3,1
398.47,331.3,40,78,28,1,4.0,570.0,0,0
248.69,205.71,70,56,29,2,2.0,205.71,0,0
675.31,637.29,35,60,20,1,1.0,637.29,0,1
151.71,140.42,54,74,24,0,4.0,140.42,0,0
410.24,391.4,36,80,23,0,3.0,1049.0,0,0
902.33,771.33,41,55,28,1,5.0,1049.0,0,1
738.87,563.81,56,53,4,0,2.0,1312.0,3,3
210.95,205.38,65,53,18,3,4.0,205.38,0,0
401.26,306.94,59,75,28,5,0.0,1095.0,0,1
455.4,438.08,46,74,21,5,2.0,438.08,0,0
533.71,403.15,58,64,21,5,3.0,403.15,0,0
362.6,274.17,76,71,3,3,4.0,2782.0,3,1
530.1,422.33,62,80,22,1,4.0,422.33,0,0
971.45,891.71,40,64,16,2,3.0,1184.0,1,3
275.2,215.11,5,61,6,0,1.0,215.11,3,0
503.76,448.09,72,66,29,2,1.0,448.09,0,0
748.6,737.69,50,58,21,1,7.0,737.69,0,1
906.67,654.89,38,60,3,3,4.0,997.0,3,3
363.19,306.22,30,58,15,0,5.0,306.22,0,0
1996.76,1969.42,55,61,9,5,5.0,1095.0,1,3
271.78,223.15,58,55,18,0,5.0,704.3333333333334,0,0
717.63,698.23,72,56,10,5,1.0,698.23,3,3
224.61,207.12,70,54,19,5,4.0,207.12,0,0
601.9,599.93,74,59,8,3,1.0,599.93,3,1
1946.16,1537.76,48,64,18,0,1.0,1537.76,1,3
214.21,183.56,29,77,23,5,3.0,183.56,0,0
373.53,328.43,40,64,2,2,6.0,661.0,3,3
1301.74,1015.4,31,76,6,3,1.0,1015.4,1,3
453.94,400.84,46,73,19,2,4.0,400.84,0,0
1169.86,1154.0,75,64,29,2,2.0,1154.0,1,1
560.34,547.25,52,59,11,0,1.0,547.25,3,3
389.24,366.99,82,75,12,1,5.0,366.99,3,0
684.4,675.87,75,62,15,1,4.0,997.0,3,1
521.35,447.14,42,97,12,1,1.0,447.14,2,2
475.08,398.41,59,67,13,3,2.0,813.0,3,1
155.59,121.36,62,71,27,1,3.0,121.36,0,0
455.03,453.71,62,112,2,2,3.0,883.0,2,2
458.78,446.48,79,59,17,5,2.0,446.48,0,0
1406.15,1027.6,21,91,2,1,2.0,704.3333333333334,1,3
517.64,422.7,68,58,11,0,1.0,886.0,3,1
674.55,554.66,56,68,24,2,2.0,554.66,0,0
441.55,427.11,78,81,7,1,2.0,427.11,3,0
734.61,488.71,51,65,0,1,4.0,704.3333333333334,3,3
1400.97,1128.54,36,62,3,0,4.0,1128.54,1,3
143.89,123.65,61,66,7,1,3.0,123.65,3,0
279.94,244.02,53,73,9,2,3.0,244.02,3,0
293.02,269.87,7,63,12,2,3.0,269.87,3,0
457.74,291.82,59,67,0,2,0.0,291.82,3,0
858.25,650.27,29,56,10,2,4.0,883.0,3,3
260.07,220.59,60,61,20,2,1.0,1049.0,0,1
650.62,497.54,53,79,27,0,2.0,497.54,0,0
196.58,153.0,55,53,6,0,2.0,1014.0,3,1
317.41,291.2,58,47,7,5,4.0,1322.0,3,0
134.77,131.82,39,72,5,1,2.0,940.0,3,1
174.9,139.94,60,65,20,3,4.0,308.5,0,0
909.68,705.37,31,66,11,5,1.0,705.37,3,3
418.35,378.81,1,67,11,2,1.0,378.81,3,0
340.18,272.6,54,69,8,5,2.0,940.0,3,0
552.05,427.82,64,58,2,3,4.0,427.82,3,0
407.89,391.27,58,66,21,1,4.0,391.27,0,0
279.23,244.1,59,53,9,1,2.0,244.1,3,0
448.86,347.88,23,64,20,0,3.0,883.0,0,0
196.72,178.07,44,64,18,0,3.0,1322.0,0,0
1606.92,1448.26,56,62,8,0,3.0,1448.26,1,3
824.04,752.37,35,54,20,2,2.0,752.37,0,1
239.29,199.0,35,64,15,0,1.0,1014.0,0,1
483.0,371.85,33,68,26,2,0.0,997.0,0,1
692.72,626.41,64,66,14,1,2.0,626.41,3,1
1265.48,1078.98,82,68,21,1,2.0,1078.98,1,1
406.45,382.33,47,57,4,1,2.0,382.33,3,0
404.61,355.54,42,77,19,3,2.0,940.0,0,1
1107.23,988.27,48,70,6,5,3.0,988.27,1,3
911.64,365.48,52,64,1,1,4.0,704.3333333333334,3,3
757.62,732.61,90,65,4,5,4.0,732.61,3,3
221.87,221.19,41,71,27,2,2.0,221.19,0,0
217.09,209.76,44,60,22,0,1.0,997.0,0,1
246.16,239.68,53,55,15,3,1.0,239.68,0,0
1883.06,1821.92,65,70,21,2,3.0,1821.92,1,3
289.24,246.93,62,55,5,0,1.0,704.3333333333334,3,1
185.84,165.67,65,60,13,2,3.0,165.67,3,0
582.67,489.95,50,55,25,5,6.0,1312.0,0,0
478.92,378.96,40,76,5,3,3.0,817.0,3,0
1409.04,645.05,80,84,0,0,3.0,1014.0,1,3
305.3,292.18,46,69,27,1,0.0,292.18,0,0
312.86,179.71,64,67,6,5,4.0,179.71,3,0
520.71,407.9,25,64,4,1,2.0,407.9,3,0
768.48,727.4,44,61,10,5,3.0,940.0,3,3
788.28,270.54,56,56,2,5,5.0,270.54,3,3
430.78,374.42,63,51,13,1,6.0,374.42,3,0
773.22,663.46,57,69,17,2,6.0,663.46,0,1
481.72,418.93,28,65,20,0,2.0,1095.0,0,1
437.47,431.38,35,52,3,2,6.0,431.38,3,3
236.81,182.64,23,99,18,5,3.0,182.64,2,2
322.57,246.03,57,73,16,5,5.0,246.03,0,0
940.81,851.12,38,71,11,1,5.0,851.12,1,3
553.24,472.82,75,66,24,1,4.0,1014.0,0,1
811.77,771.43,63,59,5,0,1.0,771.43,3,3
236.46,192.45,95,77,21,0,4.0,192.45,0,0
200.09,180.94,47,60,23,0,4.0,180.94,0,0
278.65,241.55,79,61,9,0,2.0,241.55,3,0
341.62,305.56,43,58,22,1,2.0,305.56,0,0
596.25,463.21,52,71,3,2,1.0,463.21,3,0
222.11,180.16,40,71,5,3,0.0,1184.0,3,1
615.31,482.15,55,71,16,1,2.0,482.15,0,0
504.15,435.78,66,74,15,0,3.0,435.78,0,0
255.47,215.61,95,67,9,2,5.0,215.61,3,0
110.14,98.93,25,60,13,0,3.0,98.93,0,0
644.23,548.32,55,50,22,0,3.0,548.32,0,1
267.3,239.55,60,75,28,2,7.0,239.55,0,0
282.65,276.87,70,76,13,1,1.0,1766.0,3,1
618.35,589.82,67,73,7,0,6.0,589.82,3,3
729.3,292.8,40,91,3,0,0.0,883.0,2,1
278.83,250.95,61,59,22,5,5.0,1312.0,0,0
452.42,450.89,29,62,28,0,0.0,450.89,0,0
881.73,689.93,90,63,27,5,1.0,689.93,0,3
799.1,674.66,58,74,12,1,3.0,883.0,3,1
888.05,515.08,77,57,4,3,5.0,515.08,3,0
779.01,658.89,41,76,20,0,6.0,658.89,0,1
464.58,416.59,71,78,27,1,3.0,416.59,0,0
468.79,433.97,27,64,6,5,6.0,813.0,3,0
1023.67,404.43,45,72,1,3,2.0,942.6666666666666,3,3
486.76,385.98,29,66,7,5,2.0,886.0,3,3
1699.67,1467.36,38,63,12,3,2.0,308.5,1,3
244.07,199.17,66,97,11,2,4.0,199.17,2,2
1028.24,830.82,70,58,5,1,4.0,830.82,1,3
186.19,160.6,44,79,20,2,3.0,160.6,0,0
258.32,254.48,82,109,21,2,0.0,1458.0,2,2
2523.34,1328.47,52,105,5,3,3.0,1089.6666666666667,1,3
893.16,701.83,45,66,29,0,2.0,701.83,0,1
473.67,392.04,56,64,21,0,4.0,308.5,0,0
492.56,369.58,46,66,25,3,5.0,891.0,0,0
604.05,449.72,52,53,4,0,1.0,449.72,3,3
197.07,180.27,17,68,25,0,1.0,180.27,0,0
345.74,337.26,37,56,23,2,5.0,337.26,0,0
1461.64,1303.45,47,72,2,3,4.0,1303.45,1,3
739.61,626.04,30,51,24,2,1.0,1322.0,0,1
346.77,313.41,75,73,20,2,2.0,313.41,0,0
622.34,364.81,60,73,6,3,7.0,364.81,3,0
389.87,327.28,56,72,5,3,4.0,1049.0,3,0
1414.59,650.89,37,64,2,0,7.0,650.89,1,3
363.52,316.4,77,71,23,2,0.0,316.4,0,0
342.98,307.07,66,66,20,3,5.0,891.0,0,0
442.24,349.43,57,104,10,2,4.0,349.43,2,2
854.17,742.79,27,65,3,0,2.0,742.79,3,3
1017.89,838.74,60,67,16,0,2.0,813.0,1,1
858.19,698.37,66,65,29,1,4.0,1049.0,0,1
716.01,613.13,34,60,14,2,2.0,886.0,3,1
462.43,416.09,68,56,3,1,3.0,1987.0,3,1
189.56,180.99,82,70,2,3,1.0,180.99,3,0
286.37,231.88,85,70,2,2,4.0,231.88,3,0
804.48,683.33,58,116,11,5,0.0,997.0,2,0
760.91,619.45,74,58,10,1,1.0,619.45,3,1
784.78,768.47,57,64,25,2,6.0,768.47,0,1
594.85,573.57,63,72,7,0,2.0,704.3333333333334,3,0
337.8,323.18,39,63,25,5,0.0,942.6666666666666,0,0
303.77,277.38,80,65,10,1,1.0,277.38,3,0
968.49,736.3,24,62,24,5,3.0,736.3,0,3
2384.4,2116.74,60,75,25,3,2.0,886.0,1,3
771.51,394.5,79,70,4,0,2.0,2782.0,1,1
248.3,238.82,50,64,29,1,9.0,308.5,0,0
385.7,348.11,41,59,2,5,0.0,348.11,3,0
275.91,218.62,49,67,27,0,6.0,997.0,0,0
625.61,527.27,49,75,6,2,5.0,527.27,3,3
495.16,484.6,27,71,6,5,4.0,308.5,3,0
389.57,305.26,20,80,19,1,0.0,891.0,0,1
446.43,338.99,76,58,21,1,1.0,891.0,0,1
370.49,294.0,23,56,11,0,0.0,294.0,3,0
1093.48,1076.88,46,77,25,0,5.0,1076.88,1,3
1416.7,1365.43,19,75,22,2,6.0,1365.43,1,3
1242.96,700.61,30,137,0,2,2.0,942.6666666666666,2,2
230.16,218.55,86,75,27,5,1.0,1014.0,0,1
728.39,680.67,58,66,2,3,2.0,680.67,3,1
434.2,336.73,42,71,28,2,5.0,336.73,0,0
267.16,237.0,44,64,10,5,4.0,997.0,3,0
171.21,164.5,39,74,25,0,2.0,1014.0,0,0
416.34,391.92,50,60,27,1,4.0,1095.0,0,0
421.35,331.9,69,56,21,0,2.0,331.9,0,0
655.84,582.62,32,67,9,0,4.0,813.0,3,3
877.06,763.02,39,74,2,3,3.0,704.3333333333334,3,3
667.58,510.66,69,114,4,0,1.0,1987.0,2,1
408.01,404.29,52,49,7,3,1.0,404.29,3,0
237.15,199.05,38,68,19,2,1.0,997.0,0,1
561.68,524.24,21,75,24,1,1.0,1014.0,0,1
378.45,349.43,16,47,29,3,3.0,349.43,0,0
668.64,625.71,75,54,15,0,0.0,1458.0,3,1
604.11,205.99,70,66,6,3,5.0,205.99,3,0
501.94,493.35,27,69,13,1,2.0,493.35,3,0
552.13,512.74,52,98,21,3,4.0,813.0,2,2
705.5,690.03,33,57,16,3,6.0,690.03,0,3
71.23,66.99,50,65,22,0,5.0,66.99,0,0
242.1,205.3,65,69,24,0,4.0,205.3,0,0
493.9,375.19,73,66,2,2,3.0,886.0,3,1
325.88,305.12,19,68,21,3,7.0,308.5,0,0
506.7,493.88,34,62,10,2,6.0,493.88,3,3
166.95,127.14,58,93,9,3,2.0,127.14,2,0
233.92,217.8,72,64,19,3,2.0,217.8,0,0
842.05,328.07,53,63,2,1,1.0,1184.0,3,1
544.66,514.42,63,62,22,2,2.0,942.6666666666666,0,1
178.47,157.34,62,72,29,1,5.0,1312.0,0,0
509.03,473.33,52,55,23,1,5.0,1095.0,0,0
248.4,210.37,56,57,14,2,4.0,883.0,3,0
158.81,153.35,55,65,26,2,4.0,1312.0,0,0
204.83,187.52,74,71,18,0,4.0,997.0,0,1
1003.38,838.93,28,59,4,0,3.0,838.93,1,3
409.5,338.37,27,79,19,5,3.0,308.5,0,0
625.37,535.21,34,64,23,2,3.0,535.21,0,0
439.2,415.69,22,82,29,0,3.0,940.0,0,0
157.49,119.35,44,77,8,1,4.0,119.35,3,0
348.96,348.03,73,71,11,0,2.0,1014.0,3,1
459.62,369.79,58,62,14,2,7.0,369.79,3,0
1117.41,625.53,23,83,4,2,4.0,997.0,3,3
492.15,474.49,60,76,26,3,0.0,1312.0,0,1
825.83,693.0,54,65,6,3,2.0,693.0,3,3
220.44,214.92,74,65,23,0,4.0,214.92,0,0
165.36,135.59,44,71,3,3,3.0,813.0,3,0
309.52,263.89,29,65,10,0,2.0,813.0,3,1
302.23,286.04,49,78,25,1,4.0,883.0,0,0
289.51,269.92,40,61,5,3,3.0,1322.0,3,1
2284.32,1520.29,53,49,0,2,1.0,1520.29,1,3
527.47,421.98,50,65,20,1,2.0,421.98,0,0
411.91,407.5,69,80,3,5,1.0,2317.0,3,0
752.26,688.15,25,110,3,2,1.0,1312.0,2,2
284.43,249.23,53,65,11,3,2.0,249.23,3,0
203.44,165.63,45,57,11,3,3.0,942.6666666666666,3,1
429.78,377.59,71,94,16,0,2.0,377.59,2,2
279.3,225.64,52,68,28,1,3.0,225.64,0,0
748.32,717.06,14,69,13,1,1.0,997.0,3,3
343.5,273.99,41,69,19,1,2.0,940.0,0,1
230.82,176.79,62,63,11,1,6.0,176.79,3,0
122.99,107.28,49,61,13,1,11.0,107.28,3,0
501.07,467.02,20,56,6,2,3.0,467.02,3,0
959.88,840.29,85,63,29,1,5.0,1987.0,1,1
452.0,448.14,72,65,17,1,3.0,1014.0,0,1
414.99,357.02,15,65,27,5,3.0,357.02,0,0
102.71,79.35,56,81,11,0,2.0,1184.0,3,1
412.32,397.3,47,62,25,0,2.0,1322.0,0,1
1090.44,331.3,49,62,4,5,5.0,331.3,3,3
334.43,305.52,28,61,8,5,2.0,1049.0,3,0
492.61,398.34,45,69,11,3,2.0,398.34,3,0
276.24,246.16,47,67,10,5,4.0,942.6666666666666,3,0
212.08,188.55,47,128,8,5,3.0,188.55,2,2
258.46,224.89,93,71,13,1,5.0,224.89,3,0
794.56,599.83,92,139,18,0,4.0,599.83,2,2
676.32,510.97,68,62,29,1,4.0,510.97,0,0
587.51,478.75,21,65,7,3,5.0,478.75,3,3
450.1,415.99,66,62,20,1,1.0,415.99,0,0
1131.95,1046.71,80,59,2,0,1.0,1178.0,1,3
426.68,338.29,44,63,5,0,4.0,338.29,3,0
483.22,444.11,76,66,19,5,3.0,1214.0,0,0
203.7,181.48,25,55,5,3,4.0,181.48,3,0
430.47,428.56,70,47,21,0,7.0,891.0,0,0
238.28,194.47,51,69,7,3,3.0,194.47,3,0
289.13,242.1,83,139,14,5,0.0,242.1,2,2
363.47,352.5,74,73,19,5,4.0,2317.0,0,1
412.21,339.93,64,55,4,0,2.0,1089.6666666666667,3,1
2834.87,1400.03,51,67,0,1,4.0,1400.03,1,3
451.06,339.08,57,64,14,3,2.0,339.08,3,0
1820.94,1198.22,38,82,1,5,2.0,1089.6666666666667,1,3
180.91,169.41,43,74,23,3,0.0,1049.0,0,1
517.03,505.71,73,64,10,3,6.0,505.71,3,0
850.6,735.43,49,74,7,2,4.0,886.0,3,3
546.64,513.54,35,72,26,1,3.0,513.54,0,0
573.73,449.58,58,57,9,0,2.0,1095.0,3,1
535.76,421.92,55,62,15,1,3.0,421.92,0,0
653.76,531.27,71,72,29,5,3.0,531.27,0,0
503.85,477.24,60,66,12,3,1.0,477.24,3,0
327.15,318.89,60,84,23,1,2.0,318.89,0,2
591.19,540.86,54,61,2,0,5.0,540.86,3,3
138.04,122.19,17,75,28,1,2.0,940.0,0,0
586.09,453.79,52,71,13,3,1.0,886.0,3,3
278.42,222.47,36,86,13,5,4.0,222.47,3,0
365.74,293.0,9,67,15,3,3.0,886.0,0,0
614.54,519.28,70,74,3,1,1.0,519.28,3,0
900.61,544.33,52,68,6,2,2.0,544.33,3,3
1490.33,1342.24,58,58,10,2,2.0,1342.24,1,3
2077.81,1892.66,70,70,29,1,1.0,1987.0,1,3
321.36,272.32,58,76,6,1,4.0,1014.0,3,0
246.13,227.99,34,88,6,0,4.0,227.99,3,2
695.96,673.43,24,69,13,2,3.0,1049.0,3,1
1104.7,1082.5,62,61,23,1,3.0,1082.5,1,3
340.82,332.53,56,68,3,5,3.0,891.0,3,0
415.25,157.47,20,67,6,2,6.0,157.47,3,0
382.08,292.07,28,68,20,0,0.0,292.07,0,0
1069.6,799.31,63,65,4,0,5.0,308.5,3,3
333.35,285.68,29,59,25,3,6.0,285.68,0,0
280.69,216.53,68,59,4,2,2.0,216.53,3,0
401.93,355.46,83,67,26,0,3.0,1766.0,0,1
388.29,334.3,30,77,7,3,2.0,883.0,3,3
971.3,573.24,88,102,5,0,3.0,997.0,2,2
605.74,484.27,59,64,25,3,1.0,484.27,0,0
159.44,120.03,48,65,4,0,2.0,940.0,3,1
318.6,258.21,51,56,20,5,3.0,258.21,0,0
1292.03,1145.21,60,61,27,0,4.0,1014.0,1,3
1602.88,561.39,50,74,3,0,1.0,561.39,1,3
489.51,367.66,39,68,25,1,2.0,940.0,0,1
706.63,663.05,77,64,16,3,0.0,1178.0,0,1
600.7,521.69,39,74,23,2,3.0,521.69,0,0
611.99,510.24,30,67,8,1,5.0,1322.0,3,3
1107.03,1005.84,72,82,21,3,5.0,1987.0,1,3
582.79,459.17,50,60,24,1,4.0,813.0,0,0
886.29,499.44,69,57,2,1,5.0,499.44,3,3
497.38,490.49,51,72,6,1,3.0,490.49,3,0
372.37,325.73,64,65,13,3,1.0,325.73,3,0
369.44,306.18,33,55,24,0,0.0,306.18,0,0
415.97,333.59,79,72,12,2,1.0,2782.0,3,1
790.49,735.28,43,65,19,0,2.0,1322.0,1,1
247.07,244.18,64,62,16,1,5.0,1089.6666666666667,0,0
565.97,534.92,1,70,29,2,1.0,534.92,0,1
249.61,193.17,46,75,14,3,5.0,193.17,3,0
432.77,410.29,95,78,10,5,2.0,410.29,3,0
1233.27,1164.79,59,106,7,2,4.0,942.6666666666666,1,3
173.05,162.8,58,63,4,3,6.0,704.3333333333334,3,0
437.88,340.25,37,64,15,3,8.0,813.0,3,0
210.13,161.26,64,112,4,2,2.0,891.0,2,2
426.86,321.11,60,70,23,5,1.0,940.0,0,1
674.13,576.97,59,58,12,3,2.0,576.97,3,3
391.53,309.6,48,124,23,0,6.0,1049.0,2,2
590.83,578.92,38,62,19,0,3.0,1049.0,0,0
322.75,277.58,54,63,28,3,1.0,277.58,0,0
553.68,433.9,38,123,28,5,6.0,883.0,2,2
1327.79,1258.96,36,52,19,1,5.0,997.0,1,3
253.43,201.58,54,63,25,2,3.0,201.58,0,0
766.31,742.07,38,42,26,5,0.0,742.07,0,3
627.52,481.69,24,63,6,2,3.0,1095.0,3,3
1509.59,1452.51,27,79,15,2,1.0,1452.51,1,3
343.48,331.63,45,51,13,1,4.0,1089.6666666666667,3,0
318.08,310.58,72,57,17,1,1.0,310.58,0,0
193.1,177.78,56,62,14,3,1.0,177.78,0,0
248.78,231.82,72,56,12,3,7.0,231.82,3,0
630.05,599.06,40,66,21,1,1.0,817.0,0,1
1131.03,1036.94,75,110,8,0,1.0,1095.0,2,2
233.07,211.68,25,59,4,1,0.0,211.68,3,0
547.0,433.57,58,68,8,5,1.0,433.57,3,0
226.88,195.69,14,47,13,1,6.0,195.69,3,0
609.71,570.99,81,67,4,1,8.0,1766.0,3,0
451.22,342.38,44,48,29,0,2.0,342.38,0,0
793.95,620.72,51,65,2,0,4.0,620.72,3,3
454.37,349.9,46,64,22,2,4.0,349.9,0,0
671.23,528.0,24,75,5,0,3.0,1322.0,3,3
816.24,656.2,72,59,11,2,0.0,656.2,3,1
400.9,378.53,57,130,28,2,4.0,940.0,2,2
233.3,197.06,47,59,19,0,3.0,197.06,0,0
1051.62,651.34,68,62,4,5,1.0,651.34,3,3
527.2,483.48,45,61,16,1,2.0,483.48,0,0
279.36,237.61,16,64,16,1,2.0,237.61,0,0
720.37,699.57,47,75,26,1,0.0,699.57,0,0
613.79,487.59,24,70,29,3,0.0,487.59,0,0
645.91,568.81,59,106,26,3,3.0,568.81,2,2
366.31,348.33,16,68,17,5,3.0,381.0,0,0
305.31,257.24,48,62,16,0,2.0,257.24,0,0
794.19,693.17,38,66,29,1,0.0,886.0,0,0
474.28,386.81,54,70,10,2,6.0,1312.0,3,0
902.91,784.64,14,61,6,2,3.0,1049.0,1,3
521.92,444.93,72,57,11,1,3.0,444.93,3,0
571.22,461.05,67,120,22,0,5.0,891.0,2,2
417.15,397.79,43,70,26,0,4.0,883.0,0,0
140.16,125.95,35,59,28,3,5.0,125.95,0,0
331.49,285.23,59,67,5,3,1.0,1089.6666666666667,3,1
207.98,156.44,53,73,7,3,2.0,1312.0,3,1
683.0,527.09,52,66,14,3,2.0,527.09,3,0
587.68,465.63,49,67,16,2,4.0,465.63,0,0
561.39,206.68,42,76,5,0,5.0,206.68,3,0
263.48,223.23,54,47,15,5,1.0,223.23,0,0
298.21,272.67,17,69,23,0,2.0,272.67,0,0
61.24,59.75,77,61,27,2,4.0,59.75,0,0
653.5,501.14,43,69,6,0,3.0,1184.0,3,3
305.82,238.07,42,64,6,1,3.0,238.07,3,0
320.19,285.52,51,70,19,1,2.0,891.0,0,1
1492.58,1223.76,26,74,28,2,7.0,1223.76,1,3
257.32,245.77,54,52,5,1,2.0,1049.0,3,1
605.49,604.49,95,116,28,1,3.0,1987.0,2,1
337.99,321.26,45,71,29,0,4.0,321.26,0,0
733.55,576.71,95,73,15,0,0.0,576.71,0,1
571.16,436.79,68,55,7,2,3.0,1095.0,3,1
1036.62,335.9,67,68,5,5,4.0,335.9,3,0
784.51,763.83,53,57,25,0,4.0,763.83,0,1
434.26,420.41,31,116,25,1,3.0,420.41,2,2
357.45,316.41,56,74,7,3,4.0,316.41,3,0
2115.31,1578.56,52,112,6,1,6.0,1578.56,1,3
1280.93,583.08,41,118,1,1,3.0,583.08,2,2
832.76,802.3,63,73,2,3,1.0,1322.0,1,1
397.9,354.86,48,77,15,1,3.0,354.86,0,0
1591.5,568.57,34,67,2,0,3.0,1049.0,1,3
1236.13,1080.65,81,83,23,2,2.0,1080.65,1,3
264.92,239.03,57,58,23,0,1.0,239.03,0,0
169.47,161.03,73,61,4,0,4.0,161.03,3,0
423.92,367.79,53,55,2,5,3.0,367.79,3,0
451.3,443.15,55,75,20,5,2.0,443.15,0,0
763.3,679.46,58,64,24,1,1.0,1322.0,0,1
581.07,477.91,46,54,11,2,1.0,477.91,3,0
328.83,262.41,26,109,27,0,3.0,1049.0,2,2
286.62,285.45,85,61,13,3,6.0,1766.0,3,0
310.04,257.07,33,57,15,0,3.0,257.07,0,0
295.08,260.73,50,57,23,0,3.0,1049.0,0,1
184.06,173.65,46,69,16,1,3.0,173.65,0,0
917.96,807.76,24,57,27,2,6.0,883.0,0,0
440.55,400.69,22,64,20,3,3.0,400.69,0,0
741.37,677.65,46,66,15,3,1.0,677.65,3,3
536.6,199.59,50,83,1,1,2.0,1312.0,3,1
396.57,357.35,70,58,29,3,2.0,997.0,0,1
531.54,470.38,92,65,7,1,2.0,470.38,3,0
589.33,495.86,75,56,15,0,6.0,495.86,3,0
676.23,564.03,31,59,7,5,3.0,1184.0,3,3
342.8,272.35,44,86,5,1,5.0,1322.0,3,0
270.98,234.96,28,54,19,3,3.0,234.96,0,0
1542.88,1280.73,77,52,10,1,3.0,997.0,1,3
390.2,124.94,56,93,6,2,3.0,124.94,2,2
617.49,483.34,25,116,1,1,8.0,883.0,2,2
470.41,407.85,45,78,28,1,2.0,407.85,0,0
365.64,281.05,77,55,14,1,4.0,1987.0,3,1
226.99,196.95,50,51,11,1,1.0,196.95,3,0
169.96,135.83,17,75,18,1,2.0,135.83,0,0
711.16,683.42,68,63,2,5,2.0,683.42,3,3
336.64,263.9,28,62,8,3,1.0,263.9,3,0
183.04,138.91,67,66,4,3,3.0,1049.0,3,1
486.25,411.37,45,66,10,0,4.0,883.0,3,0
457.96,424.68,37,47,18,0,2.0,1184.0,0,1
404.65,387.75,47,54,22,5,3.0,387.75,0,0
226.48,189.48,73,71,29,0,3.0,189.48,0,0
422.79,347.06,41,63,7,1,2.0,940.0,3,1
663.4,556.99,91,79,24,1,2.0,1178.0,0,1
581.36,580.1,62,55,21,3,1.0,1049.0,0,1
1151.02,1107.77,34,61,6,5,2.0,1049.0,1,3
206.7,198.72,70,65,21,3,1.0,198.72,0,0
632.73,607.49,41,49,15,0,2.0,607.49,0,1
231.87,164.76,33,56,3,1,2.0,813.0,3,1
451.8,447.98,46,61,28,3,3.0,447.98,0,0
442.53,432.97,43,76,16,3,0.0,432.97,0,0
1452.78,1124.16,38,116,19,5,3.0,997.0,2,3
814.08,670.58,82,64,19,1,1.0,886.0,0,1
767.29,699.26,36,69,12,5,0.0,699.26,3,3
274.49,213.69,37,58,20,5,4.0,213.69,0,0
884.72,783.75,35,57,7,5,1.0,783.75,3,3
279.14,209.61,38,77,29,3,0.0,209.61,0,0
522.9,442.36,43,70,10,2,1.0,442.36,3,0
283.36,240.15,33,69,26,0,4.0,240.15,0,0
283.55,272.34,46,71,24,3,3.0,272.34,0,0
425.98,323.84,41,68,5,1,3.0,323.84,3,0
437.52,351.95,47,50,24,1,4.0,886.0,0,0
312.02,246.72,40,71,8,1,2.0,572.0,3,0
303.46,236.93,37,73,7,1,0.0,236.93,3,0
945.91,870.0,59,68,20,0,1.0,942.6666666666666,1,1
211.24,183.01,57,48,26,3,3.0,183.01,0,0
825.68,714.91,15,61,3,1,0.0,714.91,3,3
229.24,187.38,50,60,6,0,0.0,187.38,3,0
527.56,485.75,70,77,26,1,3.0,891.0,0,1
166.51,128.41,65,103,25,5,3.0,128.41,2,2
701.35,563.09,64,118,8,3,2.0,563.09,2,2
1177.27,921.41,53,52,6,1,0.0,940.0,1,3
322.26,305.81,53,70,18,2,4.0,305.81,0,0
579.91,551.96,54,64,20,0,5.0,891.0,0,0
467.11,412.47,55,81,3,3,6.0,891.0,3,0
770.95,682.41,49,67,21,3,1.0,813.0,0,3
636.69,610.97,41,70,3,1,2.0,610.97,3,3
872.59,696.35,67,72,25,3,3.0,2782.0,1,1
398.1,381.26,53,66,7,2,3.0,886.0,3,1
575.58,551.55,26,55,24,2,2.0,1184.0,0,1
162.17,149.84,46,61,26,1,3.0,149.84,0,0
300.11,266.22,64,65,25,0,0.0,266.22,0,0
339.29,315.99,59,62,7,2,6.0,315.99,3,0
725.07,712.18,55,53,6,0,4.0,813.0,3,3
292.06,243.03,63,52,21,2,0.0,243.03,0,0
559.96,360.93,32,56,1,2,4.0,1095.0,3,3
247.12,230.43,52,56,11,3,2.0,1049.0,3,1
521.18,465.94,45,67,2,1,4.0,465.94,3,0
969.19,932.42,72,61,8,2,3.0,932.42,1,3
289.29,282.24,27,74,10,5,4.0,282.24,3,0
527.52,433.68,47,49,26,3,4.0,433.68,0,0
967.76,863.3,49,51,28,3,2.0,308.5,0,0
238.81,214.22,48,75,18,5,4.0,1184.0,0,0
608.75,462.28,67,73,10,2,2.0,1178.0,3,1
279.18,229.61,58,69,8,3,3.0,1312.0,3,1
239.24,236.36,66,57,2,0,8.0,236.36,3,0
715.49,567.97,29,66,3,0,1.0,1312.0,3,3
799.45,706.29,47,59,2,3,6.0,1322.0,3,3
359.12,320.55,80,52,14,2,4.0,1361.0,3,0
336.11,316.94,48,75,6,5,7.0,891.0,3,0
1270.42,961.35,32,67,26,0,1.0,961.35,1,1
607.24,491.91,42,57,3,5,4.0,940.0,3,0
1182.97,992.89,49,56,8,1,2.0,992.89,1,3
270.62,222.49,86,64,10,1,3.0,222.49,3,0
428.24,372.2,9,66,21,5,4.0,372.2,0,0
544.17,514.42,36,70,9,3,3.0,883.0,3,0
537.04,493.94,79,120,7,1,3.0,1095.0,2,2
3162.93,2560.92,59,54,5,1,0.0,1049.0,1,3
1356.59,431.74,46,70,0,5,4.0,431.74,3,0
432.9,344.42,34,63,7,2,3.0,891.0,3,1
237.62,209.47,57,64,25,3,4.0,997.0,0,1
928.41,322.17,62,62,3,1,3.0,886.0,3,3
712.14,687.35,33,70,2,1,0.0,687.35,3,3
756.23,638.22,34,66,4,2,8.0,886.0,3,3
466.69,363.4,85,56,7,3,5.0,1014.0,3,0
147.32,122.53,19,62,20,2,0.0,122.53,0,0
916.76,408.67,64,77,6,3,4.0,1014.0,3,3
189.75,164.76,95,60,18,0,2.0,2317.0,0,1
895.66,731.47,48,68,24,3,2.0,731.47,0,3
209.45,170.59,39,51,9,2,3.0,170.59,3,0
428.24,198.75,30,68,3,2,5.0,1049.0,3,0
694.29,646.64,29,58,9,0,3.0,646.64,3,3
441.23,423.35,69,68,28,3,4.0,423.35,0,0
722.32,718.66,59,54,21,3,5.0,718.66,0,0
452.69,366.65,12,68,25,5,3.0,1049.0,0,0
731.86,570.35,66,62,16,1,3.0,1014.0,0,1
992.94,809.56,59,73,5,2,2.0,809.56,1,3
551.45,544.29,57,55,26,5,2.0,544.29,0,0
480.37,419.67,47,74,4,2,1.0,419.67,3,0
2325.08,1674.1,64,57,2,1,2.0,940.0,1,3
301.98,292.46,66,75,28,5,2.0,883.0,0,0
444.82,444.42,76,105,26,5,4.0,444.42,2,2
788.2,773.12,52,64,2,0,0.0,997.0,3,3
306.27,294.56,53,58,4,5,5.0,294.56,3,0
364.67,357.7,26,51,28,0,2.0,357.7,0,0
652.79,531.18,39,69,19,3,1.0,531.18,0,0
263.23,198.7,62,84,5,2,3.0,1014.0,3,0
332.35,324.0,57,71,29,5,1.0,940.0,0,1
274.69,217.38,60,83,23,5,2.0,704.3333333333334,0,1
2203.25,2024.17,39,68,8,1,3.0,2024.17,1,3
431.36,378.59,69,65,7,3,2.0,1049.0,3,1
377.25,357.12,37,54,14,5,2.0,357.12,3,0
367.77,312.47,51,65,16,2,3.0,312.47,0,0
701.71,543.35,53,54,17,5,8.0,1184.0,0,0
752.07,613.83,1,64,12,1,2.0,1086.5,3,3
493.42,454.42,47,64,13,1,1.0,308.5,3,0
337.34,326.95,69,58,14,3,1.0,1458.0,3,1
533.31,512.47,48,68,9,5,1.0,512.47,3,0
320.22,294.03,53,69,26,3,0.0,294.03,0,0
848.28,339.37,38,73,6,3,2.0,339.37,3,0
313.45,249.91,44,68,24,5,5.0,883.0,0,0
757.51,589.52,62,75,11,5,5.0,1312.0,3,0
792.6,665.68,73,59,17,0,3.0,665.68,0,1
140.19,113.29,51,60,9,1,3.0,113.29,3,0
300.85,253.08,51,71,2,1,3.0,253.08,3,0
677.36,559.28,14,62,13,5,1.0,559.28,3,3
195.15,165.53,61,53,6,1,4.0,940.0,3,0
407.11,357.79,16,82,24,0,0.0,886.0,0,1
156.29,151.0,58,53,25,3,5.0,813.0,0,0
224.65,217.39,46,129,26,1,1.0,1322.0,2,2
346.9,316.71,80,111,13,3,4.0,316.71,2,2
94.61,90.75,58,46,27,1,2.0,1184.0,0,1
579.0,563.72,65,72,27,1,4.0,563.72,0,1
736.96,608.84,28,74,26,0,4.0,886.0,0,0
184.34,155.34,46,58,3,5,6.0,1184.0,3,0
503.37,271.88,60,56,3,0,5.0,271.88,3,0
305.97,275.27,32,68,26,2,2.0,275.27,0,0
465.74,459.26,39,74,14,5,3.0,459.26,3,0
259.71,220.64,20,57,21,5,4.0,220.64,0,0
284.92,271.39,56,60,6,2,4.0,1322.0,3,1
346.45,265.19,48,59,8,1,1.0,940.0,3,1
759.17,746.8,74,68,15,3,2.0,746.8,3,3
1695.3,1595.19,48,61,2,2,3.0,1595.19,1,3
284.72,271.47,66,71,18,3,0.0,271.47,0,0
408.24,334.81,67,59,22,2,2.0,334.81,0,0
435.79,349.12,43,43,16,5,5.0,349.12,0,0
327.9,156.49,71,113,1,2,2.0,997.0,2,2
1089.19,899.65,45,66,14,2,1.0,1322.0,1,3
471.24,428.8,49,56,28,5,6.0,428.8,0,0
495.46,425.15,47,62,6,5,0.0,425.15,3,0
768.77,679.14,47,58,24,5,5.0,679.14,0,0
456.36,361.82,43,55,25,3,1.0,1014.0,0,1
199.59,190.36,54,64,11,5,3.0,1095.0,3,0
554.19,449.44,39,68,10,5,3.0,1014.0,3,3
1072.1,401.52,16,62,5,5,6.0,1410.0,3,0
243.74,207.16,27,76,20,5,3.0,891.0,0,0
928.01,839.96,32,63,15,1,6.0,1095.0,1,3
348.56,331.82,67,70,24,3,5.0,331.82,0,0
425.06,373.17,27,74,29,1,4.0,373.17,0,0
948.76,778.91,41,70,18,3,4.0,778.91,1,3
282.41,230.97,65,59,29,2,3.0,1361.0,0,1
270.5,208.39,24,73,21,5,2.0,208.39,0,0
1603.92,1295.19,84,60,14,3,1.0,1178.0,1,3
202.55,155.81,24,54,3,1,3.0,155.81,3,0
367.03,306.72,58,67,5,1,2.0,1089.6666666666667,3,1
236.84,178.05,67,62,26,5,4.0,178.05,0,0
908.43,713.25,78,65,10,5,4.0,1014.0,1,3
341.15,261.88,33,69,6,2,2.0,261.88,3,0
1233.07,563.42,44,78,0,3,2.0,563.42,3,3
163.48,128.11,57,57,6,2,3.0,128.11,3,0
1066.81,560.78,19,116,6,3,3.0,560.78,2,2
745.4,391.99,42,80,3,0,1.0,391.99,3,0
635.82,554.88,36,117,14,2,5.0,1089.6666666666667,2,2
384.25,314.82,54,50,12,3,2.0,883.0,3,1
1646.63,1317.84,58,62,6,2,7.0,886.0,1,3
574.24,554.88,30,71,23,5,1.0,891.0,0,3
353.06,322.85,38,67,6,1,4.0,942.6666666666666,3,0
317.7,230.61,60,84,2,1,1.0,1184.0,3,1
439.09,429.26,63,61,24,0,5.0,429.26,0,0
174.17,160.62,63,68,18,2,2.0,308.5,0,0
493.03,461.38,16,71,5,3,3.0,461.38,3,3
449.11,369.15,66,71,15,1,4.0,1214.0,3,0
529.86,498.04,49,64,25,0,3.0,498.04,0,0
467.92,441.83,18,66,2,3,4.0,441.83,3,3
853.73,815.91,54,45,15,2,2.0,815.91,1,1
423.14,320.69,54,65,2,3,2.0,320.69,3,0
261.61,224.35,51,64,5,0,5.0,224.35,3,0
369.72,292.62,45,77,3,0,1.0,886.0,3,1
762.85,628.7,47,106,20,0,3.0,997.0,2,2
1762.92,1468.37,58,64,3,0,0.0,1468.37,1,3
825.37,669.09,54,114,26,1,5.0,940.0,2,2
761.1,608.72,52,134,25,5,1.0,308.5,2,2
556.64,506.08,29,53,4,2,2.0,1095.0,3,3
279.45,231.62,60,108,10,1,3.0,886.0,2,2
2014.89,1192.36,52,66,1,5,1.0,942.6666666666666,1,3
968.42,775.2,60,70,21,3,4.0,1184.0,1,3
1392.52,562.03,47,52,0,3,1.0,562.03,3,3
347.97,333.85,49,71,4,1,5.0,891.0,3,0
634.61,545.84,55,91,3,0,4.0,1312.0,2,3
488.05,431.69,56,68,20,0,2.0,431.69,0,0
348.43,340.42,49,61,11,1,4.0,340.42,3,0
372.52,340.15,37,56,16,2,0.0,340.15,0,0
2797.97,2447.07,23,106,24,2,6.0,2447.07,1,3
949.34,750.21,41,72,20,3,1.0,1095.0,1,3
1239.12,632.27,58,103,3,3,1.0,632.27,2,2
291.54,219.89,75,79,14,0,3.0,2782.0,3,1
153.81,148.31,65,76,2,1,3.0,2317.0,3,1
164.42,141.18,25,72,17,3,4.0,1049.0,0,0
360.2,317.82,65,64,2,5,5.0,317.82,3,0
564.77,526.89,70,63,13,5,4.0,886.0,3,0
694.01,530.79,65,70,23,5,4.0,1214.0,0,0
235.26,183.99,5,68,26,0,4.0,183.99,0,0
364.92,346.29,43,71,2,1,5.0,883.0,3,0
253.94,216.96,95,69,20,2,2.0,216.96,0,0
235.95,204.39,51,65,29,3,2.0,204.39,0,0
617.03,288.2,45,60,4,5,2.0,288.2,3,0
1498.49,1337.29,46,57,13,3,9.0,1337.29,1,3
116.18,93.62,48,77,20,3,1.0,883.0,0,1
1002.83,790.19,48,74,13,5,5.0,1014.0,1,3
893.54,382.27,39,67,1,3,0.0,382.27,3,3
1256.92,1026.19,54,117,19,1,2.0,1095.0,2,2
202.48,157.01,57,96,28,0,3.0,1014.0,2,2
372.2,341.84,66,57,16,1,6.0,341.84,0,0
1353.53,1218.88,35,72,7,3,0.0,1312.0,1,3
209.19,156.97,38,74,13,3,1.0,940.0,3,1
117.06,109.16,57,65,25,5,3.0,1322.0,0,0
373.28,309.39,56,63,7,0,3.0,883.0,3,1
1384.69,1300.03,26,47,8,5,2.0,1300.03,1,3
373.52,294.54,25,72,11,1,2.0,294.54,3,0
3094.6,1272.51,59,56,5,0,7.0,1272.51,1,3
108.92,86.3,34,67,5,2,4.0,86.3,3,0
288.66,275.18,80,58,6,5,3.0,275.18,3,0
129.64,114.68,46,70,6,1,2.0,114.68,3,0
199.74,181.68,67,56,28,1,5.0,1361.0,0,0
728.15,559.87,40,66,27,3,1.0,1184.0,0,1
279.32,220.42,71,61,14,3,2.0,220.42,3,0
537.85,404.5,60,71,2,3,1.0,404.5,3,0
389.29,320.84,56,52,27,3,2.0,320.84,0,0
194.0,172.49,49,61,29,2,2.0,891.0,0,1
553.91,506.13,68,68,25,5,4.0,506.13,0,0
328.43,261.33,72,78,28,3,4.0,891.0,0,1
282.89,243.23,38,53,23,3,2.0,1322.0,0,1
720.22,689.94,18,111,10,0,1.0,1260.0,2,2
309.22,245.61,38,90,11,2,3.0,245.61,2,0
368.13,327.11,45,70,23,5,2.0,327.11,0,0
636.04,591.79,56,52,16,3,0.0,591.79,0,3
350.5,264.31,11,68,6,2,2.0,1273.0,3,3
751.09,630.82,62,56,9,1,4.0,630.82,3,3
258.78,242.92,49,50,12,0,3.0,813.0,3,0
484.59,483.24,57,64,17,1,3.0,997.0,0,1
240.43,201.54,79,73,18,3,3.0,1458.0,0,1
381.62,312.46,65,65,17,1,2.0,1095.0,0,1
227.41,220.54,42,57,23,2,1.0,1014.0,0,1
212.28,194.45,28,73,2,0,3.0,194.45,3,0
1325.2,1158.33,50,49,29,5,1.0,1158.33,1,3
390.64,377.17,9,68,23,5,2.0,1049.0,0,0
513.23,510.15,38,58,24,5,4.0,308.5,0,0
127.57,101.36,83,98,8,0,3.0,2317.0,2,1
281.47,229.31,80,69,16,1,2.0,229.31,0,0
168.13,137.12,24,57,17,5,3.0,1322.0,0,0
767.63,647.65,81,78,14,1,3.0,1214.0,3,1
183.06,147.46,53,50,7,5,4.0,147.46,3,0
297.92,283.76,35,65,22,2,2.0,283.76,0,0
1667.92,1643.7,64,71,3,2,3.0,1643.7,1,3
230.31,193.23,51,59,4,2,5.0,193.23,3,0
1168.3,631.36,32,68,4,0,4.0,886.0,3,3
266.75,228.74,37,81,13,2,2.0,308.5,3,0
887.78,590.7,56,85,0,0,2.0,308.5,3,0
926.31,762.29,63,71,22,1,3.0,940.0,1,1
391.2,369.65,81,68,2,2,4.0,2317.0,3,1
371.34,371.04,42,72,5,0,2.0,371.04,3,0
367.69,317.34,55,67,20,3,1.0,317.34,0,0
386.61,361.77,58,69,18,1,2.0,361.77,0,0
547.8,524.56,49,55,29,3,2.0,886.0,0,1
362.79,331.24,47,59,7,3,4.0,1184.0,3,1
205.64,163.41,38,59,4,1,4.0,891.0,3,1
794.65,607.58,81,57,23,3,10.0,607.58,0,0
987.45,892.34,31,81,6,3,4.0,892.34,1,3
597.17,550.56,42,51,28,0,4.0,550.56,0,1
561.32,425.88,41,74,15,3,1.0,425.88,0,0
364.31,301.46,44,79,25,2,4.0,1184.0,0,0
661.55,646.38,44,62,11,0,4.0,1014.0,3,3
191.12,187.87,53,52,8,1,3.0,704.3333333333334,3,1
2803.59,2072.98,51,67,2,5,2.0,1322.0,1,3
219.29,198.66,45,61,20,0,3.0,198.66,0,0
185.54,178.14,52,69,11,1,4.0,891.0,3,0
159.27,124.61,44,74,12,5,1.0,883.0,3,0
689.11,644.65,49,63,22,2,3.0,1312.0,0,1
370.94,355.09,49,64,2,5,0.0,355.09,3,0
538.41,462.38,41,65,18,3,2.0,891.0,0,0
414.78,345.43,87,50,13,5,1.0,345.43,3,0
309.75,266.3,51,52,16,3,3.0,266.3,0,0
277.5,213.86,50,73,23,2,1.0,213.86,0,0
157.54,126.82,25,76,19,0,4.0,1312.0,0,0
244.97,233.3,60,74,3,1,0.0,1312.0,3,1
447.34,174.62,42,100,5,2,5.0,1089.6666666666667,2,2
140.27,139.45,95,80,24,1,3.0,139.45,0,0
410.98,392.31,41,63,20,0,3.0,392.31,0,0
259.7,218.93,93,67,5,2,2.0,1458.0,3,1
805.83,732.29,67,65,3,1,5.0,883.0,3,3
435.38,344.88,40,63,10,3,4.0,572.0,3,0
683.56,618.4,39,68,22,3,3.0,886.0,0,3
274.27,238.03,74,62,22,0,4.0,1014.0,0,1
488.88,452.91,64,63,29,3,0.0,1322.0,0,1
298.17,294.12,54,60,7,3,2.0,1014.0,3,1
332.53,330.0,46,70,12,3,3.0,330.0,3,0
569.48,467.75,53,82,6,1,3.0,467.75,3,0
575.42,479.45,22,76,17,3,4.0,479.45,0,0
815.73,757.8,57,59,29,3,3.0,1322.0,0,1
413.49,409.1,41,58,11,0,1.0,997.0,3,1
165.42,164.48,67,78,23,0,3.0,164.48,0,0
335.93,283.72,64,73,26,1,3.0,704.3333333333334,0,0
118.69,113.3,40,61,5,3,2.0,704.3333333333334,3,1
486.62,402.13,50,52,27,0,1.0,940.0,0,1
521.09,445.01,57,62,8,3,2.0,704.3333333333334,3,1
862.65,508.94,30,73,0,5,4.0,508.94,3,0
293.41,264.42,68,70,25,1,6.0,1987.0,0,1
1200.66,1019.33,57,77,2,1,5.0,1019.33,1,3
148.79,144.27,33,64,13,2,3.0,144.27,3,0
706.49,691.75,84,80,14,3,2.0,691.75,3,1
993.75,808.15,48,59,28,2,4.0,808.15,0,3
610.98,557.67,7,50,17,0,1.0,1273.0,0,1
104.02,86.28,51,58,22,0,3.0,86.28,0,0
450.46,376.61,45,126,19,2,4.0,1095.0,2,2
335.29,268.01,73,61,26,5,2.0,2782.0,0,0
498.44,445.41,62,69,9,1,4.0,942.6666666666666,3,0
1365.46,1066.6,56,122,19,0,6.0,1066.6,2,2
1981.33,1610.11,79,54,24,2,3.0,1095.0,1,3
532.31,433.61,68,64,14,0,3.0,433.61,3,0
510.96,436.82,61,59,4,5,7.0,436.82,3,0
290.62,277.81,65,63,8,2,2.0,277.81,3,0
535.41,528.35,14,74,23,0,6.0,528.35,0,0
466.82,453.08,18,64,21,5,1.0,381.0,0,0
309.71,254.39,51,57,22,2,2.0,1014.0,0,1
173.2,160.08,54,69,15,1,6.0,308.5,0,0
458.73,418.34,33,65,29,5,1.0,418.34,0,0
529.92,421.1,79,60,8,0,1.0,421.1,3,0
343.77,280.66,82,73,21,5,4.0,997.0,0,1
165.59,139.05,53,60,25,3,6.0,1095.0,0,0
467.31,454.82,67,59,21,1,3.0,940.0,0,1
786.19,611.22,49,65,9,2,5.0,1089.6666666666667,3,3
278.25,261.1,94,119,20,1,5.0,1095.0,2,2
226.5,208.14,59,76,13,5,3.0,208.14,3,0
500.96,478.08,90,65,14,5,2.0,940.0,3,0
329.37,258.7,82,48,29,1,5.0,258.7,0,0
354.46,329.65,29,66,13,2,0.0,1322.0,3,1
238.11,225.32,39,63,5,1,2.0,997.0,3,1
370.45,341.13,31,53,2,3,3.0,940.0,3,1
313.88,305.32,57,67,23,0,3.0,942.6666666666666,0,0
1187.33,1179.81,35,59,9,5,3.0,1179.81,1,3
360.4,327.6,29,69,9,3,3.0,327.6,3,0
401.31,304.29,4,54,3,5,7.0,1095.0,3,3
802.61,717.69,43,114,27,1,2.0,883.0,2,2
521.28,428.69,44,59,6,2,3.0,428.69,3,0
840.37,431.73,57,115,3,3,1.0,308.5,2,2
301.23,282.76,29,73,11,0,4.0,891.0,3,0
1153.79,1115.91,54,120,20,0,3.0,1014.0,2,2
647.79,315.12,32,53,0,1,4.0,315.12,3,0
1653.76,1543.66,46,70,20,2,4.0,1184.0,1,3
534.81,487.04,40,63,17,1,2.0,487.04,0,0
759.5,682.02,67,66,22,5,5.0,1214.0,0,0
580.79,501.21,49,62,6,5,1.0,1089.6666666666667,3,0
499.84,412.32,61,63,19,3,0.0,1322.0,0,1
526.74,505.36,49,73,13,0,4.0,505.36,3,0
410.48,345.82,46,70,14,3,3.0,1184.0,3,0
732.56,732.52,79,60,3,0,1.0,732.52,3,0
507.96,495.93,30,66,25,2,2.0,883.0,0,1
194.82,191.59,45,107,27,2,1.0,191.59,2,2
123.85,102.36,57,70,23,2,6.0,1312.0,0,0
144.17,108.23,40,80,17,2,3.0,108.23,0,0
164.93,136.68,41,74,3,1,4.0,136.68,3,0
181.62,155.28,52,68,28,2,3.0,155.28,0,0
455.35,392.07,44,64,11,0,1.0,392.07,3,0
132.08,104.67,25,70,17,5,2.0,942.6666666666666,0,0
393.06,329.79,60,60,3,2,5.0,329.79,3,0
1552.11,531.79,51,58,3,1,7.0,531.79,1,3
527.15,426.87,30,74,10,1,6.0,1049.0,3,0
331.63,262.51,39,105,7,2,5.0,886.0,2,2
783.18,625.48,18,133,6,1,4.0,625.48,2,2
660.56,512.47,66,62,22,5,1.0,512.47,0,3
496.29,412.77,42,71,8,5,2.0,1095.0,3,3
276.77,195.4,32,120,2,0,5.0,1049.0,2,2
586.38,251.71,50,70,0,2,2.0,1322.0,3,1
1130.54,1109.68,17,63,20,0,3.0,1109.68,1,3
822.78,654.58,53,66,24,0,2.0,1089.6666666666667,0,1
485.96,408.42,61,60,10,5,1.0,942.6666666666666,3,0
598.87,453.54,34,73,23,5,0.0,940.0,0,3
409.14,332.2,50,50,6,2,2.0,1312.0,3,1
188.67,145.32,39,61,24,1,1.0,145.32,0,0
390.12,356.26,41,75,19,2,0.0,704.3333333333334,0,1
871.49,807.31,58,71,12,2,3.0,1312.0,1,1
737.24,652.1,75,72,17,2,1.0,652.1,0,1
357.25,344.6,40,73,7,1,3.0,308.5,3,0
350.34,272.33,75,53,3,5,4.0,272.33,3,0
606.51,529.06,55,61,24,1,2.0,529.06,0,1
140.86,134.27,54,68,2,5,3.0,886.0,3,0
462.99,429.49,66,101,23,3,4.0,1049.0,2,2
786.64,674.46,67,54,22,2,2.0,674.46,0,1
217.59,174.76,85,111,15,2,3.0,940.0,2,2
755.59,334.78,41,68,3,3,2.0,334.78,3,0
256.63,196.71,55,69,16,0,0.0,1184.0,0,1
498.4,478.45,81,60,16,1,1.0,1049.0,0,1
457.94,400.04,49,63,6,3,3.0,400.04,3,0
797.24,352.01,4,70,0,5,3.0,1086.5,3,0
358.38,282.41,61,67,19,0,4.0,704.3333333333334,0,1
220.05,195.07,33,58,4,5,7.0,195.07,3,0
555.5,501.34,23,49,14,0,3.0,813.0,3,0
426.75,339.84,37,61,27,2,2.0,339.84,0,0
617.79,491.78,63,71,10,0,4.0,1014.0,3,1
477.71,219.93,53,61,6,5,1.0,891.0,3,0
362.36,337.35,30,54,18,2,4.0,337.35,0,0
238.24,189.56,53,125,20,5,4.0,1089.6666666666667,2,2
529.32,501.26,74,62,3,3,2.0,501.26,3,1
521.04,504.15,61,64,13,2,3.0,997.0,3,1
476.37,358.31,50,61,15,2,3.0,358.31,0,0
879.05,282.73,62,70,1,3,3.0,282.73,3,0
623.8,479.47,34,59,7,5,0.0,308.5,3,0
1374.54,1055.13,58,72,13,0,2.0,1055.13,1,3
450.4,391.19,62,68,12,2,2.0,391.19,3,0
491.21,435.64,67,64,28,0,1.0,1214.0,0,1
832.5,825.99,31,63,13,2,4.0,825.99,1,3
1015.02,884.35,55,84,17,3,5.0,813.0,1,3
470.15,373.07,48,64,26,5,2.0,373.07,0,0
1232.72,740.34,58,68,0,0,4.0,740.34,1,3
484.38,464.52,86,76,21,0,3.0,1361.0,0,1
353.63,353.58,36,72,23,5,5.0,942.6666666666666,0,0
383.57,343.09,30,65,18,0,2.0,1049.0,0,1
419.35,351.73,13,112,23,1,7.0,1086.5,2,2
875.95,714.58,33,71,12,5,2.0,883.0,3,3
195.85,166.93,55,67,18,2,2.0,886.0,0,0
692.87,532.2,40,108,5,0,4.0,1322.0,2,2
294.6,284.39,69,76,13,1,4.0,284.39,3,0
369.08,307.55,32,60,23,3,4.0,997.0,0,0
159.79,143.97,50,61,10,0,2.0,143.97,3,0
448.14,420.39,73,66,5,3,3.0,2782.0,3,1
221.56,195.59,49,63,27,1,6.0,195.59,0,0
246.25,238.45,48,73,19,3,1.0,704.3333333333334,0,1
405.53,325.54,18,58,8,3,3.0,886.0,3,1
643.31,551.62,28,60,16,2,1.0,308.5,0,0
793.41,707.62,54,76,25,2,3.0,942.6666666666666,0,3
407.31,389.16,34,60,11,0,4.0,891.0,3,0
990.76,856.97,38,59,3,3,2.0,1014.0,1,3
594.56,556.89,38,59,26,0,3.0,886.0,0,0
538.52,471.81,56,50,11,5,2.0,471.81,3,3
492.65,473.59,67,72,9,2,2.0,473.59,3,1
624.13,595.18,60,54,17,2,5.0,595.18,0,0
453.26,399.94,55,48,25,3,3.0,1049.0,0,1
344.51,305.71,59,68,15,0,1.0,305.71,0,0
622.31,586.51,31,57,29,5,2.0,1095.0,0,0
788.9,640.73,70,73,29,1,4.0,997.0,0,1
679.06,673.15,48,79,22,2,3.0,673.15,0,3
238.13,220.48,50,49,6,0,3.0,220.48,3,0
1316.9,450.39,39,128,2,0,6.0,450.39,2,2
460.72,380.52,74,64,27,2,4.0,380.52,0,0
388.71,291.93,61,63,23,2,2.0,291.93,0,0
606.37,506.48,52,51,19,3,5.0,506.48,0,0
1001.71,808.38,59,68,7,3,1.0,808.38,1,3
578.09,441.03,38,66,10,0,3.0,441.03,3,0
347.36,336.2,49,59,5,2,2.0,1089.6666666666667,3,1
211.09,166.71,70,65,23,0,3.0,166.71,0,0
285.5,250.89,33,66,10,0,6.0,1089.6666666666667,3,0
934.26,889.78,95,60,18,1,3.0,889.78,1,1
452.05,367.93,40,104,13,3,1.0,661.0,2,2
695.1,561.83,38,59,22,5,2.0,561.83,0,3
374.18,369.87,52,74,17,5,4.0,369.87,0,0
389.12,387.8,79,50,17,5,2.0,1458.0,0,0
427.1,322.4,70,74,23,1,1.0,322.4,0,0
254.53,248.25,68,114,5,1,3.0,1458.0,2,2
262.14,235.12,39,68,15,2,7.0,813.0,0,0
598.99,477.37,65,57,23,5,1.0,477.37,0,3
395.61,385.58,43,98,14,0,6.0,385.58,2,2
331.14,328.29,74,58,7,2,3.0,328.29,3,0
235.4,211.36,49,71,7,5,2.0,211.36,3,0
856.26,856.08,72,68,14,2,3.0,856.08,1,1
675.08,573.62,23,123,17,2,3.0,942.6666666666666,2,2
609.44,560.24,57,67,19,5,3.0,560.24,0,3
359.31,277.77,65,65,29,3,3.0,277.77,0,0
557.36,554.62,42,64,23,2,3.0,554.62,0,0
207.29,189.03,76,57,29,2,5.0,189.03,0,0
224.35,182.42,47,63,26,2,2.0,1089.6666666666667,0,1
423.14,333.09,56,71,8,3,1.0,308.5,3,0
381.89,372.15,42,77,6,2,4.0,372.15,3,0
248.15,207.25,67,68,5,5,3.0,1458.0,3,0
451.49,387.84,64,75,11,5,6.0,387.84,3,0
683.43,587.88,57,60,9,0,4.0,891.0,3,3
290.49,280.86,59,62,15,3,4.0,280.86,0,0
815.72,621.04,68,73,21,1,2.0,621.04,0,1
923.16,704.44,17,71,14,2,4.0,1014.0,1,1
425.7,360.97,47,51,26,5,3.0,942.6666666666666,0,0
941.78,380.44,55,113,5,1,4.0,380.44,2,2
211.08,189.7,47,58,11,2,1.0,1049.0,3,1
259.13,231.02,68,66,28,3,2.0,2782.0,0,1
221.19,173.72,82,57,19,0,7.0,173.72,0,0
224.54,193.23,12,52,26,2,3.0,193.23,0,0
481.59,451.19,33,55,6,3,4.0,1184.0,3,3
793.72,762.09,7,60,16,5,3.0,762.09,0,3
1519.13,1195.94,43,68,11,5,3.0,1184.0,1,3
587.6,473.87,66,63,3,5,3.0,473.87,3,0
372.79,347.23,40,117,15,1,2.0,1049.0,2,2
225.92,191.33,40,66,28,5,2.0,572.0,0,0
454.46,433.48,31,110,23,3,4.0,433.48,2,2
290.66,245.02,39,64,7,2,5.0,245.02,3,0
773.73,674.73,9,62,10,3,5.0,674.73,3,1
276.43,271.94,49,57,11,1,2.0,271.94,3,0
1082.31,827.84,61,52,4,5,6.0,891.0,1,3
264.5,226.23,32,57,10,5,1.0,226.23,3,0
291.05,240.98,87,67,10,2,4.0,240.98,3,0
81.49,74.36,43,69,18,5,2.0,74.36,0,0
422.08,391.6,62,71,2,3,1.0,997.0,3,1
444.77,396.76,19,63,13,0,3.0,1049.0,3,1
408.9,403.19,63,55,27,2,7.0,403.19,0,0
147.0,116.65,62,53,13,1,0.0,1049.0,3,1
685.05,233.83,26,111,5,5,0.0,233.83,2,2
849.82,368.59,38,62,2,1,0.0,368.59,3,3
1465.13,1334.92,14,74,23,1,4.0,750.5,1,3
451.58,377.47,72,61,2,5,3.0,1214.0,3,0
572.91,539.78,86,70,12,2,4.0,539.78,3,0
663.53,653.57,40,54,4,3,1.0,883.0,3,3
423.65,391.24,35,69,12,1,7.0,391.24,3,0
396.09,353.24,26,73,5,3,4.0,883.0,3,0
703.26,652.08,54,64,22,5,1.0,652.08,0,3
797.37,653.9,68,70,26,3,4.0,940.0,0,3
973.37,781.62,60,62,9,0,0.0,940.0,1,3
455.02,358.6,53,51,27,1,0.0,1095.0,0,1
308.41,299.35,69,66,9,1,5.0,1987.0,3,1
564.28,478.07,28,68,17,0,4.0,478.07,0,0
123.56,118.3,30,49,7,1,2.0,118.3,3,0
529.47,509.02,36,61,8,3,2.0,883.0,3,3
705.31,601.92,48,59,13,1,4.0,1322.0,3,1
607.97,405.86,76,68,5,3,1.0,1014.0,3,1
358.72,171.94,62,74,6,3,7.0,171.94,3,0
446.74,373.35,67,71,17,1,3.0,1214.0,0,1
786.99,736.99,44,71,8,3,3.0,308.5,3,3
729.28,252.9,59,112,5,5,2.0,1049.0,2,0
597.8,477.46,54,74,8,2,2.0,477.46,3,0
372.44,308.14,40,112,9,5,3.0,1312.0,2,2
577.35,562.25,44,72,27,1,5.0,562.25,0,0
1440.77,1420.75,63,56,2,3,0.0,1420.75,1,3
464.2,447.51,67,67,29,5,2.0,883.0,0,0
218.15,216.47,53,62,15,3,3.0,216.47,0,0
732.15,645.63,36,76,3,0,4.0,645.63,3,3
448.2,361.98,73,49,18,0,0.0,2782.0,0,1
2415.11,2131.42,37,59,9,2,7.0,1089.6666666666667,1,3
1464.34,941.99,73,112,0,2,2.0,941.99,2,3
1127.44,848.17,62,108,25,2,5.0,848.17,2,2
1770.16,1752.07,45,63,22,3,2.0,942.6666666666666,1,3
317.42,306.74,61,52,21,0,2.0,306.74,0,0
520.81,405.13,92,67,5,5,1.0,1214.0,3,1
225.76,171.22,53,63,13,0,2.0,171.22,3,0
133.43,112.72,66,64,23,5,3.0,112.72,0,0
724.57,593.41,41,61,11,0,4.0,593.41,3,0
82.25,70.91,79,62,21,2,2.0,70.91,0,0
584.0,510.82,71,69,13,5,2.0,2782.0,1,0
1257.27,1216.47,54,69,6,5,3.0,704.3333333333334,1,3
1329.85,1086.79,36,51,29,1,1.0,1086.79,1,3
249.25,233.23,72,73,8,5,0.0,233.23,3,0
431.17,384.89,72,65,18,3,3.0,384.89,0,0
1096.06,828.84,83,72,11,3,0.0,828.84,1,1
294.53,264.17,22,61,11,3,4.0,704.3333333333334,3,1
876.74,378.24,60,104,5,2,2.0,1049.0,2,2
301.33,259.45,69,73,5,0,8.0,1214.0,3,0
516.64,456.2,67,73,27,0,1.0,891.0,0,1
309.11,264.39,61,67,2,0,2.0,940.0,3,1
961.96,927.72,19,58,28,2,3.0,886.0,1,3
569.71,433.76,39,67,15,2,4.0,1312.0,3,1
362.33,323.3,20,64,27,3,4.0,942.6666666666666,0,0
592.1,468.87,55,73,26,3,7.0,468.87,0,0
193.53,145.72,50,50,24,0,2.0,1322.0,0,1
392.73,337.2,62,72,28,1,4.0,337.2,0,0
639.25,590.49,28,69,13,5,3.0,813.0,3,3
275.91,253.98,37,59,5,5,2.0,253.98,3,0
736.19,649.38,6,63,24,0,0.0,649.38,0,1
1525.98,1187.74,58,63,14,3,5.0,704.3333333333334,1,3
170.22,158.08,40,53,14,5,1.0,158.08,3,0
380.74,315.14,73,73,16,3,3.0,315.14,0,0
878.08,784.06,41,68,9,0,2.0,1095.0,1,3
969.17,773.79,94,76,1,0,6.0,773.79,3,3
577.68,483.45,80,65,15,2,3.0,1049.0,3,1
340.43,310.96,35,75,19,3,6.0,1089.6666666666667,0,0
408.31,326.99,28,75,7,1,2.0,326.99,3,0
390.78,335.65,76,75,26,2,3.0,886.0,0,1
679.45,559.93,25,64,28,0,4.0,1089.6666666666667,0,0
756.26,752.18,49,64,3,1,2.0,752.18,3,3
273.12,210.95,29,58,12,0,1.0,210.95,3,0
830.05,821.22,76,64,7,5,3.0,821.22,3,3
211.9,127.1,48,54,0,2,3.0,127.1,3,0
1098.59,943.56,47,57,5,5,5.0,940.0,1,3
731.38,675.67,68,67,2,3,2.0,675.67,3,1
754.35,647.6,52,76,21,5,3.0,886.0,0,0
505.04,483.51,73,61,16,5,2.0,483.51,0,0
405.97,178.55,6,49,5,3,3.0,1260.0,3,1
443.39,385.18,40,64,14,1,2.0,572.0,3,0
301.99,257.14,31,77,29,3,3.0,1322.0,0,0
749.67,302.09,77,61,2,5,6.0,302.09,3,0
566.64,510.3,71,53,7,0,2.0,1095.0,3,1
495.54,485.54,36,68,22,3,5.0,997.0,0,0
1669.77,1290.34,37,58,27,3,6.0,1290.34,1,3
384.59,299.39,48,74,22,3,1.0,891.0,0,1
704.31,599.28,36,70,3,5,1.0,891.0,3,3
200.25,173.62,29,62,17,1,5.0,173.62,0,0
1428.61,1321.5,49,65,9,0,0.0,1321.5,1,3
718.41,577.2,60,114,17,3,4.0,577.2,2,2
400.8,342.81,51,80,14,3,4.0,342.81,3,2
699.1,346.07,44,59,3,3,5.0,346.07,3,3
169.16,151.76,48,54,10,3,1.0,308.5,3,0
612.6,502.51,46,68,27,2,3.0,502.51,0,0
808.87,658.08,33,65,13,0,0.0,1049.0,3,3
681.99,645.92,43,58,9,2,7.0,645.92,3,3
213.57,192.41,76,61,29,5,2.0,192.41,0,0
618.67,599.15,37,63,8,1,7.0,1184.0,3,3
203.94,153.91,54,66,25,1,4.0,704.3333333333334,0,0
450.85,344.41,39,63,27,1,3.0,1014.0,0,0
331.9,296.63,59,106,9,5,3.0,296.63,2,2
555.22,436.88,9,77,19,2,4.0,1410.0,0,0
422.82,335.54,54,63,16,0,3.0,335.54,0,0
1168.16,1010.41,55,110,5,3,3.0,886.0,2,3
677.08,477.9,49,64,0,3,1.0,477.9,3,3
1542.16,485.54,34,143,1,0,3.0,485.54,2,2
2237.44,1046.37,61,65,3,1,4.0,1046.37,1,3
1379.61,847.35,70,73,3,0,1.0,1361.0,1,3
397.47,342.0,37,63,4,2,2.0,342.0,3,0
236.12,186.15,95,49,10,5,2.0,1987.0,3,0
324.05,316.1,35,67,28,3,5.0,308.5,0,0
561.18,474.56,44,46,21,5,4.0,1089.6666666666667,0,0
670.21,651.08,54,61,7,2,2.0,813.0,3,1
564.9,546.29,55,71,24,2,6.0,1049.0,0,0
638.64,560.36,40,47,29,2,3.0,1089.6666666666667,0,1
300.07,244.69,48,56,10,5,1.0,244.69,3,0
718.74,701.74,39,72,24,2,2.0,701.74,0,1
203.28,160.93,85,60,9,1,1.0,160.93,3,0
558.92,439.27,69,60,10,3,3.0,439.27,3,0
234.88,183.72,54,61,9,1,2.0,1312.0,3,1
2136.95,1826.71,71,54,23,2,1.0,1826.71,1,3
1049.27,806.01,33,58,12,3,0.0,806.01,1,3
229.74,210.36,61,74,21,0,4.0,210.36,0,0
313.04,254.97,28,58,20,0,6.0,942.6666666666666,0,0
263.97,200.93,37,45,0,3,4.0,200.93,3,0
271.93,217.56,64,68,18,2,2.0,1089.6666666666667,0,1
1317.7,1260.38,71,65,29,3,0.0,2317.0,1,3
472.07,455.65,63,54,9,5,6.0,455.65,3,0
640.86,504.85,73,76,15,2,3.0,504.85,3,0
1436.44,947.63,60,79,3,2,5.0,947.63,1,3
487.72,367.84,36,65,17,2,1.0,367.84,0,0
422.31,369.67,61,68,26,0,2.0,891.0,0,1
344.18,120.41,64,63,4,0,6.0,883.0,3,0
447.94,356.87,82,83,14,2,0.0,356.87,3,1
652.46,407.33,29,71,3,1,5.0,308.5,3,0
632.35,275.82,37,81,5,2,2.0,275.82,3,2
91.98,75.03,73,65,7,2,1.0,1987.0,3,1
707.27,704.4,90,67,5,3,4.0,704.4,3,0
1320.75,1161.45,49,59,9,0,2.0,1184.0,1,3
730.76,348.35,37,69,3,1,4.0,348.35,3,0
230.57,188.24,87,77,25,0,7.0,188.24,0,0
682.96,605.91,32,70,29,2,2.0,605.91,0,1
345.56,315.88,51,51,27,1,3.0,942.6666666666666,0,1
383.39,319.83,56,77,13,1,4.0,1322.0,3,0
1042.54,890.15,68,59,18,1,5.0,890.15,1,1
462.84,237.08,41,57,5,3,1.0,237.08,3,0
766.12,600.23,57,111,17,5,1.0,600.23,2,2
344.34,310.81,70,63,4,3,0.0,1458.0,3,1
844.8,696.02,58,123,23,5,3.0,1095.0,2,2
482.61,377.26,38,68,20,2,7.0,997.0,0,0
331.8,295.51,35,61,9,1,5.0,295.51,3,0
798.67,766.47,51,62,5,5,4.0,1049.0,3,3
295.14,294.13,39,55,7,0,5.0,294.13,3,0
297.76,234.93,73,54,9,2,0.0,1766.0,3,1
844.16,747.37,20,62,2,2,4.0,1312.0,3,3
735.16,645.79,64,46,22,3,4.0,891.0,0,1
210.45,208.56,32,58,4,3,0.0,208.56,3,0
397.33,365.41,47,56,18,1,1.0,883.0,0,1
245.06,194.08,53,68,26,1,1.0,194.08,0,0
432.58,413.2,43,51,2,3,4.0,413.2,3,3
149.16,143.07,32,56,19,0,4.0,883.0,0,0
1096.16,1013.99,76,77,23,5,1.0,886.0,1,3
627.83,494.47,55,75,8,2,6.0,494.47,3,3
380.56,314.84,90,63,26,3,0.0,940.0,0,1
192.38,163.19,57,76,12,5,4.0,163.19,3,0
921.69,782.78,63,61,2,1,0.0,782.78,3,1
586.61,454.72,52,75,11,1,3.0,813.0,3,3
508.37,499.01,62,64,5,3,6.0,1184.0,3,0
227.74,201.13,65,54,20,0,3.0,1014.0,0,1
1130.05,1121.46,83,74,14,1,4.0,1121.46,1,1
326.51,291.3,34,66,12,2,4.0,1095.0,3,0
572.69,442.03,61,58,25,0,3.0,1312.0,0,1
1027.21,777.85,54,67,24,5,2.0,813.0,1,3
112.11,111.37,50,76,11,5,2.0,111.37,3,0
677.64,296.18,52,63,6,2,6.0,296.18,3,3
645.02,483.8,25,73,8,3,2.0,483.8,3,3
379.86,305.89,48,53,25,0,3.0,1014.0,0,1
107.41,105.11,38,84,9,0,1.0,105.11,3,0
676.18,652.23,89,68,20,3,4.0,1766.0,1,1
187.3,186.42,36,65,20,1,2.0,891.0,0,1
2037.1,1813.09,32,60,21,2,3.0,883.0,1,3
327.31,273.51,57,73,4,1,2.0,273.51,3,0
270.94,120.02,26,114,3,0,2.0,120.02,2,2
815.63,652.43,53,67,22,5,1.0,942.6666666666666,0,3
151.34,140.98,11,53,13,5,9.0,140.98,3,0
410.03,316.49,74,60,26,0,0.0,997.0,0,1
423.56,406.93,31,65,13,1,3.0,1322.0,3,1
535.98,496.95,59,110,26,0,4.0,496.95,2,2
516.48,410.57,64,72,5,2,1.0,410.57,3,0
219.58,211.17,46,77,23,5,1.0,211.17,0,0
527.08,436.83,47,51,13,0,3.0,436.83,3,1
199.58,166.72,58,65,12,2,0.0,940.0,3,1
244.75,187.5,51,57,7,1,1.0,187.5,3,0
1373.81,1365.51,29,73,19,2,2.0,1365.51,1,3
580.15,500.48,55,80,5,2,3.0,1089.6666666666667,3,3
316.09,286.49,66,110,13,5,0.0,1987.0,2,1
420.55,367.46,37,51,10,0,1.0,997.0,3,1
833.51,719.06,53,52,12,1,4.0,719.06,3,3
204.13,177.65,8,66,24,3,4.0,177.65,0,0
99.57,83.07,25,53,16,2,1.0,83.07,0,0
189.51,164.07,61,63,9,5,2.0,164.07,3,0
239.99,209.06,69,68,6,1,4.0,209.06,3,0
1070.29,858.02,31,75,17,5,1.0,858.02,1,3
1579.57,1470.89,32,104,24,1,4.0,1470.89,1,3
523.22,421.92,35,60,5,2,2.0,940.0,3,3
771.83,620.22,48,61,5,3,7.0,704.3333333333334,3,3
695.97,605.7,83,72,10,0,2.0,940.0,3,1
90.5,78.78,48,71,26,1,2.0,78.78,0,0
1772.52,1765.97,33,74,9,0,5.0,308.5,1,3
882.73,762.31,41,59,13,1,5.0,1095.0,1,3
364.23,286.09,60,122,4,1,3.0,1184.0,2,2
997.76,881.15,63,64,18,3,2.0,883.0,1,3
101.02,97.97,35,60,15,0,3.0,891.0,0,0
765.54,709.8,35,79,21,2,2.0,709.8,0,1
413.32,326.4,73,58,23,5,2.0,326.4,0,0
445.63,407.33,53,50,5,5,3.0,1014.0,3,0
770.14,765.13,46,73,13,0,0.0,1184.0,1,3
2826.54,859.51,77,68,3,0,4.0,859.51,1,3
460.1,351.35,55,70,4,3,3.0,997.0,3,0
641.96,609.46,58,62,13,0,3.0,609.46,3,1
512.79,489.19,62,60,28,2,4.0,940.0,0,1
216.85,167.11,78,64,6,5,4.0,167.11,3,0
307.17,264.31,35,55,5,3,1.0,1089.6666666666667,3,1
166.75,138.33,28,58,2,1,4.0,138.33,3,0
2145.14,1788.67,77,50,17,3,4.0,1178.0,1,3
202.31,156.26,41,74,14,3,2.0,156.26,0,0
272.79,154.3,8,105,6,5,6.0,1095.0,2,0
165.07,146.81,62,68,16,2,1.0,704.3333333333334,0,1
617.4,217.43,57,50,1,5,6.0,1089.6666666666667,3,0
211.52,160.71,45,99,8,1,4.0,160.71,2,2
532.74,405.9,30,62,24,2,1.0,1089.6666666666667,0,1
379.15,350.94,64,67,27,3,3.0,1322.0,0,1
220.55,169.7,70,63,2,1,0.0,169.7,3,0
265.76,240.1,70,113,8,1,5.0,940.0,2,2
1283.57,1084.03,60,65,23,1,5.0,886.0,1,3
231.16,223.0,52,72,20,2,0.0,223.0,0,0
426.29,398.5,27,54,18,2,3.0,398.5,0,0
502.53,429.5,63,49,26,0,3.0,1312.0,0,1
146.96,121.67,43,54,14,3,5.0,121.67,3,0
341.95,323.41,42,65,11,0,3.0,323.41,3,0
442.11,182.37,38,66,5,0,6.0,813.0,3,0
876.24,693.81,40,60,2,1,1.0,693.81,3,3
394.16,375.45,70,54,15,3,3.0,375.45,0,0
520.67,437.13,21,72,7,5,0.0,704.3333333333334,3,3
473.32,409.65,35,69,14,1,2.0,1184.0,3,1
658.89,639.9,90,69,9,3,4.0,891.0,3,0
140.2,125.96,16,49,4,2,0.0,940.0,3,1
260.62,245.17,65,62,22,1,3.0,2317.0,0,1
319.76,248.13,27,67,10,0,3.0,1049.0,3,1
199.74,156.17,68,71,25,1,1.0,156.17,0,0
385.93,312.44,44,61,15,3,3.0,312.44,0,0
397.95,329.28,32,56,11,2,1.0,329.28,3,0
419.25,397.05,74,57,9,0,4.0,891.0,3,1
285.31,274.61,38,54,3,3,3.0,883.0,3,1
382.99,375.14,18,60,22,3,4.0,375.14,0,0
292.99,225.45,34,71,19,5,2.0,1089.6666666666667,0,0
194.03,148.75,50,64,20,0,6.0,886.0,0,0
602.15,598.32,85,72,27,5,6.0,598.32,0,0
197.67,113.35,18,113,0,5,0.0,113.35,2,2
201.43,156.94,64,69,3,5,0.0,942.6666666666666,3,0
806.94,699.33,35,81,8,5,5.0,699.33,3,3
1034.95,940.67,36,112,15,1,4.0,940.67,2,2
860.19,703.82,36,74,9,3,1.0,703.82,3,3
857.87,709.4,69,62,22,0,3.0,709.4,0,1
313.57,280.19,52,71,17,1,5.0,1049.0,0,0
738.33,713.49,60,70,18,3,4.0,1049.0,0,3
299.72,282.55,95,70,4,5,6.0,282.55,3,0
1371.19,1096.63,55,62,13,3,4.0,997.0,1,3
386.95,316.97,34,54,27,2,2.0,1322.0,0,1
425.95,357.14,58,62,24,3,3.0,357.14,0,0
137.44,120.0,50,76,8,1,5.0,120.0,3,0
899.0,842.9,75,71,4,3,4.0,842.9,1,0
895.16,679.79,73,64,7,2,0.0,679.79,3,1
863.43,700.52,58,55,6,0,2.0,700.52,3,3
648.09,219.07,44,60,6,5,2.0,219.07,3,0
1443.84,1339.88,66,47,7,1,4.0,1339.88,1,3
539.43,418.88,66,68,3,0,1.0,2782.0,3,1
619.44,481.83,54,63,4,5,6.0,883.0,3,0
294.33,229.41,49,80,9,1,3.0,229.41,3,0
982.87,745.93,67,56,26,5,2.0,745.93,0,3
175.85,132.88,65,64,24,2,2.0,132.88,0,0
813.89,750.45,54,71,26,2,3.0,997.0,0,3
311.45,270.2,32,74,12,2,2.0,1014.0,3,1
1222.96,1068.84,66,60,12,1,0.0,1987.0,1,3
189.29,180.16,29,58,20,2,5.0,1095.0,0,0
870.67,662.79,53,78,28,0,2.0,1322.0,0,1
329.22,318.58,56,46,22,3,0.0,318.58,0,0
268.58,259.22,46,70,6,2,0.0,1312.0,3,1
277.33,215.86,48,50,6,1,1.0,215.86,3,0
388.11,298.65,52,85,3,1,4.0,298.65,3,0
304.35,242.96,46,74,22,3,4.0,242.96,0,0
193.05,187.42,17,69,6,3,2.0,187.42,3,0
376.4,347.86,37,63,24,0,4.0,1184.0,0,0
312.39,245.44,60,73,22,5,4.0,883.0,0,0
245.18,233.63,83,63,16,2,3.0,233.63,0,0
561.81,470.34,53,61,26,5,6.0,1014.0,0,0
457.89,419.79,48,58,6,2,4.0,1095.0,3,1
429.18,341.24,34,63,28,2,5.0,891.0,0,0
576.83,490.71,38,61,22,5,5.0,490.71,0,0
595.29,531.23,18,56,20,2,4.0,531.23,0,0
721.76,618.96,77,68,3,5,3.0,618.96,3,3
392.16,325.23,44,65,14,1,2.0,940.0,3,1
1040.63,652.7,56,59,2,3,4.0,704.3333333333334,3,3
567.04,546.11,48,92,17,0,3.0,1089.6666666666667,2,2
273.26,224.58,80,68,5,5,2.0,2317.0,3,0
622.43,480.47,65,64,6,5,3.0,997.0,3,0
320.4,311.53,40,80,20,2,4.0,1322.0,0,0
457.39,414.74,26,63,28,2,5.0,883.0,0,0
481.36,376.8,70,64,29,3,4.0,940.0,0,1
500.32,388.31,95,58,16,3,1.0,1049.0,0,1
680.01,292.42,40,106,3,5,3.0,292.42,2,2
475.37,454.35,62,52,18,1,7.0,704.3333333333334,0,0
624.13,601.88,1,71,27,2,4.0,601.88,0,0
354.62,332.04,59,85,28,1,1.0,332.04,0,0
399.26,328.46,50,55,22,0,4.0,1322.0,0,1
699.07,646.06,37,63,16,0,5.0,997.0,0,0
982.69,871.11,41,63,29,0,3.0,1089.6666666666667,1,1
622.05,526.59,71,76,14,1,3.0,891.0,3,1
594.98,480.47,34,72,12,5,5.0,940.0,3,0
596.3,505.13,35,63,2,1,3.0,505.13,3,0
413.24,326.16,26,56,24,1,1.0,326.16,0,0
349.8,310.57,81,78,4,5,5.0,310.57,3,0
504.61,390.51,50,76,19,1,3.0,1089.6666666666667,0,0
326.84,259.86,62,58,17,1,2.0,259.86,0,0
298.23,215.45,60,57,2,3,4.0,215.45,3,0
160.69,124.55,43,68,14,3,8.0,1049.0,3,0
706.91,593.62,47,70,28,1,0.0,593.62,0,0
1136.43,1053.75,48,81,8,5,2.0,1095.0,1,3
324.31,298.85,74,63,14,1,0.0,1766.0,3,1
230.7,213.22,46,59,28,2,1.0,1095.0,0,1
479.05,421.87,8,67,10,1,5.0,421.87,3,0
681.21,517.78,39,77,5,2,2.0,517.78,3,2
236.4,209.78,43,65,28,2,2.0,209.78,0,0
300.19,277.68,53,61,15,3,3.0,277.68,0,0
272.15,269.16,42,104,26,2,2.0,997.0,2,2
495.36,418.4,25,62,29,1,1.0,1322.0,0,1
719.68,716.45,40,65,4,5,2.0,942.6666666666666,3,3
787.48,655.89,54,58,16,5,0.0,655.89,0,3
1066.54,529.5,43,68,3,1,3.0,308.5,3,3
130.34,113.48,41,112,26,3,2.0,113.48,2,2
272.79,221.9,34,59,4,5,2.0,1014.0,3,0
1333.7,1249.47,56,65,7,1,6.0,1249.47,1,3
664.95,564.38,51,76,8,2,0.0,564.38,3,1
403.42,307.66,55,103,21,0,0.0,308.5,2,2
243.68,187.69,59,70,24,0,4.0,187.69,0,0
384.9,303.82,84,51,11,2,5.0,1458.0,3,0
587.02,325.05,51,98,1,0,1.0,1312.0,2,1
733.55,564.72,38,68,17,0,2.0,886.0,0,1
219.15,213.89,37,107,12,5,5.0,213.89,2,2
664.81,579.09,70,53,15,3,6.0,579.09,3,0
941.79,710.17,57,92,0,1,3.0,710.17,2,3
409.33,395.3,1,81,10,0,2.0,1095.0,3,3
1360.7,1005.97,47,59,0,0,3.0,1184.0,1,3
264.22,240.84,39,62,16,0,5.0,704.3333333333334,0,0
363.44,347.6,55,55,3,2,3.0,704.3333333333334,3,1
676.2,672.96,54,71,26,0,4.0,308.5,0,1
510.94,435.11,41,63,29,1,2.0,891.0,0,1
860.6,688.17,58,74,26,3,2.0,688.17,0,3
771.78,632.35,75,60,25,0,2.0,632.35,0,1
374.38,303.49,56,60,14,5,7.0,303.49,3,0
408.29,160.96,57,70,1,3,2.0,704.3333333333334,3,1
811.44,260.13,47,69,6,0,4.0,260.13,3,3
2458.72,2187.63,44,57,18,0,1.0,2187.63,1,3
335.78,260.82,34,61,13,2,2.0,260.82,3,0
508.37,428.21,37,55,20,5,2.0,428.21,0,0
533.0,528.95,65,57,10,5,4.0,528.95,3,0
664.93,510.3,54,54,20,1,3.0,510.3,0,1
591.51,534.97,50,67,15,0,4.0,534.97,0,0
810.85,678.87,32,115,10,1,3.0,704.3333333333334,2,2
479.42,362.97,60,115,8,5,4.0,362.97,2,2
241.91,241.57,51,67,19,3,1.0,1014.0,0,1
1037.87,939.82,53,72,6,3,6.0,1089.6666666666667,1,3
1033.94,877.65,79,77,21,3,6.0,877.65,1,3
260.6,258.41,64,74,22,5,4.0,258.41,0,0
604.97,576.21,47,69,25,1,1.0,813.0,0,0
226.56,199.37,77,67,17,0,2.0,199.37,0,0
251.9,243.6,35,125,7,3,1.0,243.6,2,2
1139.49,1128.53,32,51,25,0,3.0,891.0,1,3
297.97,246.81,52,70,28,0,1.0,246.81,0,0
441.22,431.94,57,64,11,1,3.0,1312.0,3,1
886.22,754.22,48,64,9,0,3.0,1095.0,1,3
267.11,230.05,53,71,11,0,3.0,1095.0,3,0
181.1,175.32,41,64,5,3,4.0,997.0,3,0
718.11,381.5,57,66,5,5,2.0,381.5,3,0
460.45,438.24,61,68,6,2,6.0,883.0,3,0
917.0,792.72,77,60,24,2,2.0,1458.0,1,1
332.22,307.39,30,63,8,0,3.0,307.39,3,0
908.87,829.33,84,69,26,3,0.0,829.33,0,3
1160.81,1008.83,40,62,23,3,3.0,615.0,1,3
1003.09,789.98,34,80,20,3,2.0,1184.0,1,3
228.26,227.65,45,65,19,0,1.0,813.0,0,1
347.33,168.33,22,61,3,5,1.0,1089.6666666666667,3,0
122.9,108.73,53,53,5,1,6.0,886.0,3,0
1026.3,945.0,81,71,24,3,1.0,891.0,1,3
1074.89,855.55,43,67,28,3,0.0,942.6666666666666,1,3
275.62,240.01,54,58,7,0,2.0,240.01,3,0
235.26,230.05,38,71,20,2,7.0,230.05,0,0
270.11,243.58,50,97,12,2,1.0,1095.0,2,2
1026.39,986.69,53,67,16,1,3.0,986.69,1,3
1610.34,1343.82,59,63,12,1,4.0,1343.82,1,3
225.53,180.05,54,57,27,2,3.0,180.05,0,0
485.91,420.83,35,71,18,0,1.0,420.83,0,0
684.59,626.72,53,72,18,3,2.0,308.5,0,3
197.7,149.13,50,57,12,3,3.0,1312.0,3,0
172.38,167.96,40,68,19,3,1.0,1184.0,0,1
163.08,153.1,34,58,29,3,1.0,940.0,0,1
1949.63,1608.65,39,65,12,3,2.0,1608.65,1,3
741.45,733.33,61,66,5,2,3.0,733.33,3,3
665.9,543.46,72,80,12,0,3.0,543.46,3,1
618.09,555.21,43,82,28,1,5.0,555.21,0,0
502.66,433.26,49,63,28,0,6.0,433.26,0,0
1193.67,1156.54,37,55,5,1,4.0,704.3333333333334,1,3
634.9,534.24,32,60,16,0,4.0,534.24,0,0
184.21,182.11,76,65,3,3,4.0,182.11,3,0
534.19,423.38,33,68,19,5,7.0,1049.0,0,0
432.04,388.43,34,62,28,1,7.0,940.0,0,0
285.31,241.56,42,67,22,5,3.0,241.56,0,0
361.72,288.63,24,65,4,2,4.0,288.63,3,0
456.68,417.5,63,70,19,3,4.0,1184.0,0,1
213.78,70.14,69,56,0,2,2.0,891.0,3,1
314.39,248.89,63,57,3,0,2.0,883.0,3,1
816.19,703.56,56,59,2,2,4.0,703.56,3,3
664.41,564.49,89,54,12,1,4.0,1214.0,3,1
284.23,273.07,55,70,15,2,6.0,891.0,3,0
2483.67,2254.16,36,77,13,2,4.0,2254.16,1,3
534.94,505.15,23,64,24,0,2.0,1049.0,0,1
262.58,232.02,53,77,2,0,6.0,1184.0,3,0
499.61,468.23,81,67,7,5,3.0,468.23,3,3
588.53,491.23,25,70,19,3,6.0,491.23,0,0
387.6,332.32,56,62,5,1,3.0,891.0,3,1
756.68,659.62,93,65,26,1,1.0,659.62,0,1
418.9,415.28,57,54,2,2,0.0,415.28,3,0
1097.66,1046.09,62,112,11,5,3.0,1046.09,2,3
1647.77,1301.34,58,61,10,0,0.0,1184.0,1,3
880.19,695.45,57,60,17,5,1.0,695.45,0,3
161.36,152.75,41,68,7,5,6.0,1089.6666666666667,3,0
246.24,245.9,55,63,17,1,1.0,245.9,0,0
290.91,270.21,47,55,22,5,2.0,270.21,0,0
181.12,151.46,1,61,22,2,3.0,997.0,0,0
208.62,165.45,64,57,18,3,3.0,165.45,0,0
318.99,302.68,65,73,13,2,4.0,1049.0,3,0
292.37,290.65,61,62,18,5,4.0,883.0,0,0
330.01,326.8,79,56,26,5,3.0,1014.0,0,1
107.98,100.87,57,60,13,3,4.0,100.87,3,0
641.57,544.73,37,67,22,3,4.0,544.73,0,0
401.17,335.34,50,65,29,0,4.0,335.34,0,0
338.64,314.67,33,68,6,0,3.0,314.67,3,0
1129.59,1047.56,80,62,7,5,3.0,1014.0,1,3
347.56,292.78,60,61,28,5,2.0,1312.0,0,1
544.18,436.24,63,65,9,0,4.0,436.24,3,0
331.1,277.74,24,58,18,0,4.0,883.0,0,0
1243.72,1152.88,42,70,11,2,1.0,1152.88,1,3
408.89,380.25,45,72,7,2,3.0,308.5,3,0
1038.16,834.42,49,58,7,5,0.0,834.42,1,3
985.15,857.22,23,64,21,2,3.0,1184.0,1,3
1346.24,829.02,64,57,5,2,2.0,829.02,1,3
94.15,87.19,78,69,21,5,5.0,1214.0,0,1
555.87,541.6,85,63,27,2,3.0,2782.0,1,1
583.58,565.79,46,57,16,2,5.0,565.79,0,0
325.96,317.94,31,59,9,2,2.0,317.94,3,0
419.72,320.35,45,62,26,1,3.0,1322.0,0,1
507.22,443.0,50,70,15,5,1.0,443.0,3,0
480.66,430.45,53,70,15,1,2.0,430.45,0,0
202.17,200.1,69,73,21,1,3.0,200.1,0,0
551.59,531.63,30,68,5,2,1.0,531.63,3,3
364.91,290.94,59,48,2,0,8.0,290.94,3,0
390.07,380.49,45,84,24,0,5.0,1184.0,0,0
327.7,300.69,64,69,16,1,3.0,308.5,0,0
542.41,522.67,49,60,16,5,0.0,308.5,0,3
534.77,287.72,67,101,3,3,0.0,1458.0,2,0
535.31,529.82,29,55,2,2,3.0,529.82,3,0
707.01,572.29,52,63,2,3,2.0,572.29,3,3
1439.51,1147.68,81,54,3,5,2.0,1147.68,1,3
224.92,189.23,43,72,26,3,3.0,189.23,0,0
316.48,307.48,65,62,25,0,4.0,1458.0,0,1
656.48,581.54,31,62,17,3,1.0,581.54,0,0
890.62,764.37,64,69,27,2,3.0,764.37,0,3
499.99,406.01,51,60,10,2,6.0,406.01,3,0
973.42,760.71,47,61,13,5,2.0,940.0,1,3
429.28,366.21,29,77,17,2,1.0,940.0,0,1
495.36,397.99,67,60,26,1,6.0,397.99,0,0
957.5,774.58,58,69,27,0,3.0,774.58,0,1
385.05,315.1,81,67,2,1,4.0,315.1,3,0
417.9,390.05,79,70,23,1,2.0,390.05,0,0
478.34,424.13,37,68,5,2,3.0,1049.0,3,3
1022.51,477.27,64,74,5,3,2.0,477.27,3,1
586.03,455.37,62,52,3,5,3.0,455.37,3,0
581.65,447.21,38,59,8,5,2.0,1184.0,3,3
304.52,276.26,49,49,14,1,0.0,276.26,0,0
781.49,653.55,79,62,5,3,1.0,653.55,3,1
851.94,825.56,35,58,4,3,5.0,825.56,3,3
393.31,320.34,75,58,9,3,4.0,997.0,3,0
1058.96,1050.64,47,58,3,2,2.0,1050.64,1,3
182.71,167.08,57,64,22,5,3.0,883.0,0,0
1283.98,1227.03,66,59,14,1,8.0,1458.0,1,3
699.99,662.45,58,78,3,5,1.0,886.0,3,0
144.21,129.09,53,59,9,2,4.0,129.09,3,0
469.05,391.91,38,59,29,0,4.0,391.91,0,0
551.82,442.78,80,96,10,1,4.0,442.78,2,2
224.66,198.28,64,96,5,1,5.0,198.28,2,2
601.15,501.81,28,72,28,0,4.0,501.81,0,0
1044.07,803.52,68,66,9,1,3.0,803.52,1,3
390.79,380.26,67,68,12,1,3.0,380.26,3,0
424.05,354.79,68,66,27,0,5.0,354.79,0,0
330.63,277.21,56,69,14,5,4.0,277.21,3,0
658.32,315.73,23,114,1,1,2.0,315.73,2,2
827.41,805.98,26,59,8,0,5.0,805.98,3,3
1305.11,1160.49,76,73,13,3,2.0,1014.0,1,3
256.91,211.69,44,64,19,3,4.0,940.0,0,0
313.55,247.61,65,62,16,0,3.0,247.61,0,0
378.5,332.05,27,62,10,2,3.0,997.0,3,1
1088.51,990.26,41,72,7,3,2.0,990.26,1,3
533.65,487.73,31,119,7,3,10.0,308.5,2,2
483.02,385.63,39,78,4,2,1.0,886.0,3,1
474.25,468.37,51,70,17,1,3.0,468.37,0,0
261.4,203.64,37,51,9,2,3.0,203.64,3,0
446.03,400.3,59,60,22,2,6.0,940.0,0,0
388.95,334.57,49,57,23,0,3.0,334.57,0,0
476.28,373.04,46,84,5,5,0.0,373.04,3,0
307.23,240.02,52,65,26,2,1.0,1312.0,0,1
834.53,699.21,45,69,24,2,3.0,699.21,0,3
520.76,179.08,44,113,0,2,2.0,886.0,2,2
493.83,397.53,45,111,29,2,2.0,397.53,2,2
422.22,358.1,51,69,2,1,5.0,358.1,3,0
714.21,541.69,57,61,21,1,5.0,541.69,0,1
235.54,200.53,42,60,6,2,2.0,200.53,3,0
199.16,160.42,25,47,21,2,0.0,886.0,0,1
216.51,174.33,39,77,8,2,2.0,174.33,3,0
120.17,99.38,58,61,13,0,5.0,99.38,3,0
751.72,704.19,22,67,22,0,1.0,886.0,0,1
477.55,433.66,36,69,25,2,2.0,308.5,0,0
541.41,497.59,73,71,29,5,4.0,1458.0,0,0
148.84,135.37,75,123,26,1,0.0,135.37,2,2
410.41,331.51,53,82,28,2,1.0,331.51,0,0
668.0,547.83,63,54,17,5,2.0,1322.0,0,0
195.25,148.75,61,70,14,5,1.0,891.0,3,0
1238.49,1185.27,63,57,2,5,8.0,1185.27,1,3
931.05,629.47,32,80,6,1,2.0,629.47,3,3
459.7,428.7,50,61,22,5,2.0,1014.0,0,0
470.97,409.02,1,74,5,3,2.0,409.02,3,3
584.92,558.04,9,57,7,3,3.0,940.0,3,3
342.54,310.81,66,73,15,5,4.0,310.81,3,0
1079.92,481.23,18,102,3,5,5.0,481.23,2,3
1347.92,1272.55,81,63,11,1,1.0,1272.55,1,3
302.78,256.77,52,68,16,2,3.0,256.77,0,0
965.01,887.54,52,61,22,0,3.0,883.0,1,3
266.65,237.55,46,60,3,3,5.0,237.55,3,0
1234.23,1002.62,66,81,28,2,2.0,1214.0,1,3
998.41,920.73,52,110,12,3,1.0,920.73,2,3
238.14,190.32,61,55,5,0,3.0,190.32,3,0
487.74,424.86,59,49,13,1,2.0,1322.0,3,1
168.84,132.53,32,66,28,0,3.0,886.0,0,0
357.95,306.63,79,75,20,5,5.0,306.63,0,0
1039.93,880.67,59,62,5,3,4.0,880.67,1,3
449.35,340.28,34,59,28,2,1.0,340.28,0,0
342.0,323.05,49,53,4,2,4.0,1095.0,3,1
222.78,167.38,47,64,27,3,4.0,1049.0,0,1
382.01,336.47,52,70,28,5,4.0,336.47,0,0
597.24,511.25,31,103,27,5,3.0,511.25,2,2
363.87,296.43,29,70,4,0,3.0,296.43,3,0
452.51,392.04,54,63,6,0,2.0,1184.0,3,1
479.79,369.7,74,68,8,1,4.0,369.7,3,0
187.44,149.64,42,67,4,2,1.0,308.5,3,0
879.43,802.55,82,57,18,2,3.0,802.55,1,1
533.28,440.02,50,61,20,2,6.0,440.02,0,0
935.52,841.67,21,58,8,0,5.0,940.0,1,3
183.82,163.13,57,73,10,0,3.0,163.13,3,0
186.14,178.1,28,54,19,2,5.0,1184.0,0,0
1891.53,946.29,61,59,4,1,3.0,946.29,1,3
830.14,420.99,58,63,1,5,3.0,420.99,3,0
804.83,660.67,69,64,21,1,3.0,1014.0,0,1
398.28,304.39,51,49,16,2,4.0,1322.0,0,0
934.55,754.08,52,69,9,3,1.0,1049.0,1,3
671.68,657.84,29,69,15,2,1.0,657.84,0,1
313.95,292.38,58,72,23,1,0.0,308.5,0,0
362.36,360.93,57,62,3,5,3.0,883.0,3,0
588.22,455.15,58,60,23,1,4.0,455.15,0,0
1614.1,1234.73,62,73,12,5,2.0,1234.73,1,3
91.01,77.06,57,55,4,1,1.0,77.06,3,0
233.78,132.53,48,111,0,3,4.0,883.0,2,2
402.14,363.01,31,56,14,2,3.0,1312.0,3,1
233.96,195.54,55,69,20,1,5.0,195.54,0,0
492.89,393.66,52,82,14,3,2.0,1095.0,3,1
419.23,361.95,15,71,24,2,6.0,1014.0,0,0
393.94,126.6,45,79,1,2,4.0,1322.0,3,0
387.59,357.52,59,50,2,0,2.0,1049.0,3,1
307.03,306.75,44,69,24,0,4.0,886.0,0,0
549.11,485.5,24,64,26,0,2.0,1184.0,0,1
211.16,208.15,58,67,27,1,2.0,208.15,0,0
417.54,334.73,40,63,19,3,4.0,704.3333333333334,0,0
187.39,181.93,40,74,27,5,4.0,1095.0,0,0
322.85,251.63,43,76,11,5,2.0,251.63,3,0
769.46,768.47,52,70,8,2,4.0,768.47,3,3
781.79,768.83,43,79,14,3,1.0,768.83,3,3
424.75,424.6,25,69,6,5,8.0,704.3333333333334,3,3
370.27,359.84,43,56,19,5,4.0,704.3333333333334,0,0
249.65,200.87,45,57,6,3,7.0,1089.6666666666667,3,0
678.48,676.74,54,56,18,5,1.0,676.74,0,3
214.63,111.07,34,62,3,5,3.0,111.07,3,0
792.02,664.35,29,60,25,0,1.0,1089.6666666666667,0,1
335.6,310.24,39,68,13,5,0.0,891.0,3,0
283.61,252.64,29,62,29,1,3.0,252.64,0,0
1271.91,1048.57,37,58,10,3,6.0,813.0,1,3
639.61,507.2,21,59,8,3,1.0,942.6666666666666,3,3
659.97,639.71,44,56,2,1,7.0,1089.6666666666667,3,0
860.31,732.1,47,66,6,3,3.0,308.5,3,3
575.56,555.13,38,56,18,1,6.0,555.13,0,0
220.17,186.55,33,65,8,1,5.0,886.0,3,0
829.04,806.8,64,50,8,0,7.0,806.8,3,3
358.59,145.15,75,66,3,2,3.0,145.15,3,0
703.01,596.62,56,60,29,1,3.0,1095.0,0,1
387.57,345.67,70,75,3,0,0.0,1014.0,3,1
488.92,487.62,28,53,16,5,3.0,487.62,0,0
150.54,137.5,84,64,28,1,1.0,137.5,0,0
357.05,321.75,51,58,10,3,0.0,321.75,3,0
205.62,162.84,38,71,26,2,0.0,162.84,0,0
267.55,241.63,43,60,23,2,1.0,942.6666666666666,0,1
662.52,608.11,10,67,4,0,5.0,883.0,3,3
440.34,352.31,86,59,20,3,3.0,1014.0,0,1
473.54,357.05,48,64,7,0,4.0,308.5,3,0
296.76,269.5,59,72,24,1,3.0,1089.6666666666667,0,0
429.71,387.11,37,70,20,0,6.0,1322.0,0,0
405.24,362.65,68,51,6,1,1.0,2782.0,3,1
587.75,525.84,63,63,2,2,2.0,886.0,3,1
338.33,288.54,16,73,28,0,1.0,940.0,0,1
1009.58,937.16,49,62,16,3,0.0,1184.0,1,3
301.63,274.25,74,70,13,2,4.0,274.25,3,0
478.3,417.32,51,72,9,3,4.0,417.32,3,0
274.04,235.44,75,80,18,1,4.0,235.44,0,0
210.79,170.97,55,62,6,1,1.0,170.97,3,0
486.72,371.32,42,80,8,1,4.0,940.0,3,2
962.29,746.64,62,45,27,1,1.0,746.64,0,1
334.34,311.26,34,64,24,5,4.0,1184.0,0,0
280.64,236.42,51,75,11,1,4.0,236.42,3,0
479.44,360.94,57,62,18,0,4.0,997.0,0,0
573.66,489.17,25,49,26,2,2.0,489.17,0,0
162.53,155.36,54,62,24,0,4.0,308.5,0,0
581.79,561.83,44,57,24,1,5.0,561.83,0,1
410.55,337.7,49,64,17,2,5.0,308.5,0,0
605.39,344.03,45,63,1,2,6.0,344.03,3,3
940.95,903.7,36,66,14,1,2.0,813.0,1,3
207.03,206.65,12,65,24,1,0.0,594.5,0,1
541.34,535.02,68,61,15,3,4.0,886.0,3,0
218.76,179.26,37,46,7,2,4.0,704.3333333333334,3,0
570.25,429.68,24,64,15,0,1.0,813.0,0,1
1264.73,1004.91,45,111,15,5,5.0,1004.91,2,3
375.45,370.11,24,49,26,2,3.0,883.0,0,0
324.48,267.34,28,63,12,5,3.0,267.34,3,0
368.91,335.13,31,57,28,3,0.0,335.13,0,0
454.76,445.42,51,76,26,2,1.0,445.42,0,0
315.07,263.94,46,78,4,2,1.0,942.6666666666666,3,1
684.29,622.88,62,58,7,1,2.0,886.0,3,3
216.69,183.85,34,78,12,2,2.0,183.85,3,0
140.88,130.77,36,58,11,3,4.0,130.77,3,0
845.47,679.23,36,58,23,2,3.0,997.0,0,3
293.49,281.4,39,70,15,3,4.0,1184.0,3,0
179.15,139.7,36,65,27,2,3.0,813.0,0,0
354.74,294.74,43,70,19,1,3.0,1184.0,0,0
541.82,537.0,61,72,9,0,1.0,1322.0,3,1
470.3,459.21,24,55,16,5,4.0,813.0,0,3
793.53,680.58,56,68,29,0,2.0,891.0,0,1
330.94,317.84,73,71,20,0,5.0,1178.0,0,0
461.98,406.59,55,61,15,0,3.0,1049.0,0,1
726.68,640.43,42,75,6,1,5.0,1014.0,3,3
682.27,593.41,44,59,7,3,2.0,813.0,3,3
184.86,150.07,45,77,5,2,2.0,940.0,3,1
752.83,580.71,54,86,7,3,1.0,997.0,3,0
1920.1,667.15,47,63,4,5,5.0,942.6666666666666,1,3
402.07,328.65,42,66,3,1,5.0,328.65,3,0
270.76,236.51,52,55,20,0,3.0,308.5,0,0
134.86,129.91,24,78,27,3,2.0,129.91,0,0
253.68,250.18,68,73,4,5,5.0,250.18,3,0
332.92,263.11,44,60,23,2,10.0,263.11,0,0
259.9,228.36,48,74,11,3,3.0,228.36,3,0
420.09,363.45,12,75,29,1,3.0,363.45,0,0
531.69,505.58,61,65,18,5,3.0,505.58,0,3
819.42,699.29,34,57,19,2,3.0,308.5,0,0
320.23,267.77,45,64,23,3,6.0,704.3333333333334,0,0
763.15,591.23,61,67,19,5,5.0,591.23,0,0
428.85,359.57,72,62,12,0,3.0,886.0,3,1
202.18,198.68,56,59,20,2,4.0,198.68,0,0
346.69,263.57,34,72,3,0,6.0,813.0,3,0
366.98,344.26,74,109,12,1,2.0,344.26,2,2
246.4,217.78,61,72,25,1,0.0,217.78,0,0
388.79,357.51,33,63,27,5,4.0,357.51,0,0
410.34,321.64,54,109,7,2,3.0,321.64,2,2
146.08,120.73,50,67,23,0,3.0,1049.0,0,0
188.25,146.71,21,56,20,3,2.0,883.0,0,0
323.78,282.88,58,49,28,0,4.0,282.88,0,0
225.53,212.55,35,65,18,5,5.0,212.55,0,0
256.8,252.57,57,62,10,5,4.0,252.57,3,0
333.23,267.42,31,59,3,5,1.0,267.42,3,0
607.77,604.19,50,49,23,5,2.0,886.0,0,3
366.85,355.84,18,75,24,0,4.0,1260.0,0,0
754.18,626.32,81,112,12,0,0.0,1095.0,2,2
329.65,313.04,22,79,26,5,2.0,313.04,0,0
722.51,601.42,40,64,4,1,9.0,646.0,3,3
489.05,482.28,25,71,28,2,1.0,482.28,0,0
411.71,338.69,47,68,9,0,5.0,997.0,3,0
366.94,330.17,24,64,3,2,2.0,1089.6666666666667,3,1
438.01,343.76,34,136,16,3,2.0,886.0,2,2
782.93,242.58,37,63,5,0,2.0,242.58,3,3
1674.13,601.06,67,72,5,0,6.0,601.06,1,3
275.69,209.83,49,68,11,2,3.0,209.83,3,0
401.14,355.86,37,60,14,1,2.0,355.86,0,0
1203.85,1141.69,39,60,28,2,0.0,1095.0,1,3
348.94,268.18,42,47,6,2,1.0,891.0,3,1
399.87,383.46,81,57,6,0,0.0,383.46,3,0
478.84,394.87,48,73,8,0,1.0,394.87,3,0
621.69,552.54,71,65,24,1,1.0,552.54,0,1
550.99,422.02,31,77,28,2,3.0,422.02,0,0
658.67,586.5,50,55,10,1,2.0,586.5,3,3
242.88,191.91,70,72,20,2,1.0,191.91,0,0
299.15,234.61,57,71,4,5,1.0,997.0,3,0
516.94,486.12,35,65,16,1,2.0,1014.0,0,1
1322.83,1298.99,48,67,11,2,3.0,1298.99,1,3
1699.75,1687.72,46,64,28,0,5.0,1687.72,1,3
579.84,537.51,35,57,14,0,3.0,537.51,3,0
307.81,287.4,42,51,28,2,4.0,1014.0,0,1
1586.56,1310.91,41,58,12,3,5.0,1049.0,1,3
338.89,262.96,54,105,2,3,2.0,262.96,2,2
790.06,598.33,34,65,3,3,6.0,598.33,3,3
964.88,849.35,70,61,23,0,2.0,1766.0,1,1
1240.07,1032.91,33,83,3,5,4.0,1032.91,1,3
314.45,292.59,71,60,23,1,7.0,292.59,0,0
199.26,175.14,76,110,5,3,2.0,175.14,2,2
375.62,353.76,31,73,2,2,7.0,1089.6666666666667,3,0
1695.81,764.22,34,59,1,1,1.0,764.22,1,3
286.11,244.86,46,58,17,2,1.0,1089.6666666666667,0,1
345.88,315.66,84,71,15,2,4.0,997.0,3,1
341.19,270.92,53,59,6,1,2.0,270.92,3,0
646.54,610.89,70,75,22,5,1.0,1458.0,0,1
568.77,461.79,82,64,13,5,1.0,461.79,3,0
704.09,534.87,60,76,5,1,3.0,534.87,3,0
2446.59,1951.33,32,101,2,2,6.0,1951.33,1,3
183.17,146.41,42,110,9,1,5.0,997.0,2,2
219.51,209.63,55,69,14,2,0.0,942.6666666666666,3,1
872.77,814.96,85,64,22,5,0.0,814.96,1,3
275.39,243.29,51,72,20,0,4.0,243.29,0,0
703.99,560.33,52,57,17,0,3.0,560.33,0,1
1228.7,924.4,25,63,18,1,0.0,1312.0,1,1
350.32,321.8,34,58,29,5,4.0,321.8,0,0
174.82,174.44,63,64,2,3,0.0,174.44,3,0
311.86,286.68,46,68,14,3,2.0,286.68,3,0
385.93,296.95,44,117,17,3,7.0,296.95,2,2
901.22,751.95,66,63,9,2,6.0,751.95,3,3
726.78,579.31,11,74,20,2,3.0,579.31,0,0
211.59,170.1,24,63,4,0,5.0,170.1,3,0
671.28,575.82,67,59,4,5,4.0,575.82,3,0
970.83,930.7,81,65,28,3,2.0,930.7,1,3
885.24,670.02,76,52,21,5,4.0,1361.0,1,0
432.38,419.38,67,61,19,3,5.0,419.38,0,0
841.45,839.17,36,57,5,1,3.0,839.17,3,3
133.04,125.55,50,78,6,5,1.0,125.55,3,0
381.29,297.43,74,67,10,5,2.0,1987.0,3,0
208.79,166.51,66,72,7,1,6.0,166.51,3,0
354.7,279.85,68,79,23,5,0.0,279.85,0,0
879.54,764.87,31,58,12,3,7.0,764.87,3,3
150.67,121.69,21,57,10,5,2.0,121.69,3,0
212.98,163.07,58,110,19,1,2.0,163.07,2,2
309.88,245.85,43,50,9,3,2.0,245.85,3,0
1172.69,934.3,44,55,28,1,3.0,934.3,1,3
256.47,238.1,67,66,13,5,2.0,2782.0,3,0
131.72,126.38,30,65,3,2,0.0,1095.0,3,1
399.91,353.83,58,46,6,1,2.0,353.83,3,0
522.86,267.64,37,64,2,1,4.0,1095.0,3,0
722.01,576.99,44,102,15,5,3.0,997.0,2,2
102.97,54.25,54,67,2,5,5.0,54.25,3,0
947.7,834.07,52,66,7,5,0.0,834.07,1,3
715.48,543.65,53,55,10,5,3.0,543.65,3,3
309.06,244.76,78,64,28,5,2.0,244.76,0,0
903.11,806.33,50,76,11,2,3.0,806.33,1,3
413.63,314.08,53,67,19,2,2.0,314.08,0,0
295.21,222.4,55,64,3,1,4.0,1312.0,3,1
865.09,726.55,35,66,3,0,1.0,726.55,3,3
558.96,526.05,49,74,20,5,4.0,526.05,0,0
518.43,408.53,40,72,29,2,1.0,646.0,0,1
772.65,754.43,44,77,5,1,1.0,754.43,3,3
273.25,256.11,49,65,12,2,5.0,256.11,3,0
342.16,276.84,48,59,23,5,1.0,1049.0,0,0
188.86,154.68,39,67,16,0,4.0,154.68,0,0
670.63,632.24,24,87,7,2,2.0,632.24,3,2
482.73,421.09,40,75,5,5,6.0,1014.0,3,0
924.48,758.08,68,79,23,5,2.0,758.08,0,3
627.23,543.92,58,117,28,0,3.0,543.92,2,2
360.83,297.34,68,67,21,3,4.0,297.34,0,0
767.47,618.28,72,114,3,2,2.0,886.0,2,2
317.6,266.75,68,46,13,5,1.0,1014.0,3,1
751.16,572.66,43,64,3,0,2.0,572.66,3,3
691.98,628.45,51,63,23,1,2.0,628.45,0,1
458.71,432.03,45,62,15,1,1.0,308.5,0,0
266.63,212.67,20,47,13,2,1.0,1049.0,3,1
446.69,335.81,48,66,10,0,2.0,940.0,3,1
753.74,678.06,30,114,9,5,2.0,940.0,2,2
1201.45,383.86,75,59,2,1,1.0,1014.0,3,1
318.71,316.95,38,106,11,1,2.0,883.0,2,2
1122.61,572.72,53,79,3,0,3.0,1049.0,3,3
648.18,611.23,37,64,24,2,6.0,611.23,0,0
522.07,439.0,61,81,2,5,3.0,891.0,3,0
383.53,290.59,39,63,9,0,2.0,1095.0,3,1
639.85,534.72,38,53,18,1,2.0,891.0,0,1
487.45,439.97,80,62,25,2,5.0,439.97,0,0
456.42,400.91,41,55,4,3,5.0,400.91,3,3
559.4,492.52,44,66,28,5,2.0,492.52,0,0
102.58,90.7,63,62,21,5,1.0,90.7,0,0
240.0,234.28,43,76,12,0,6.0,234.28,3,0
944.42,765.72,67,57,13,1,1.0,1014.0,1,3
411.82,370.19,31,54,11,0,3.0,370.19,3,0
523.77,396.16,74,76,2,5,1.0,396.16,3,0
641.25,522.92,86,63,25,3,1.0,940.0,0,1
460.45,362.82,67,74,27,3,1.0,362.82,0,0
334.53,255.83,48,64,26,3,2.0,255.83,0,0
535.86,450.13,70,61,14,3,1.0,2317.0,3,1
885.74,821.88,56,65,7,1,3.0,1312.0,1,1
246.12,230.51,59,62,15,3,1.0,230.51,0,0
701.06,699.21,49,69,9,1,3.0,699.21,3,3
186.44,157.98,79,60,20,5,6.0,157.98,0,0
1056.83,804.24,18,60,27,5,3.0,804.24,1,3
971.35,870.47,49,60,4,5,2.0,891.0,1,3
800.88,575.41,41,112,6,5,5.0,942.6666666666666,2,2
707.01,553.01,38,66,15,3,3.0,553.01,3,0
678.6,516.93,74,71,13,0,3.0,516.93,3,1
703.19,690.61,55,54,18,1,2.0,1184.0,0,1
1007.05,967.71,82,79,7,5,3.0,1014.0,1,3
191.19,174.37,67,59,17,2,6.0,940.0,0,0
287.6,230.21,36,59,15,0,1.0,308.5,0,0
392.05,326.29,60,66,26,5,3.0,704.3333333333334,0,0
134.15,130.91,68,63,25,3,2.0,1987.0,0,1
437.07,354.11,73,53,26,2,4.0,883.0,0,1
502.15,377.42,43,68,13,1,4.0,377.42,3,0
564.2,493.61,66,75,9,0,2.0,493.61,3,0
802.39,761.37,73,69,26,5,1.0,1987.0,1,1
120.03,114.93,52,62,14,1,5.0,886.0,3,0
144.39,135.55,44,68,18,0,0.0,135.55,0,0
1548.32,579.86,50,60,1,3,0.0,1095.0,1,3
304.45,231.61,55,69,21,1,4.0,231.61,0,0
490.35,383.44,45,69,3,2,7.0,704.3333333333334,3,3
213.76,211.21,94,105,29,5,2.0,211.21,2,2
327.81,256.25,53,69,2,1,3.0,997.0,3,1
1748.65,1570.58,79,51,12,3,2.0,1570.58,1,3
767.46,543.43,48,113,3,2,3.0,1089.6666666666667,2,2
202.26,152.63,28,60,12,3,0.0,152.63,3,0
409.84,318.8,48,63,28,1,0.0,318.8,0,0
651.45,623.34,73,116,10,1,2.0,623.34,2,2
1217.21,921.23,45,62,4,5,4.0,921.23,1,3
764.6,574.78,50,120,1,5,0.0,1049.0,2,0
464.53,445.8,6,59,4,0,4.0,1662.5,3,1
695.88,659.94,69,70,3,1,3.0,659.94,3,3
339.82,263.44,67,45,19,1,4.0,263.44,0,0
849.44,777.87,47,63,24,0,5.0,777.87,0,1
435.26,388.12,44,69,7,1,5.0,388.12,3,0
260.47,216.77,71,60,10,2,4.0,2317.0,3,1
130.55,115.47,71,67,15,3,0.0,115.47,0,0
369.15,338.1,45,66,9,3,1.0,1184.0,3,0
659.59,560.23,38,100,25,5,3.0,560.23,2,2
370.68,351.58,59,42,21,5,8.0,886.0,0,0
704.52,674.27,33,65,17,5,4.0,674.27,0,3
225.18,220.54,71,64,4,1,1.0,220.54,3,0
253.56,206.97,83,70,20,2,3.0,891.0,0,1
315.4,276.92,20,70,28,2,3.0,276.92,0,0
201.17,198.74,85,61,25,2,4.0,1014.0,0,1
338.08,311.64,24,52,11,2,4.0,704.3333333333334,3,0
236.21,185.74,27,72,6,5,4.0,1095.0,3,0
1687.96,1251.01,30,62,1,5,2.0,1312.0,1,3
506.45,429.43,73,87,28,0,1.0,429.43,0,0
563.11,510.37,78,71,27,3,4.0,1214.0,0,1
403.15,346.67,42,76,17,0,4.0,891.0,0,0
185.52,183.19,73,69,26,3,1.0,886.0,0,1
264.17,229.56,30,73,19,0,0.0,229.56,0,0
322.44,284.89,47,70,19,0,5.0,284.89,0,0
754.83,583.37,77,57,28,3,1.0,1214.0,0,1
159.88,152.04,45,59,23,1,4.0,997.0,0,0
139.48,123.71,31,62,25,0,4.0,1312.0,0,0
1371.8,1357.69,83,49,11,3,2.0,1357.69,1,3
686.78,360.16,75,84,1,0,5.0,360.16,3,3
347.37,345.52,60,61,13,0,4.0,345.52,3,0
457.26,429.18,47,73,21,1,4.0,429.18,0,0
505.11,437.63,81,96,12,3,3.0,437.63,2,2
217.93,179.67,36,57,27,5,2.0,179.67,0,0
1424.95,1178.31,49,64,17,5,3.0,940.0,1,3
338.35,275.52,70,69,11,0,3.0,1361.0,3,1
1432.59,1425.94,50,55,27,2,0.0,1425.94,1,3
518.43,419.6,47,64,22,3,4.0,1184.0,0,1
350.99,349.63,46,52,9,2,0.0,349.63,3,0
496.77,425.6,49,69,5,0,3.0,1322.0,3,1
1016.58,897.99,68,62,11,2,1.0,897.99,1,3
487.04,420.47,50,60,22,3,3.0,1089.6666666666667,0,1
288.49,220.69,64,51,3,2,8.0,891.0,3,0
112.39,98.03,35,68,18,0,3.0,98.03,0,0
229.7,209.27,7,74,3,2,3.0,209.27,3,0
629.19,494.03,59,61,23,2,4.0,494.03,0,0
519.9,445.34,19,78,15,0,3.0,704.3333333333334,0,1
308.74,254.61,61,111,12,5,3.0,254.61,2,2
981.36,817.68,75,77,5,2,4.0,817.68,1,3
454.84,375.26,49,58,11,2,4.0,997.0,3,1
300.27,250.93,88,64,17,2,6.0,997.0,0,1
971.67,791.54,42,65,22,2,3.0,997.0,1,3
1386.27,1361.89,41,56,24,2,3.0,1361.89,1,3
452.75,408.15,57,64,12,5,2.0,942.6666666666666,3,0
489.95,484.99,60,123,12,5,7.0,886.0,2,2
1106.81,872.86,48,59,23,0,0.0,1184.0,1,3
381.74,302.99,62,66,11,3,2.0,1014.0,3,1
662.16,626.95,25,68,27,1,4.0,1312.0,0,0
336.37,325.41,46,58,14,0,4.0,1184.0,3,0
163.29,142.4,27,70,13,0,0.0,813.0,3,1
2640.48,2550.61,35,46,7,3,1.0,2550.61,1,3
522.21,456.17,40,63,23,1,3.0,308.5,0,0
390.38,372.1,26,63,25,5,1.0,372.1,0,0
174.34,164.41,83,65,24,1,3.0,940.0,0,1
552.49,541.16,86,66,11,1,4.0,1458.0,3,1
215.91,179.18,24,80,18,2,2.0,813.0,0,1
177.17,144.0,42,68,8,2,5.0,144.0,3,0
932.56,736.88,39,61,29,5,4.0,1184.0,0,3
247.73,234.72,55,67,15,1,4.0,1014.0,0,0
241.44,200.61,28,65,26,0,2.0,942.6666666666666,0,1
239.89,226.12,59,73,24,1,3.0,226.12,0,0
627.7,450.85,30,58,2,3,0.0,450.85,3,3
609.5,607.3,52,64,26,1,5.0,607.3,0,0
496.67,457.85,70,50,4,1,5.0,940.0,3,0
668.68,481.54,45,99,4,5,5.0,481.54,2,2
471.58,420.78,69,72,20,5,5.0,420.78,0,0
218.16,195.94,3,81,19,1,1.0,594.5,0,1
735.58,621.79,58,74,11,3,1.0,308.5,3,1
229.66,204.76,7,67,14,5,2.0,1260.0,3,3
411.58,310.7,64,107,18,2,1.0,1014.0,2,2
178.17,173.06,64,51,6,2,5.0,173.06,3,0
329.07,294.01,95,65,3,3,3.0,294.01,3,0
450.13,418.04,49,72,28,0,3.0,418.04,0,0
514.24,500.31,54,80,28,1,7.0,940.0,0,0
523.12,511.21,41,51,2,3,4.0,511.21,3,3
179.53,135.19,67,55,13,2,6.0,135.19,3,0
959.59,727.13,25,112,28,2,3.0,727.13,2,2
670.87,597.52,35,129,17,5,4.0,1095.0,2,2
157.58,118.91,43,67,17,0,1.0,118.91,0,0
276.18,274.37,68,60,28,0,1.0,274.37,0,0
646.21,517.4,38,71,3,5,1.0,891.0,3,3
268.67,223.04,48,62,20,5,4.0,223.04,0,0
368.88,297.71,40,70,2,2,1.0,661.0,3,1
450.8,351.34,63,74,4,2,2.0,883.0,3,1
702.63,570.01,74,68,13,2,2.0,570.01,3,1
867.19,544.98,65,106,0,1,7.0,544.98,2,2
197.75,196.73,34,69,20,3,5.0,1184.0,0,0
351.03,312.87,68,67,26,3,4.0,312.87,0,0
306.29,245.2,53,55,6,1,3.0,813.0,3,1
370.79,282.64,70,75,18,3,7.0,1178.0,0,0
619.72,599.17,58,63,21,5,2.0,599.17,0,3
163.61,132.41,70,61,24,5,4.0,997.0,0,1
662.03,627.91,60,60,7,1,4.0,891.0,3,3
514.85,481.79,56,62,13,1,4.0,883.0,3,0
593.33,487.57,62,64,6,2,3.0,1089.6666666666667,3,1
703.04,622.01,22,101,5,1,0.0,622.01,2,2
878.67,687.84,62,68,24,3,4.0,942.6666666666666,0,3
328.33,252.22,67,112,20,3,3.0,883.0,2,2
398.07,372.34,53,108,16,5,3.0,1014.0,2,2
571.42,534.76,27,62,23,3,5.0,891.0,0,0
759.97,726.06,95,53,16,5,2.0,1987.0,1,0
366.25,294.56,55,51,26,2,7.0,704.3333333333334,0,0
298.66,244.09,46,72,24,0,4.0,1312.0,0,0
1063.23,811.99,42,77,22,0,4.0,811.99,1,3
265.62,215.0,95,61,12,3,2.0,215.0,3,0
203.41,181.76,30,77,22,2,3.0,704.3333333333334,0,0
539.93,520.99,56,109,12,0,4.0,308.5,2,2
484.96,325.92,69,54,1,2,4.0,325.92,3,0
289.46,230.1,26,59,19,0,1.0,230.1,0,0
858.38,647.84,55,73,6,5,4.0,1312.0,3,0
1027.05,976.6,12,53,27,5,1.0,1273.0,1,3
1076.96,529.85,51,69,5,5,3.0,1322.0,3,3
378.56,305.59,45,68,6,0,2.0,1312.0,3,1
1092.07,668.01,27,51,3,3,2.0,668.01,3,3
457.78,398.86,48,65,18,0,2.0,398.86,0,0
484.91,461.87,36,92,21,1,6.0,891.0,2,2
570.41,474.02,34,64,8,0,2.0,474.02,3,3
165.18,137.58,46,59,13,1,1.0,1322.0,3,1
188.95,153.1,56,134,19,5,0.0,153.1,2,2
685.16,450.06,47,50,0,0,1.0,450.06,3,3
674.29,613.82,17,61,7,3,5.0,613.82,3,3
338.5,279.38,54,55,15,2,2.0,279.38,0,0
291.65,255.89,42,73,8,5,3.0,891.0,3,0
398.83,334.36,63,60,13,3,7.0,704.3333333333334,3,0
684.67,577.35,34,72,12,3,7.0,577.35,3,3
701.62,684.83,72,50,5,0,5.0,684.83,3,3
345.78,270.4,56,115,17,2,2.0,270.4,2,2
385.57,218.4,54,76,1,5,2.0,886.0,3,0
395.18,383.09,47,69,28,0,3.0,383.09,0,0
464.74,386.43,59,76,3,0,1.0,386.43,3,0
639.19,554.23,38,58,20,2,4.0,704.3333333333334,0,0
654.99,586.69,50,70,11,1,3.0,1322.0,3,1
208.61,189.92,42,59,12,5,4.0,189.92,3,0
410.13,400.35,29,52,18,2,3.0,400.35,0,0
413.48,388.7,58,141,6,5,2.0,883.0,2,2
3188.11,1900.35,68,59,1,0,6.0,1900.35,1,3
554.6,552.82,45,65,25,3,6.0,552.82,0,0
980.02,928.34,67,75,29,5,3.0,940.0,1,3
1265.54,1179.86,75,108,17,3,4.0,1179.86,1,3
863.31,862.84,61,50,29,2,3.0,308.5,0,0
592.01,454.08,49,67,14,2,2.0,942.6666666666666,3,3
387.36,366.68,11,67,18,1,4.0,381.0,0,0
344.22,298.28,71,104,21,0,2.0,1049.0,2,2
866.95,382.7,56,112,6,1,4.0,813.0,2,2
510.52,467.82,33,54,15,2,2.0,1049.0,0,1
1270.53,1080.36,34,65,3,1,2.0,1080.36,1,3
527.25,389.15,33,60,2,5,4.0,389.15,3,0
707.34,592.32,43,69,10,0,2.0,886.0,3,3
829.02,630.15,24,71,9,5,3.0,630.15,3,0
932.85,678.89,43,64,0,5,1.0,1049.0,3,3
276.29,271.59,62,66,12,0,4.0,271.59,3,0
230.37,198.89,41,68,21,0,2.0,1089.6666666666667,0,1
672.1,596.26,60,56,18,1,7.0,1322.0,0,0
1663.74,1357.81,41,110,6,0,1.0,942.6666666666666,1,3
579.22,302.77,65,57,2,1,4.0,302.77,3,0
433.71,353.06,62,69,10,5,6.0,1049.0,3,0
442.1,369.67,22,60,7,3,0.0,813.0,3,3
165.07,159.15,48,47,19,2,4.0,159.15,0,0
544.19,421.19,34,69,28,2,4.0,421.19,0,0
840.18,805.87,41,61,26,5,3.0,308.5,0,0
304.16,301.68,58,64,29,3,1.0,308.5,0,0
797.68,586.7,72,98,5,1,3.0,883.0,2,2
490.35,404.4,10,74,18,2,3.0,750.5,0,0
305.72,233.53,61,100,28,1,2.0,233.53,2,2
623.09,540.12,20,66,9,3,1.0,540.12,3,3
445.61,422.37,27,74,14,2,1.0,422.37,3,0
1001.44,939.51,48,59,10,1,5.0,883.0,1,3
445.0,405.36,76,47,9,3,3.0,2782.0,3,0
316.54,278.34,37,68,13,5,2.0,1089.6666666666667,3,0
599.76,469.37,33,71,6,0,3.0,997.0,3,3
496.57,390.48,68,52,4,3,4.0,390.48,3,0
507.5,386.54,3,60,11,5,2.0,891.0,3,3
430.4,342.77,69,65,11,2,2.0,342.77,3,0
1191.34,954.8,44,103,20,2,1.0,883.0,2,3
859.41,760.72,73,70,26,0,0.0,760.72,0,1
627.27,620.48,60,65,29,3,2.0,1322.0,0,1
843.0,630.26,52,49,5,2,3.0,630.26,3,3
885.32,671.88,19,58,18,5,2.0,997.0,0,3
726.19,685.94,75,65,5,0,3.0,1214.0,3,1
605.39,454.22,45,122,19,0,4.0,1014.0,2,2
246.15,192.47,41,64,3,2,0.0,942.6666666666666,3,1
545.45,535.91,57,57,22,0,4.0,883.0,0,0
646.3,530.92,45,71,26,0,3.0,883.0,0,1
343.51,289.85,66,65,24,5,1.0,289.85,0,0
1319.48,1303.87,62,81,8,2,3.0,886.0,1,3
154.31,123.9,64,57,9,1,3.0,123.9,3,0
597.85,531.46,48,55,21,0,1.0,531.46,0,1
463.73,434.17,28,71,18,0,2.0,886.0,0,1
175.43,144.34,45,48,16,3,4.0,891.0,0,0
707.88,687.72,48,63,17,2,4.0,687.72,0,0
450.82,375.84,49,64,2,0,3.0,1322.0,3,1
209.07,163.66,61,64,5,3,2.0,163.66,3,0
810.94,700.97,57,71,19,0,0.0,700.97,0,1
420.35,391.9,32,64,9,3,2.0,391.9,3,0
486.21,412.18,40,73,13,0,4.0,646.0,3,0
520.58,466.05,51,67,12,5,1.0,466.05,3,0
319.75,295.72,28,61,11,0,2.0,891.0,3,1
198.13,170.16,38,75,22,5,4.0,308.5,0,0
388.88,304.86,54,60,21,0,3.0,304.86,0,0
924.23,432.17,38,49,2,5,2.0,1095.0,3,3
199.08,179.96,37,69,9,1,5.0,179.96,3,0
579.8,202.34,65,61,1,1,5.0,202.34,3,0
1051.78,910.46,28,64,6,2,3.0,910.46,1,3
382.71,315.98,35,91,4,3,1.0,813.0,2,2
390.0,388.48,30,64,3,0,2.0,1095.0,3,1
281.95,220.29,37,63,17,1,4.0,1049.0,0,0
1195.42,653.45,63,104,5,5,4.0,653.45,2,3
588.62,544.19,75,70,17,0,4.0,1014.0,0,1
689.28,664.02,71,57,17,5,2.0,1766.0,1,0
334.99,298.36,46,72,29,2,3.0,298.36,0,0
403.32,394.97,64,68,11,3,6.0,1312.0,3,0
350.29,303.72,55,119,17,3,1.0,303.72,2,2
532.23,462.17,58,58,26,0,2.0,462.17,0,0
664.97,532.31,38,69,14,2,6.0,532.31,3,3
683.13,298.26,76,63,2,1,4.0,1095.0,3,3
447.99,345.94,64,52,25,0,2.0,345.94,0,0
572.09,467.7,43,56,10,5,4.0,467.7,3,0
1693.44,1454.96,84,108,12,2,5.0,1454.96,1,3
364.46,291.43,61,78,15,2,4.0,291.43,0,0
231.35,178.94,39,64,23,2,8.0,1095.0,0,0
136.71,114.39,48,65,28,1,3.0,1312.0,0,0
396.83,348.96,69,53,9,2,1.0,1458.0,3,1
238.51,185.14,46,68,24,2,6.0,185.14,0,0
459.17,453.52,76,67,15,0,5.0,891.0,3,1
1504.03,1464.51,40,105,11,3,0.0,1464.51,1,3
319.35,258.25,44,77,27,1,2.0,258.25,0,0
1008.52,618.85,48,95,3,5,2.0,618.85,2,2
376.52,180.77,69,54,4,2,5.0,180.77,3,0
935.13,824.76,53,54,11,1,3.0,1095.0,1,3
836.74,655.33,1,66,2,3,3.0,1095.0,3,3
574.9,433.12,40,68,3,3,4.0,813.0,3,0
282.16,260.13,58,72,29,3,5.0,1312.0,0,1
130.78,120.2,73,67,28,2,3.0,997.0,0,1
134.07,103.73,93,76,23,3,6.0,103.73,0,0
834.66,711.25,46,78,24,5,6.0,711.25,0,0
1429.51,1080.08,13,69,4,1,4.0,1273.0,1,3
108.83,103.89,51,52,18,1,1.0,940.0,0,1
562.87,521.47,26,51,26,1,4.0,521.47,0,0
651.3,629.96,21,80,3,2,2.0,1184.0,3,3
1369.32,1295.86,41,84,11,1,3.0,891.0,1,3
178.12,156.98,49,64,12,3,1.0,1049.0,3,1
279.7,221.15,51,68,10,0,1.0,221.15,3,0
392.8,372.61,64,64,16,0,3.0,883.0,0,1
162.83,148.05,61,72,7,1,2.0,148.05,3,0
127.62,108.16,32,66,3,3,3.0,108.16,3,0
429.82,328.79,5,75,9,3,2.0,328.79,3,3
616.91,510.87,69,64,6,0,4.0,891.0,3,1
699.11,691.18,20,67,5,5,3.0,1014.0,3,3
535.44,446.18,61,59,23,2,3.0,446.18,0,0
689.09,549.57,60,66,8,3,2.0,549.57,3,1
122.94,116.6,57,50,27,2,0.0,116.6,0,0
205.43,158.49,42,63,28,5,2.0,158.49,0,0
2076.75,1645.14,44,62,2,2,0.0,997.0,1,3
1451.94,1421.27,62,62,28,5,3.0,1421.27,1,3
290.83,219.22,41,79,21,0,2.0,219.22,0,0
364.59,331.15,61,66,26,0,0.0,704.3333333333334,0,1
281.53,235.02,58,80,2,2,6.0,1322.0,3,0
335.96,268.32,35,57,13,2,2.0,268.32,3,0
417.64,323.69,82,71,19,1,1.0,323.69,0,0
1010.87,423.37,37,67,4,5,2.0,423.37,3,0
472.35,392.43,60,67,8,2,2.0,1014.0,3,1
181.22,147.05,38,61,15,1,3.0,147.05,0,0
321.06,314.12,25,52,15,5,1.0,704.3333333333334,0,3
587.58,505.83,45,61,25,3,1.0,505.83,0,0
1197.98,969.59,59,61,8,1,0.0,1095.0,1,3
134.38,123.56,55,62,23,5,3.0,1184.0,0,0
651.82,442.69,22,54,5,0,7.0,1014.0,3,3
762.12,730.27,37,128,25,5,5.0,883.0,2,2
678.72,571.23,46,73,10,1,3.0,308.5,3,3
263.48,226.75,72,66,29,1,2.0,1214.0,0,1
743.11,709.46,58,59,28,1,1.0,709.46,0,1
311.85,308.84,63,69,18,0,2.0,308.84,0,0
806.5,642.85,75,73,3,0,1.0,1987.0,1,1
272.52,232.69,25,73,28,1,2.0,232.69,0,0
262.35,224.89,51,59,15,0,0.0,224.89,0,0
589.24,566.59,75,61,2,0,2.0,566.59,3,0
414.49,386.61,53,68,6,3,4.0,386.61,3,0
394.25,355.05,42,69,25,5,5.0,355.05,0,0
533.63,477.39,43,61,20,0,2.0,997.0,0,1
454.22,372.1,60,59,3,1,1.0,1322.0,3,1
621.42,517.33,39,73,8,1,3.0,1322.0,3,3
2093.2,1897.97,38,71,11,1,3.0,1897.97,1,3
321.68,299.63,23,60,19,5,2.0,813.0,0,0
492.43,456.92,57,52,29,1,5.0,1312.0,0,0
690.88,686.34,74,73,19,5,2.0,883.0,0,3
475.61,409.11,79,69,16,0,8.0,409.11,0,0
1091.57,362.62,25,58,6,5,2.0,883.0,3,3
364.47,311.57,41,55,4,5,7.0,308.5,3,0
606.83,466.95,30,59,29,1,4.0,704.3333333333334,0,0
2141.36,726.11,54,59,5,3,7.0,726.11,1,3
320.52,264.41,34,76,8,3,4.0,813.0,3,0
304.97,283.62,51,59,9,0,2.0,1312.0,3,1
132.24,116.49,43,63,21,1,5.0,813.0,0,0
249.76,207.04,38,64,5,5,3.0,207.04,3,0
1121.24,651.83,43,50,4,1,2.0,308.5,3,3
668.35,594.02,42,63,12,2,3.0,883.0,3,3
215.4,210.87,47,76,21,2,2.0,210.87,0,0
515.47,392.2,55,61,20,2,4.0,392.2,0,0
260.9,233.78,69,73,9,2,2.0,886.0,3,1
519.83,446.9,43,62,29,0,2.0,446.9,0,0
600.36,572.17,55,59,23,3,6.0,572.17,0,0
620.03,499.2,72,71,25,1,5.0,499.2,0,0
652.61,585.55,44,66,13,3,1.0,813.0,3,3
376.86,359.42,27,49,11,0,3.0,359.42,3,0
264.61,209.04,33,54,5,0,3.0,940.0,3,1
372.25,300.08,46,71,23,0,5.0,940.0,0,0
118.01,102.1,41,66,13,1,3.0,891.0,3,0
404.17,123.39,69,69,1,2,5.0,2317.0,3,1
613.62,595.44,41,97,5,1,3.0,891.0,2,2
367.39,319.03,38,89,17,2,4.0,319.03,2,0
386.31,372.19,67,65,28,3,0.0,997.0,0,1
1095.39,1034.65,45,70,19,0,3.0,1034.65,1,3
573.62,412.68,58,65,4,2,2.0,1312.0,3,1
562.69,450.55,25,61,17,2,2.0,450.55,0,0
165.07,124.71,53,54,4,0,6.0,124.71,3,0
472.83,396.38,41,84,2,2,6.0,1014.0,3,3
147.53,114.09,55,70,25,3,0.0,1095.0,0,1
522.92,405.45,39,60,15,2,4.0,940.0,3,0
217.07,182.95,50,66,24,0,0.0,1014.0,0,1
663.9,428.72,59,53,1,1,4.0,1095.0,3,3
970.88,329.62,58,72,3,1,4.0,329.62,3,3
367.44,288.86,24,66,14,3,2.0,288.86,3,0
192.79,150.4,59,56,11,0,3.0,813.0,3,1
232.97,204.42,23,63,24,1,2.0,813.0,0,1
205.75,203.53,35,69,26,0,3.0,203.53,0,0
399.68,309.45,46,66,29,2,1.0,309.45,0,0
863.2,715.33,41,67,22,2,6.0,891.0,0,0
1230.93,1177.95,38,63,22,2,0.0,1177.95,1,3
525.6,518.14,58,75,24,3,0.0,518.14,0,3
899.94,839.74,36,107,28,0,4.0,891.0,2,2
1127.77,968.8,71,58,21,1,2.0,968.8,1,1
347.41,325.06,59,58,6,5,1.0,997.0,3,0
608.05,599.9,40,78,2,0,3.0,997.0,3,3
187.95,166.02,61,67,17,3,1.0,166.02,0,0
759.8,609.48,41,75,3,0,2.0,886.0,3,3
420.95,373.31,69,79,3,5,5.0,373.31,3,0
607.99,481.72,63,76,15,2,3.0,481.72,3,0
607.17,509.18,75,67,20,2,2.0,509.18,0,0
903.96,764.01,87,58,5,2,3.0,764.01,3,3
747.29,717.47,76,55,19,1,4.0,2317.0,1,1
309.71,227.02,39,75,3,1,7.0,1049.0,3,0
412.63,396.26,65,63,7,0,4.0,396.26,3,0
288.6,252.78,21,73,10,0,4.0,308.5,3,0
492.1,458.46,47,75,27,5,3.0,458.46,0,0
1514.22,1424.61,32,56,7,5,6.0,940.0,1,3
308.03,305.96,56,72,29,3,0.0,1049.0,0,1
985.03,768.01,3,65,13,1,2.0,768.01,1,3
344.65,343.56,37,63,5,2,4.0,343.56,3,0
965.92,865.65,47,75,17,2,1.0,1089.6666666666667,1,3
727.66,630.18,31,72,19,1,4.0,630.18,0,0
701.81,610.06,47,68,17,5,2.0,610.06,0,3
726.49,634.73,28,53,12,0,5.0,940.0,3,3
226.1,207.36,72,72,9,3,1.0,207.36,3,0
343.59,313.26,57,75,21,2,4.0,313.26,0,0
180.23,155.89,45,69,26,1,5.0,155.89,0,0
576.59,465.38,56,69,25,1,2.0,1095.0,0,1
1377.45,1046.4,70,64,23,5,1.0,891.0,1,3
495.14,444.63,62,57,26,3,4.0,813.0,0,1
393.92,374.86,9,106,20,2,4.0,1014.0,2,2
709.07,544.43,21,50,20,3,2.0,891.0,0,1
389.63,319.41,44,68,19,2,2.0,319.41,0,0
1905.09,1464.3,67,72,28,5,2.0,2782.0,1,1
402.23,308.52,10,62,12,2,1.0,308.52,3,0
621.53,473.58,50,70,9,2,2.0,1089.6666666666667,3,1
1077.38,761.45,43,70,5,0,0.0,761.45,1,3
284.7,236.21,67,120,6,0,1.0,236.21,2,2
209.87,187.63,21,52,14,3,5.0,1095.0,3,0
599.27,506.08,41,111,28,3,4.0,883.0,2,2
617.73,519.16,73,66,22,3,0.0,2782.0,1,1
665.92,349.23,85,73,3,1,4.0,349.23,3,0
490.03,412.85,22,62,23,3,2.0,813.0,0,0
324.39,285.16,36,68,12,1,0.0,285.16,3,0
196.12,151.72,56,57,9,5,1.0,1049.0,3,0
1120.02,919.62,59,60,16,1,2.0,919.62,1,3
434.97,336.06,45,77,27,2,1.0,1095.0,0,1
713.15,584.74,23,104,15,1,2.0,584.74,2,2
210.79,171.49,24,64,10,5,6.0,1184.0,3,0
401.63,315.03,90,49,27,3,6.0,1014.0,0,1
2328.34,1330.95,50,59,5,0,1.0,1330.95,1,3
457.52,423.77,60,68,14,5,1.0,423.77,3,0
256.49,228.23,3,79,18,1,1.0,228.23,0,0
775.66,583.24,37,58,16,5,6.0,583.24,3,0
256.07,201.7,64,57,5,1,3.0,201.7,3,0
305.66,244.43,21,61,22,3,1.0,813.0,0,0
460.64,369.21,68,76,11,5,2.0,369.21,3,0
381.23,330.94,71,78,16,1,3.0,330.94,0,0
690.37,638.08,79,67,19,5,0.0,638.08,0,3
250.55,203.05,37,62,18,2,3.0,997.0,0,0
926.57,718.56,54,73,22,2,1.0,718.56,0,3
336.33,263.74,58,56,8,3,1.0,263.74,3,0
356.8,286.73,48,51,22,3,3.0,286.73,0,0
523.75,402.84,50,54,17,1,1.0,402.84,0,1
316.34,267.36,1,70,3,3,7.0,1260.0,3,3
577.77,514.97,70,66,16,2,4.0,514.97,0,0
347.69,265.25,29,53,25,0,2.0,891.0,0,0
620.53,483.76,52,102,14,3,6.0,483.76,2,2
645.14,518.29,65,47,18,5,4.0,518.29,0,0
213.48,193.4,37,70,13,2,8.0,193.4,3,0
896.25,853.01,56,74,28,0,6.0,883.0,0,1
271.42,251.95,59,58,2,3,4.0,251.95,3,0
866.7,862.0,83,54,15,3,4.0,1014.0,1,3
222.51,206.61,63,65,9,1,1.0,704.3333333333334,3,1
729.43,723.85,45,58,24,2,5.0,723.85,0,0
426.51,348.72,95,59,23,3,4.0,348.72,0,0
128.38,110.42,50,118,12,1,0.0,110.42,2,2
570.57,228.71,49,63,3,3,0.0,228.71,3,0
627.27,273.63,34,49,2,3,1.0,273.63,3,0
776.49,625.97,46,78,16,3,4.0,1312.0,3,3
438.0,337.38,60,50,2,0,3.0,704.3333333333334,3,0
703.17,602.39,64,71,29,1,4.0,602.39,0,1
611.6,602.47,61,71,17,3,4.0,1184.0,0,1
744.97,686.07,19,70,14,1,2.0,1049.0,3,3
370.28,308.25,79,62,20,0,2.0,308.25,0,0
1556.48,1322.23,44,115,16,3,2.0,1322.0,1,3
354.22,310.18,38,54,29,3,2.0,997.0,0,1
500.42,466.85,28,58,6,3,7.0,813.0,3,3
242.19,202.84,39,73,18,2,0.0,202.84,0,0
624.71,597.57,44,78,20,1,2.0,597.57,0,0
1430.82,1419.96,70,111,29,0,2.0,1361.0,1,3
220.87,178.71,52,47,10,3,2.0,1014.0,3,1
280.32,269.66,57,70,27,3,2.0,997.0,0,1
251.69,200.48,90,61,21,3,1.0,200.48,0,0
246.33,243.69,53,65,23,5,1.0,1095.0,0,0
285.54,248.26,49,65,21,0,5.0,248.26,0,0
947.71,941.56,42,68,28,0,3.0,941.56,1,1
242.59,205.2,26,59,28,1,3.0,205.2,0,0
434.85,383.07,53,67,2,0,4.0,383.07,3,0
1034.08,950.81,56,55,14,1,3.0,1312.0,1,3
512.15,432.84,58,59,20,1,3.0,432.84,0,0
467.86,411.0,57,60,29,2,4.0,886.0,0,1
183.22,113.63,7,50,5,1,5.0,594.5,3,0
1143.29,1076.16,35,59,27,3,2.0,1076.16,1,3
766.57,648.62,48,62,7,2,3.0,1095.0,3,3
187.94,168.15,71,60,22,1,3.0,168.15,0,0
328.18,311.62,30,65,11,3,4.0,311.62,3,0
659.83,594.79,41,72,23,5,2.0,1049.0,0,3
2225.34,1957.84,65,63,16,2,5.0,1766.0,1,3
710.11,673.1,46,81,15,3,2.0,673.1,3,3
339.16,301.04,41,64,9,1,4.0,301.04,3,0
480.63,360.79,44,64,21,5,6.0,360.79,0,0
245.06,187.78,37,68,24,5,6.0,187.78,0,0
989.58,958.68,69,58,24,2,4.0,886.0,1,3
380.58,308.1,62,64,9,1,2.0,308.1,3,0
342.18,333.59,52,69,10,2,2.0,333.59,3,0
430.45,406.22,77,51,10,1,1.0,886.0,3,1
213.3,171.23,82,54,18,1,0.0,2782.0,0,1
2031.19,1744.8,40,53,16,1,2.0,1744.8,1,3
228.32,217.8,50,53,15,3,2.0,997.0,0,1
709.0,621.11,46,61,16,0,2.0,891.0,0,1
1972.76,1052.94,47,72,3,3,4.0,1052.94,1,3
417.51,200.19,41,56,1,0,2.0,200.19,3,0
464.43,417.91,82,73,3,3,2.0,1766.0,3,1
1322.47,1301.1,20,59,24,2,3.0,1301.1,1,3
166.0,155.13,41,61,7,5,3.0,1184.0,3,0
293.2,233.51,45,48,13,3,4.0,1184.0,3,0
630.48,606.83,24,75,21,0,4.0,942.6666666666666,0,0
238.89,207.14,71,66,22,0,4.0,883.0,0,1
1141.5,1061.87,54,102,12,3,6.0,1089.6666666666667,1,3
202.95,202.53,56,71,29,2,4.0,202.53,0,0
868.9,672.6,52,58,14,5,0.0,672.6,3,3
329.1,314.87,58,60,16,5,3.0,1312.0,0,0
526.1,442.61,30,54,13,2,0.0,442.61,3,0
1068.46,528.48,38,62,3,2,1.0,528.48,3,3
311.62,307.27,56,67,6,0,0.0,883.0,3,1
245.79,235.77,33,59,23,2,6.0,891.0,0,0
837.26,803.38,69,62,19,3,2.0,803.38,0,3
467.96,460.43,50,60,27,2,3.0,1312.0,0,1
547.12,530.0,47,65,8,0,4.0,530.0,3,3
221.8,218.18,19,68,20,5,2.0,218.18,0,0
286.27,228.05,60,70,12,3,2.0,228.05,3,0
593.63,562.2,84,112,23,0,3.0,1178.0,2,2
277.23,273.02,43,68,17,2,5.0,273.02,0,0
463.53,417.11,28,66,6,3,4.0,883.0,3,0
126.93,98.11,52,50,28,3,2.0,98.11,0,0
573.19,566.96,48,60,10,1,1.0,566.96,3,3
897.99,746.37,34,69,6,0,3.0,886.0,3,3
127.61,98.74,33,66,6,2,1.0,98.74,3,0
568.59,514.49,62,72,2,2,5.0,997.0,3,0
317.84,312.68,83,53,27,5,4.0,312.68,0,0
293.11,227.62,59,54,6,2,2.0,227.62,3,0
407.59,393.42,91,60,28,1,4.0,1361.0,0,1
620.76,328.38,20,54,4,1,6.0,1312.0,3,3
503.67,489.64,53,51,25,2,4.0,489.64,0,0
1183.07,799.09,44,69,6,3,5.0,940.0,1,3
556.48,435.21,71,67,10,1,5.0,435.21,3,0
780.99,626.81,51,53,7,1,1.0,704.3333333333334,3,3
261.41,232.02,56,72,2,5,2.0,232.02,3,0
558.51,499.75,31,74,15,5,0.0,1049.0,3,3
401.01,357.59,37,68,16,2,2.0,1184.0,0,0
500.79,404.46,53,50,23,0,3.0,404.46,0,0
431.47,346.92,48,59,13,0,7.0,997.0,3,0
1160.21,1089.95,56,57,4,1,3.0,1089.95,1,3
886.7,873.33,61,51,16,5,4.0,704.3333333333334,1,3
459.59,363.02,42,66,17,2,3.0,363.02,0,0
253.11,192.03,47,72,3,5,1.0,1014.0,3,0
1535.69,589.61,78,64,3,2,0.0,589.61,1,1
586.83,559.13,37,70,9,2,5.0,704.3333333333334,3,3
398.68,306.35,57,64,13,2,3.0,306.35,3,0
897.82,767.43,43,65,12,1,1.0,997.0,1,3
318.34,317.39,71,74,26,5,5.0,1214.0,0,0
393.92,320.0,48,62,19,5,3.0,940.0,0,0
489.98,415.88,43,61,16,0,2.0,415.88,0,0
1134.2,981.03,56,67,21,1,2.0,981.03,1,3
326.33,306.93,45,65,22,2,3.0,1322.0,0,0
789.03,599.91,48,57,9,2,6.0,599.91,3,3
1330.94,662.28,44,56,6,1,1.0,1089.6666666666667,1,3
414.48,328.32,46,70,10,3,9.0,997.0,3,0
211.96,185.85,89,60,28,1,2.0,185.85,0,0
623.96,591.4,39,48,24,5,1.0,591.4,0,3
186.07,149.77,44,59,4,1,3.0,940.0,3,1
1049.86,881.66,62,66,25,1,7.0,940.0,1,1
570.34,569.35,32,75,15,0,4.0,1312.0,3,1
790.53,624.37,70,126,25,1,0.0,1361.0,2,2
584.83,489.61,13,66,29,1,1.0,1086.5,0,1
409.65,308.35,37,63,28,2,4.0,1089.6666666666667,0,0
322.5,299.65,68,71,28,1,2.0,299.65,0,0
479.08,428.92,40,71,27,2,4.0,513.0,0,0
1132.5,1023.14,59,60,20,1,3.0,1023.14,1,3
171.02,154.76,52,61,11,0,4.0,154.76,3,0
395.9,347.13,62,67,14,3,6.0,891.0,3,0
745.72,644.73,85,96,28,0,2.0,891.0,2,2
400.32,382.18,24,73,21,3,2.0,1322.0,0,0
422.19,381.89,41,55,9,3,3.0,381.89,3,0
722.69,615.05,37,80,4,0,3.0,615.05,3,3
184.42,150.42,28,74,6,3,4.0,150.42,3,0
686.07,236.08,32,65,0,2,3.0,236.08,3,0
580.44,471.58,63,59,22,0,1.0,1095.0,0,1
864.25,745.98,56,67,4,5,3.0,745.98,3,3
400.7,315.04,51,55,2,1,0.0,1014.0,3,1
559.03,506.34,60,68,13,1,4.0,1089.6666666666667,3,1
485.9,458.69,76,120,10,1,3.0,458.69,2,2
381.76,363.04,71,73,28,2,3.0,363.04,0,0
617.78,565.89,45,62,17,1,1.0,565.89,0,1
615.26,584.96,55,59,19,5,6.0,886.0,0,0
426.68,406.64,68,62,11,1,1.0,883.0,3,1
1421.78,512.03,61,51,1,2,3.0,512.03,3,3
413.72,403.57,68,60,25,2,2.0,403.57,0,0
893.77,827.45,42,64,12,5,4.0,827.45,1,3
835.75,726.44,17,62,16,3,2.0,886.0,0,1
401.03,309.84,50,54,9,1,4.0,309.84,3,0
1111.61,1069.7,45,121,2,3,3.0,1069.7,2,3
562.4,485.76,29,66,22,3,4.0,1095.0,0,0
175.3,171.72,70,73,13,3,1.0,1987.0,3,1
171.02,138.38,33,69,7,3,3.0,138.38,3,0
224.97,221.75,33,126,24,3,5.0,221.75,2,2
335.38,294.71,10,46,28,5,3.0,886.0,0,0
897.69,823.68,46,66,18,2,0.0,823.68,1,3
492.51,459.99,52,69,4,2,0.0,459.99,3,0
354.21,277.5,52,60,8,5,2.0,277.5,3,0
307.68,265.59,55,83,24,2,0.0,265.59,0,0
136.0,130.5,36,67,17,3,5.0,130.5,0,0
1412.33,651.55,54,107,6,5,1.0,651.55,2,2
306.63,269.46,47,82,19,0,1.0,891.0,0,1
404.76,384.84,53,53,6,0,4.0,813.0,3,0
431.97,346.56,44,67,27,1,6.0,346.56,0,0
680.37,630.33,95,64,6,5,3.0,883.0,3,3
784.29,768.65,48,55,10,2,5.0,768.65,3,3
498.93,487.83,31,59,15,3,5.0,1184.0,3,3
675.03,603.57,7,54,5,0,1.0,603.57,3,3
175.89,170.41,56,68,14,5,6.0,170.41,3,0
463.55,462.63,30,55,29,2,2.0,462.63,0,0
238.65,213.9,51,69,23,1,6.0,213.9,0,0
188.67,181.88,66,77,3,0,5.0,181.88,3,0
888.85,819.51,35,74,15,3,2.0,819.51,1,1
467.02,363.28,55,62,5,5,2.0,363.28,3,0
940.19,917.47,53,69,23,0,6.0,1322.0,1,1
218.12,180.18,37,67,22,3,3.0,180.18,0,0
1155.97,867.42,27,69,16,0,1.0,867.42,1,1
518.65,457.37,55,66,18,0,4.0,1049.0,0,0
964.88,870.02,81,58,11,5,3.0,870.02,1,3
646.04,498.3,30,62,17,1,1.0,498.3,0,1
462.01,431.95,34,66,23,1,1.0,1312.0,0,1
479.83,360.37,63,87,27,2,3.0,1184.0,0,2
791.94,596.21,67,83,2,0,4.0,1014.0,3,3
225.95,201.7,37,59,16,2,3.0,201.7,0,0
435.86,368.02,42,66,29,2,2.0,891.0,0,1
885.47,741.63,82,56,29,3,6.0,741.63,0,3
246.79,186.67,35,70,7,5,1.0,186.67,3,0
1156.81,1071.46,18,51,22,5,2.0,1071.46,1,3
432.91,370.3,22,64,5,5,6.0,1049.0,3,0
676.08,619.95,87,57,10,0,1.0,1178.0,3,1
431.44,350.75,15,67,28,1,2.0,350.75,0,0
435.74,346.14,39,60,20,3,4.0,346.14,0,0
1286.52,1233.31,56,64,12,5,3.0,942.6666666666666,1,3
302.66,294.54,50,81,5,3,3.0,294.54,3,0
1235.87,1173.87,13,70,26,2,1.0,1410.0,1,3
775.64,620.34,29,70,2,2,4.0,620.34,3,3
695.05,540.26,91,59,2,2,2.0,1766.0,3,1
227.54,222.04,54,75,24,0,4.0,942.6666666666666,0,0
639.53,513.51,37,128,28,0,6.0,513.51,2,2
229.01,175.01,47,78,9,2,1.0,940.0,3,1
396.37,337.99,26,61,25,3,0.0,337.99,0,0
507.71,450.79,54,97,23,0,3.0,813.0,2,2
153.94,115.86,51,61,11,3,4.0,115.86,3,0
340.76,333.2,24,97,27,0,0.0,333.2,2,2
359.74,303.02,63,71,7,0,5.0,303.02,3,0
302.42,230.6,24,58,17,2,5.0,1089.6666666666667,0,0
555.71,539.88,45,64,18,5,3.0,539.88,0,0
278.33,245.08,95,65,27,2,3.0,1214.0,0,1
625.58,611.39,27,66,18,3,4.0,611.39,0,0
917.92,911.18,52,79,21,3,6.0,1312.0,1,3
498.02,452.54,36,56,24,2,2.0,452.54,0,0
328.31,262.76,59,62,29,5,3.0,262.76,0,0
551.66,496.04,94,121,5,3,6.0,891.0,2,2
517.87,291.0,58,103,4,3,3.0,291.0,2,2
251.36,242.07,50,68,12,1,4.0,1184.0,3,0
712.92,555.98,71,84,7,1,3.0,891.0,3,2
342.48,115.98,34,101,2,5,1.0,813.0,2,2
1346.76,1105.23,61,68,9,5,4.0,308.5,1,3
580.92,561.3,33,60,5,1,5.0,940.0,3,3
463.96,450.83,27,61,18,2,4.0,450.83,0,0
324.46,304.65,60,67,4,3,3.0,891.0,3,0
250.71,229.52,44,76,11,1,4.0,1095.0,3,0
326.0,246.74,77,53,4,1,5.0,246.74,3,0
1722.28,1355.63,57,81,21,5,1.0,1184.0,1,3
981.25,857.9,44,113,27,5,1.0,1184.0,2,2
343.1,276.95,53,78,18,5,3.0,1089.6666666666667,0,0
263.73,242.13,29,59,13,5,1.0,891.0,3,3
613.42,510.18,49,65,3,3,3.0,510.18,3,3
747.41,728.91,40,58,26,3,4.0,997.0,0,3
123.57,118.27,83,63,23,5,0.0,118.27,0,0
262.1,242.28,74,82,4,2,4.0,242.28,3,0
795.93,771.23,40,49,21,5,4.0,997.0,0,3
759.51,653.44,77,57,7,5,2.0,653.44,3,3
404.16,321.62,44,67,5,5,3.0,1095.0,3,0
403.69,308.12,46,54,7,2,3.0,886.0,3,1
249.04,196.16,56,64,10,2,4.0,942.6666666666666,3,0
1070.33,899.41,67,59,5,3,3.0,899.41,1,3
1401.26,1280.5,53,63,7,1,10.0,1280.5,1,3
316.85,299.54,44,51,14,1,1.0,299.54,0,0
623.09,487.25,53,104,28,5,2.0,487.25,2,2
171.5,160.71,36,114,14,3,3.0,883.0,2,2
385.03,374.59,82,67,2,3,3.0,374.59,3,0
291.81,260.93,36,75,12,5,4.0,940.0,3,0
696.32,235.93,47,55,3,5,2.0,813.0,3,3
399.44,300.89,26,60,18,3,2.0,886.0,0,0
903.94,684.33,55,59,13,5,4.0,684.33,3,3
688.82,567.3,66,73,26,3,2.0,567.3,0,0
311.34,250.14,50,70,2,1,3.0,250.14,3,0
646.32,467.97,67,101,6,5,2.0,467.97,2,2
342.87,273.8,77,115,10,5,0.0,273.8,2,2
184.55,172.37,71,54,27,0,2.0,2317.0,0,1
284.22,249.53,56,73,29,3,4.0,308.5,0,0
325.34,261.99,59,59,3,2,4.0,261.99,3,0
179.68,154.38,36,63,17,5,0.0,308.5,0,0
428.21,418.69,53,54,11,3,3.0,418.69,3,0
2411.96,1365.62,79,62,6,0,2.0,1365.62,1,3
546.4,415.44,66,100,14,2,2.0,415.44,2,2
338.5,258.67,49,61,6,0,3.0,258.67,3,0
480.93,375.15,49,74,22,5,3.0,375.15,0,0
354.02,278.39,54,60,20,5,1.0,1184.0,0,0
361.56,357.07,20,58,12,0,3.0,357.07,3,0
205.39,205.16,56,75,23,3,1.0,1095.0,0,1
523.93,503.24,59,50,24,5,1.0,942.6666666666666,0,3
437.6,393.55,25,77,17,1,0.0,940.0,0,1
299.12,288.64,67,74,24,1,2.0,1458.0,0,1
149.16,113.14,65,66,4,1,1.0,1178.0,3,1
459.32,410.38,45,55,16,5,1.0,410.38,0,3
176.32,158.17,80,60,23,1,3.0,1095.0,0,1
415.35,406.47,49,81,24,1,0.0,308.5,0,0
228.96,183.03,63,77,21,0,1.0,1095.0,0,1
350.07,332.01,49,56,16,1,4.0,332.01,0,0
488.43,427.69,36,119,3,5,2.0,883.0,2,2
1416.8,1265.79,45,66,8,1,4.0,1265.79,1,3
237.46,231.47,31,61,25,1,9.0,231.47,0,0
272.91,219.84,24,71,23,3,2.0,942.6666666666666,0,1
422.94,354.76,22,72,3,1,4.0,942.6666666666666,3,0
725.32,674.5,42,64,27,0,3.0,940.0,0,1
323.95,261.5,20,52,3,3,2.0,261.5,3,0
702.1,587.33,64,50,20,2,1.0,587.33,0,1
593.72,574.16,40,68,24,0,6.0,646.0,0,0
154.32,151.27,73,58,4,5,2.0,151.27,3,0
2132.68,1838.12,63,70,11,5,4.0,1838.12,1,3
155.04,120.75,35,57,29,3,4.0,120.75,0,0
476.95,385.41,40,58,22,5,3.0,615.0,0,0
671.78,658.3,66,67,12,0,4.0,1214.0,3,1
379.01,308.38,65,78,13,0,4.0,308.38,3,0
398.88,344.93,28,65,7,5,2.0,344.93,3,0
1265.46,1244.62,50,62,7,2,1.0,1244.62,1,3
404.11,237.95,29,64,0,2,3.0,237.95,3,0
128.07,111.66,56,66,3,1,6.0,111.66,3,0
548.6,536.71,53,76,25,3,7.0,1322.0,0,0
664.66,551.6,65,73,10,3,2.0,551.6,3,1
186.24,146.93,59,54,25,3,5.0,146.93,0,0
669.7,539.03,53,81,11,5,3.0,813.0,3,0
1192.26,1112.58,42,57,6,3,1.0,1014.0,1,3
659.59,658.55,46,63,5,0,6.0,1049.0,3,3
479.48,380.88,30,64,22,1,2.0,1049.0,0,1
382.14,317.95,69,116,18,2,4.0,891.0,2,2
495.83,396.15,54,65,26,0,7.0,1095.0,0,0
232.27,198.34,63,53,13,0,3.0,198.34,3,0
122.63,122.62,47,54,5,1,1.0,122.62,3,0
328.85,264.75,71,79,24,1,5.0,264.75,0,0
262.07,217.47,82,68,14,1,1.0,1766.0,3,1
515.4,454.24,42,55,19,2,2.0,1184.0,0,1
219.31,218.48,49,69,8,5,3.0,218.48,3,0
360.84,345.73,34,117,26,1,0.0,813.0,2,2
1858.95,1621.51,57,65,7,5,0.0,940.0,1,3
311.38,135.86,46,141,1,3,4.0,1312.0,2,2
472.23,348.98,45,74,6,1,2.0,1049.0,3,1
1097.95,1006.34,83,52,9,3,2.0,997.0,1,3
193.4,186.73,43,70,25,0,3.0,940.0,0,0
218.17,190.06,39,66,6,1,4.0,190.06,3,0
1535.76,1301.37,76,59,29,2,3.0,886.0,1,3
1553.97,1276.99,38,52,29,5,1.0,1089.6666666666667,1,3
278.49,239.53,55,64,17,3,1.0,239.53,0,0
255.31,195.82,80,59,18,0,3.0,195.82,0,0
686.0,609.43,24,57,12,3,6.0,942.6666666666666,3,3
1094.5,926.58,54,66,22,1,1.0,1049.0,1,3
149.48,116.97,37,57,7,2,2.0,891.0,3,1
200.23,167.52,24,73,5,5,3.0,883.0,3,0
676.66,626.42,47,63,8,3,2.0,813.0,3,3
677.14,520.32,35,56,4,3,1.0,520.32,3,3
443.68,259.96,72,52,4,5,4.0,259.96,3,0
430.71,408.2,48,74,28,0,7.0,408.2,0,0
290.37,218.21,58,73,19,1,4.0,308.5,0,0
524.54,396.68,39,52,11,5,4.0,1322.0,3,0
595.8,549.38,13,112,5,3,0.0,549.38,2,2
342.01,305.62,62,72,28,5,5.0,942.6666666666666,0,0
659.6,595.07,74,67,11,2,2.0,940.0,3,1
500.62,498.56,46,66,16,3,5.0,498.56,0,0
244.71,205.05,34,56,13,1,0.0,813.0,3,1
818.38,739.82,55,61,9,5,1.0,1049.0,3,3
1327.86,525.19,45,92,3,0,4.0,525.19,2,3
176.88,141.58,69,80,8,5,3.0,141.58,3,0
858.05,684.61,32,65,29,2,5.0,940.0,0,0
323.82,273.75,64,61,15,0,0.0,704.3333333333334,0,1
1423.23,1344.8,56,71,2,3,4.0,1344.8,1,3
212.89,183.72,59,63,2,0,3.0,183.72,3,0
725.57,681.55,48,65,10,3,5.0,1049.0,3,3
257.11,205.45,20,76,20,0,3.0,997.0,0,1
371.98,336.35,26,63,29,5,1.0,1184.0,0,0
869.08,835.71,53,74,7,2,4.0,997.0,1,3
172.97,169.69,39,69,23,5,7.0,1322.0,0,0
624.8,585.73,22,62,13,3,2.0,585.73,3,3
300.65,236.53,49,59,29,0,3.0,1049.0,0,0
456.36,450.62,64,61,14,1,0.0,813.0,3,1
249.41,190.09,70,54,23,1,2.0,190.09,0,0
1589.63,1452.69,47,67,24,2,2.0,1452.69,1,3
1050.0,519.94,73,73,3,0,2.0,883.0,3,3
753.82,614.3,79,61,9,0,0.0,1214.0,3,1
694.92,618.82,43,106,18,2,5.0,940.0,2,2
940.93,873.65,41,60,5,3,5.0,1095.0,1,3
198.36,60.16,52,75,3,3,2.0,886.0,3,1
502.7,241.88,33,65,3,5,4.0,1322.0,3,0
351.27,343.05,51,68,27,5,6.0,1322.0,0,0
413.67,335.9,49,65,10,1,2.0,335.9,3,0
2294.76,2119.93,63,71,10,5,6.0,813.0,1,3
638.81,521.35,68,50,24,1,2.0,2782.0,1,1
363.18,341.76,31,59,11,1,3.0,1312.0,3,1
375.2,287.95,48,112,21,3,7.0,287.95,2,2
668.51,245.53,95,50,6,5,7.0,245.53,3,0
523.87,395.04,40,80,20,2,2.0,395.04,0,2
337.31,254.15,51,61,28,3,4.0,254.15,0,0
316.76,288.21,54,67,10,0,4.0,997.0,3,0
450.66,382.99,38,63,13,3,2.0,382.99,3,0
247.84,204.58,36,64,26,0,4.0,891.0,0,0
89.7,78.18,78,51,16,0,3.0,78.18,0,0
467.57,417.64,71,74,24,1,3.0,417.64,0,0
395.99,332.36,28,69,23,5,2.0,1184.0,0,0
622.54,614.77,34,69,18,0,1.0,614.77,0,1
285.38,255.96,67,89,14,0,4.0,255.96,2,0
551.07,430.16,71,60,5,0,4.0,883.0,3,1
173.89,161.16,77,83,17,5,4.0,161.16,0,0
645.6,618.28,61,79,12,0,8.0,1014.0,3,0
299.77,252.47,37,64,28,1,6.0,252.47,0,0
177.14,158.95,41,62,19,3,6.0,1184.0,0,0
227.74,209.44,31,64,17,1,2.0,942.6666666666666,0,1
273.56,220.34,43,71,17,2,0.0,220.34,0,0
353.98,273.3,60,74,2,5,2.0,940.0,3,0
327.81,325.03,41,73,7,3,5.0,704.3333333333334,3,0
380.3,353.48,48,71,7,5,5.0,1095.0,3,0
1206.29,1079.43,43,66,29,1,0.0,1079.43,1,3
526.26,445.32,31,67,2,1,3.0,445.32,3,0
590.18,318.9,45,65,6,2,4.0,318.9,3,3
335.34,289.33,61,56,21,2,5.0,289.33,0,0
256.05,209.54,66,60,28,1,3.0,209.54,0,0
577.48,497.93,36,111,27,1,4.0,497.93,2,2
847.47,788.18,56,54,22,5,2.0,788.18,0,3
472.91,417.5,50,51,17,0,5.0,417.5,0,0
660.65,513.57,39,65,25,0,4.0,940.0,0,0
798.23,704.2,50,66,10,5,7.0,704.2,3,3
683.24,642.37,73,51,14,1,2.0,642.37,3,1
847.18,263.28,33,101,5,0,4.0,940.0,2,2
128.08,119.92,35,67,27,5,0.0,1049.0,0,0
743.67,599.35,53,67,8,2,2.0,599.35,3,3
966.69,818.51,51,59,12,5,4.0,308.5,3,3
806.31,801.89,34,82,27,3,1.0,801.89,0,1
250.68,194.84,44,60,8,3,3.0,194.84,3,0
250.58,192.22,70,71,6,1,5.0,940.0,3,0
297.58,262.72,56,75,29,2,3.0,262.72,0,0
753.89,729.4,44,84,22,2,1.0,704.3333333333334,0,1
329.77,323.81,32,57,19,0,2.0,942.6666666666666,0,0
396.44,347.24,46,60,13,3,1.0,347.24,3,0
442.77,427.86,50,67,2,0,3.0,427.86,3,0
152.84,127.41,43,72,16,3,5.0,886.0,0,0
1107.72,377.47,56,61,6,5,4.0,1312.0,3,3
520.37,416.78,74,60,22,1,4.0,416.78,0,0
556.26,432.9,70,68,7,5,2.0,1014.0,3,0
460.46,406.49,37,53,7,1,1.0,406.49,3,0
334.05,319.12,34,71,14,2,3.0,886.0,3,0
255.52,245.41,36,61,20,5,5.0,1014.0,0,0
534.55,501.52,95,58,24,3,5.0,501.52,0,0
267.64,210.04,64,67,15,2,1.0,942.6666666666666,0,1
245.65,194.97,21,61,13,1,3.0,1049.0,3,1
1096.79,972.32,68,61,17,3,3.0,2317.0,1,1
380.88,287.87,46,64,22,5,6.0,287.87,0,0
446.86,368.42,36,62,27,5,4.0,368.42,0,0
336.39,315.16,59,68,14,3,3.0,315.16,3,0
993.56,673.25,55,67,4,3,6.0,940.0,3,3
310.98,304.17,69,65,13,5,1.0,1987.0,3,0
1164.7,1053.6,59,88,22,2,3.0,1053.6,1,3
207.91,198.74,70,73,13,3,3.0,886.0,3,0
433.14,411.71,46,73,13,2,6.0,942.6666666666666,3,0
1049.22,799.76,52,68,2,1,8.0,1184.0,1,3
472.13,358.23,31,72,23,1,3.0,358.23,0,0
449.26,376.04,45,64,23,0,3.0,1312.0,0,1
734.02,597.66,80,68,6,3,1.0,1458.0,3,1
533.66,517.43,64,72,24,3,3.0,517.43,0,0
302.84,251.42,63,52,6,0,5.0,251.42,3,0
462.09,388.35,22,62,21,0,3.0,388.35,0,0
610.89,566.17,22,75,23,0,4.0,1095.0,0,0
610.69,553.23,28,65,18,1,3.0,553.23,0,0
256.88,224.21,54,107,12,0,1.0,224.21,2,2
209.47,205.59,51,80,25,2,4.0,205.59,0,0
259.9,197.09,26,78,15,2,5.0,942.6666666666666,0,0
1383.72,1275.81,25,56,29,0,2.0,1275.81,1,3
622.57,599.37,40,68,14,0,4.0,1049.0,3,0
910.97,820.47,49,65,27,1,0.0,820.47,0,3
239.86,180.79,36,52,18,5,3.0,891.0,0,0
782.85,740.76,49,57,22,3,4.0,1184.0,0,1
156.08,119.01,47,68,7,0,4.0,1184.0,3,0
155.26,143.34,47,71,12,0,3.0,143.34,3,0
335.22,283.62,71,77,17,2,1.0,1987.0,0,1
1275.92,1203.4,49,57,28,0,3.0,942.6666666666666,1,3
340.56,325.81,62,89,22,3,3.0,325.81,0,2
870.74,848.64,41,69,7,2,5.0,848.64,1,3
211.34,172.29,65,61,6,3,3.0,172.29,3,0
837.64,777.72,40,71,8,3,1.0,1312.0,1,3
461.23,393.53,18,65,17,0,3.0,883.0,0,0
779.76,743.2,51,62,20,0,2.0,813.0,0,1
435.13,339.42,65,62,10,0,3.0,997.0,3,1
416.42,387.62,44,67,20,5,2.0,387.62,0,0
298.01,273.8,23,73,29,1,5.0,883.0,0,0
353.52,340.02,72,81,18,5,5.0,340.02,0,0
309.27,307.96,51,72,10,0,2.0,883.0,3,1
265.36,218.83,56,68,15,5,2.0,218.83,0,0
555.05,460.65,55,65,25,3,2.0,460.65,0,0
221.92,173.99,67,62,2,3,2.0,173.99,3,0
404.55,400.84,79,67,27,5,5.0,400.84,0,0
288.81,287.2,45,63,7,0,1.0,886.0,3,1
472.49,445.47,53,73,16,3,1.0,1089.6666666666667,0,1
157.67,140.55,42,67,22,1,7.0,1089.6666666666667,0,0
168.62,146.77,34,117,11,5,3.0,146.77,2,2
441.8,400.3,62,55,4,5,3.0,400.3,3,0
353.94,315.23,41,71,3,1,2.0,315.23,3,0
279.33,268.43,49,52,19,3,3.0,268.43,0,0
313.05,304.45,54,45,4,1,5.0,304.45,3,0
617.53,557.19,57,69,3,5,4.0,557.19,3,0
356.69,338.03,77,63,10,3,2.0,940.0,3,1
755.56,691.39,21,65,21,2,0.0,997.0,0,1
487.87,476.61,5,65,24,3,4.0,891.0,0,0
129.96,103.84,50,111,13,3,0.0,997.0,2,2
770.34,765.47,65,55,16,3,1.0,765.47,0,3
576.19,442.86,42,53,2,5,4.0,442.86,3,0
339.14,336.51,1,72,11,2,2.0,1049.0,3,3
398.49,301.06,38,53,5,1,5.0,301.06,3,0
998.51,991.07,41,64,5,0,2.0,1322.0,1,3
2298.73,723.98,57,142,4,0,6.0,308.5,2,3
354.41,308.64,57,69,13,5,4.0,1322.0,3,0
1199.64,1011.57,51,65,3,0,5.0,942.6666666666666,1,3
277.71,255.49,62,73,4,3,2.0,1095.0,3,1
454.96,418.05,42,59,2,1,5.0,1014.0,3,0
367.73,324.12,35,101,26,5,3.0,886.0,2,2
262.65,219.54,69,78,9,2,4.0,219.54,3,0
1177.63,424.37,37,53,2,0,3.0,1089.6666666666667,3,3
604.28,602.79,75,62,29,5,3.0,602.79,0,0
421.55,409.39,51,52,8,0,1.0,409.39,3,0
1301.66,1243.5,39,77,27,0,3.0,1312.0,1,3
1382.52,1101.26,27,77,28,5,1.0,1101.26,1,3
155.55,145.13,78,53,29,3,3.0,1361.0,0,1
929.22,874.51,11,66,14,5,0.0,1260.0,1,1
423.74,353.79,69,60,12,3,3.0,353.79,3,0
540.32,468.87,57,68,11,1,3.0,468.87,3,0
321.06,293.04,55,78,22,5,1.0,293.04,0,0
774.91,614.22,23,58,15,5,2.0,614.22,3,3
470.94,374.31,37,79,5,3,2.0,374.31,3,0
203.76,203.48,48,66,24,0,6.0,203.48,0,0
282.66,228.6,45,82,4,1,1.0,228.6,3,0
401.03,381.32,31,74,11,2,3.0,381.32,3,0
653.46,542.88,33,56,2,0,0.0,542.88,3,3
564.96,491.61,38,63,13,3,4.0,1089.6666666666667,3,3
484.24,378.03,39,78,26,1,6.0,378.03,0,0
376.83,372.35,70,69,3,1,3.0,883.0,3,1
302.43,267.43,51,60,6,0,1.0,267.43,3,0
282.0,281.63,67,68,11,2,4.0,2317.0,3,1
208.8,182.67,67,57,8,3,1.0,1178.0,3,1
467.02,373.67,10,65,25,2,0.0,373.67,0,0
344.3,312.11,59,57,26,1,1.0,704.3333333333334,0,0
681.59,614.84,22,73,28,5,3.0,614.84,0,0
606.22,455.98,69,59,25,3,1.0,2782.0,1,1
848.18,799.12,7,55,28,5,5.0,799.12,0,0
475.47,394.34,58,74,16,2,4.0,394.34,0,0
194.44,172.37,60,64,19,1,3.0,1089.6666666666667,0,1
272.26,218.37,30,77,21,3,5.0,218.37,0,0
712.35,608.98,49,53,24,1,4.0,608.98,0,1
342.14,305.4,65,63,27,5,5.0,997.0,0,0
956.79,735.15,66,54,17,2,2.0,940.0,1,3
381.46,376.35,32,61,13,0,1.0,376.35,3,0
210.27,192.16,55,76,21,5,5.0,192.16,0,0
411.46,334.54,72,61,2,3,4.0,334.54,3,0
397.9,376.05,45,124,28,0,4.0,376.05,2,2
608.24,578.16,43,69,29,5,2.0,942.6666666666666,0,3
692.22,660.48,40,73,15,1,4.0,813.0,3,1
184.99,155.77,31,56,23,1,3.0,940.0,0,0
280.95,225.86,45,51,29,1,2.0,1089.6666666666667,0,1
232.46,194.36,73,62,29,3,6.0,1014.0,0,0
273.7,234.27,71,62,22,2,2.0,886.0,0,1
438.76,349.67,43,81,22,2,0.0,349.67,0,0
202.86,186.13,36,63,28,1,5.0,1184.0,0,0
182.53,147.77,55,69,8,1,0.0,147.77,3,0
1266.4,1173.43,20,59,17,2,2.0,1173.43,1,3
298.18,268.49,73,72,10,2,2.0,1178.0,3,1
820.04,809.95,69,63,8,1,3.0,809.95,3,3
320.59,320.18,58,64,21,5,3.0,320.18,0,0
783.19,735.43,47,101,26,3,2.0,940.0,2,2
393.69,329.37,56,61,29,3,2.0,329.37,0,0
470.99,412.98,62,66,12,2,2.0,412.98,3,0
794.74,647.21,58,61,6,3,9.0,647.21,3,3
1151.66,1139.32,44,62,8,2,8.0,1139.32,1,3
229.61,182.81,61,58,24,0,0.0,182.81,0,0
524.95,521.34,29,67,3,3,1.0,1089.6666666666667,3,3
674.14,536.42,41,73,13,2,2.0,704.3333333333334,3,3
831.31,691.16,10,64,4,1,7.0,691.16,3,3
223.99,219.93,62,67,25,1,5.0,219.93,0,0
1089.19,793.6,83,69,3,2,8.0,793.6,1,3
464.47,407.51,40,64,7,5,0.0,1049.0,3,3
568.14,522.91,43,78,29,1,3.0,522.91,0,0
438.18,366.23,63,60,5,2,2.0,1184.0,3,1
1325.03,1111.51,43,102,24,3,5.0,813.0,1,3
295.36,235.24,65,67,10,2,3.0,891.0,3,1
424.71,400.78,63,96,6,5,0.0,400.78,2,0
830.15,783.09,64,65,15,0,3.0,783.09,3,1
614.32,583.61,46,65,28,1,7.0,886.0,0,0
637.96,567.16,69,106,16,2,4.0,1014.0,2,2
323.57,174.5,66,74,2,5,3.0,174.5,3,0
983.04,917.43,51,64,25,2,1.0,940.0,1,3
1551.48,1378.7,25,60,4,5,3.0,704.3333333333334,1,3
194.53,169.31,50,60,15,1,3.0,942.6666666666666,0,1
267.78,252.87,61,73,17,1,4.0,1014.0,0,0
453.02,420.53,54,70,15,2,2.0,813.0,0,1
247.33,240.07,24,62,9,3,1.0,240.07,3,0
472.96,454.57,27,79,22,5,2.0,1322.0,0,0
340.75,315.26,55,56,18,1,2.0,1095.0,0,1
1073.21,839.97,24,74,8,2,1.0,940.0,1,3
1192.24,558.75,21,116,5,1,0.0,308.5,2,2
292.65,267.46,37,64,10,3,2.0,267.46,3,0
124.13,120.06,44,68,15,5,2.0,940.0,0,0
559.75,438.08,95,62,18,2,1.0,438.08,0,0
535.9,519.27,35,62,11,2,3.0,940.0,3,3
1342.76,1167.29,80,61,21,5,2.0,940.0,1,3
1715.79,1485.29,64,101,25,5,2.0,1095.0,1,3
923.71,507.26,71,64,0,5,2.0,1214.0,3,0
610.57,581.22,54,86,18,0,7.0,581.22,0,0
330.39,305.57,45,69,15,3,3.0,997.0,3,0
767.23,651.64,69,67,12,5,4.0,651.64,3,3
361.19,331.06,36,69,18,0,6.0,883.0,0,0
562.57,478.59,1,62,2,1,3.0,1410.0,3,3
326.84,247.58,27,60,3,0,6.0,247.58,3,0
394.89,311.07,66,49,3,5,3.0,311.07,3,0
207.38,185.8,23,74,20,5,3.0,813.0,0,0
361.17,290.83,24,68,24,5,1.0,704.3333333333334,0,0
277.14,250.32,45,73,18,1,1.0,1322.0,0,1
227.74,92.66,56,60,2,5,4.0,883.0,3,0
883.63,630.99,77,72,3,5,4.0,883.0,3,3
973.02,859.72,23,73,5,0,4.0,859.72,1,3
310.33,294.93,66,58,26,3,4.0,1766.0,0,1
335.84,299.96,43,107,9,0,6.0,704.3333333333334,2,2
135.05,123.08,47,58,29,5,1.0,123.08,0,0
363.0,338.9,43,49,2,5,2.0,338.9,3,0
519.3,432.17,37,66,9,1,4.0,883.0,3,0
426.62,331.32,50,66,6,3,4.0,331.32,3,0
736.7,602.52,53,71,16,2,2.0,602.52,0,3
357.93,269.26,34,123,14,5,3.0,1014.0,2,2
285.18,272.14,44,56,29,1,0.0,1014.0,0,1
205.03,164.53,77,71,19,0,4.0,164.53,0,0
429.18,325.43,52,94,25,0,9.0,325.43,2,0
323.45,290.74,35,63,4,2,1.0,290.74,3,0
382.26,303.8,43,66,26,1,1.0,1322.0,0,1
425.59,345.72,62,106,3,5,2.0,1049.0,2,0
247.02,199.19,32,78,29,0,2.0,199.19,0,0
656.99,546.56,59,68,15,2,5.0,813.0,3,0
968.9,898.85,70,84,12,0,2.0,898.85,1,1
1296.07,1079.52,47,58,19,2,5.0,1184.0,1,3
174.43,136.15,31,64,4,2,6.0,136.15,3,0
562.22,535.87,58,74,8,3,4.0,535.87,3,0
653.42,236.51,30,68,1,0,1.0,704.3333333333334,3,1
330.25,234.89,72,64,3,3,0.0,1178.0,3,1
255.62,212.24,41,83,3,5,2.0,212.24,3,0
341.73,269.18,70,78,24,2,4.0,269.18,0,0
1218.74,1202.94,53,76,27,3,2.0,886.0,1,3
255.49,195.44,45,66,9,0,3.0,886.0,3,0
662.84,656.39,30,69,24,3,3.0,656.39,0,1
318.02,268.89,50,62,8,2,7.0,268.89,3,0
320.1,253.25,53,61,17,0,1.0,886.0,0,1
186.37,157.94,53,77,13,2,3.0,1095.0,3,0
550.94,543.22,88,116,2,1,4.0,2317.0,2,1
461.87,351.0,27,64,22,5,3.0,351.0,0,0
344.97,293.4,52,82,18,2,3.0,1095.0,0,2
85.27,75.73,48,118,3,2,3.0,75.73,2,2
601.97,456.32,50,69,10,3,5.0,456.32,3,0
1472.13,1240.39,32,71,5,0,4.0,813.0,1,3
463.59,426.34,34,83,18,5,5.0,997.0,0,0
599.95,479.22,34,68,19,0,2.0,479.22,0,0
271.84,248.84,29,73,18,1,3.0,248.84,0,0
677.11,645.13,49,67,21,3,4.0,891.0,0,3
373.28,316.42,34,59,8,5,2.0,1095.0,3,0
536.53,509.81,56,76,2,1,3.0,813.0,3,3
240.45,220.27,56,69,9,1,4.0,1089.6666666666667,3,0
210.13,206.45,73,63,9,5,5.0,997.0,3,0
817.66,353.71,83,69,2,0,1.0,353.71,3,0
232.98,223.58,76,78,13,1,3.0,1361.0,3,0
311.95,296.71,61,74,29,5,6.0,296.71,0,0
191.73,156.46,47,65,20,0,4.0,1322.0,0,0
441.93,370.38,1,117,23,3,3.0,594.5,2,2
754.58,636.36,57,74,19,0,5.0,636.36,0,1
201.21,166.98,58,65,7,5,4.0,1095.0,3,0
1541.22,1317.85,36,53,14,5,3.0,1317.85,1,3
540.04,448.5,83,64,22,2,4.0,2782.0,1,1
509.17,400.64,41,65,18,5,4.0,891.0,0,0
594.48,539.65,53,56,17,2,5.0,539.65,0,0
247.78,207.51,28,72,13,3,2.0,1322.0,3,1
717.9,658.0,86,68,7,5,4.0,1766.0,1,0
223.14,177.02,47,47,25,0,3.0,177.02,0,0
1312.53,1103.47,51,71,20,3,0.0,1014.0,1,3
325.64,291.64,69,70,29,3,3.0,291.64,0,0
246.78,195.81,56,55,27,1,4.0,195.81,0,0
362.28,287.69,41,67,13,2,6.0,997.0,3,0
844.16,719.0,52,67,21,5,2.0,1095.0,0,3
1974.05,1931.64,83,81,6,2,2.0,1931.64,1,3
237.93,220.91,47,76,14,5,1.0,220.91,3,0
247.87,206.48,38,65,6,2,6.0,206.48,3,0
1115.51,881.85,64,66,6,2,5.0,881.85,1,3
277.14,153.54,71,47,0,0,2.0,1178.0,3,1
1240.79,1168.78,35,68,13,5,3.0,891.0,1,3
378.93,331.08,83,63,28,3,2.0,331.08,0,0
576.35,576.27,84,98,2,3,4.0,576.27,2,2
341.19,264.01,48,68,5,5,1.0,264.01,3,0
543.25,439.89,64,71,2,0,0.0,1184.0,3,1
2084.16,691.89,52,70,0,5,4.0,1095.0,1,3
288.82,251.54,26,65,24,3,2.0,1089.6666666666667,0,1
510.18,475.33,51,61,29,2,3.0,997.0,0,1
578.74,570.31,57,68,14,0,6.0,1312.0,3,0
577.12,499.79,84,60,21,3,3.0,1095.0,0,1
220.29,202.31,54,70,2,3,4.0,202.31,3,0
916.97,309.14,75,111,3,2,1.0,1458.0,2,2
587.73,468.45,50,68,28,5,2.0,468.45,0,0
1901.83,1345.4,39,49,0,3,1.0,1345.4,1,3
205.81,170.55,54,67,24,2,6.0,1014.0,0,0
213.52,178.82,51,67,20,2,1.0,178.82,0,0
828.35,738.88,31,91,17,5,2.0,883.0,2,2
760.05,588.31,87,59,5,1,1.0,1049.0,3,1
516.42,252.58,52,102,5,2,1.0,704.3333333333334,2,2
211.76,168.07,44,76,14,5,3.0,1184.0,3,0
2030.17,1848.04,33,73,22,3,3.0,942.6666666666666,1,3
1832.8,1582.7,25,64,15,3,2.0,1582.7,1,3
200.49,178.47,55,74,10,5,3.0,886.0,3,0
305.21,256.95,28,60,7,1,5.0,256.95,3,0
1523.66,1398.3,65,69,7,5,2.0,1398.3,1,3
761.16,738.64,38,59,26,5,1.0,738.64,0,3
1358.49,1327.47,68,75,2,0,2.0,1327.47,1,3
1130.11,956.13,69,60,12,1,4.0,1178.0,1,1
126.73,110.32,42,86,14,1,2.0,110.32,0,0
638.14,528.97,21,63,15,3,2.0,1049.0,3,1
368.74,253.6,57,60,6,3,2.0,253.6,3,0
286.42,231.36,57,48,19,2,2.0,231.36,0,0
1059.84,1035.91,43,45,24,2,0.0,1312.0,1,3
522.2,480.77,43,112,27,0,3.0,891.0,2,2
400.39,318.43,72,60,27,2,3.0,1214.0,0,1
352.64,319.65,41,60,3,0,4.0,704.3333333333334,3,0
384.45,313.19,78,49,8,5,1.0,313.19,3,0
712.4,690.56,40,71,2,2,1.0,942.6666666666666,3,3
713.92,598.55,59,56,29,0,2.0,598.55,0,1
423.58,397.53,74,78,2,5,0.0,397.53,3,0
505.74,482.01,74,67,29,2,0.0,1214.0,0,1
287.66,264.09,48,62,24,5,4.0,264.09,0,0
850.25,821.16,42,59,7,1,6.0,821.16,3,3
607.1,528.14,39,107,23,3,2.0,1095.0,2,2
418.09,314.03,53,75,13,2,5.0,997.0,3,0
1601.88,1346.87,51,76,14,0,3.0,1346.87,1,3
204.32,194.45,57,53,5,3,3.0,194.45,3,0
278.64,210.89,71,62,9,5,4.0,2317.0,3,0
157.48,136.61,36,62,4,1,5.0,136.61,3,0
348.29,267.86,38,68,15,2,4.0,267.86,0,0
749.88,729.61,39,52,11,1,4.0,729.61,3,3
336.55,282.76,29,65,6,2,3.0,282.76,3,0
969.94,743.12,23,114,14,5,3.0,1184.0,2,2
312.02,250.47,69,61,7,0,4.0,250.47,3,0
287.74,276.72,40,70,11,1,3.0,1089.6666666666667,3,0
717.94,378.97,20,113,4,3,2.0,378.97,2,2
362.23,298.76,41,60,11,5,1.0,298.76,3,0
529.6,446.11,30,78,12,3,2.0,1014.0,3,3
546.36,443.41,59,110,17,1,7.0,942.6666666666666,2,2
427.09,415.22,30,47,8,3,3.0,891.0,3,1
537.03,412.35,27,65,25,3,1.0,412.35,0,0
217.35,206.61,58,73,23,0,0.0,206.61,0,0
321.68,311.15,71,77,20,3,6.0,311.15,0,0
140.61,130.5,38,75,8,1,7.0,886.0,3,0
1248.64,1227.04,55,57,18,1,4.0,1227.04,1,3
555.05,535.96,19,70,22,0,1.0,535.96,0,1
423.45,325.82,55,67,27,1,3.0,1312.0,0,1
451.92,379.97,53,60,12,5,2.0,1089.6666666666667,3,0
330.69,260.91,20,69,9,3,4.0,260.91,3,0
361.36,215.25,63,57,3,2,2.0,215.25,3,0
926.85,742.12,46,78,21,3,3.0,942.6666666666666,1,3
268.0,235.21,28,73,22,1,6.0,235.21,0,0
400.24,360.52,31,67,11,1,6.0,942.6666666666666,3,0
258.93,252.59,34,64,13,1,2.0,252.59,3,0
2450.15,892.04,65,42,0,5,7.0,1178.0,1,3
799.2,496.63,78,55,4,5,3.0,2782.0,1,0
378.83,148.39,33,64,1,1,1.0,148.39,3,0
274.69,211.47,47,67,23,3,0.0,211.47,0,0
412.32,367.35,44,58,28,2,3.0,367.35,0,0
381.1,352.25,55,65,4,1,1.0,1089.6666666666667,3,1
1560.24,1356.53,39,63,13,5,3.0,997.0,1,3
690.68,639.16,51,67,10,3,3.0,639.16,3,3
266.6,264.88,46,63,10,1,1.0,1089.6666666666667,3,1
402.96,337.89,57,60,25,2,4.0,1322.0,0,0
884.5,775.08,65,70,18,2,1.0,1361.0,1,3
334.3,310.88,29,63,25,0,4.0,883.0,0,0
457.82,390.74,53,69,11,1,4.0,390.74,3,0
180.97,174.99,80,61,17,2,2.0,174.99,0,0
352.0,279.9,28,70,12,3,4.0,1312.0,3,0
763.92,720.47,34,80,25,3,1.0,813.0,0,1
385.9,383.9,9,65,25,0,4.0,383.9,0,0
580.02,575.72,37,79,23,1,5.0,575.72,0,0
220.83,181.74,15,54,5,5,1.0,997.0,3,0
550.35,525.33,56,66,19,1,1.0,1312.0,0,1
262.58,254.88,26,74,20,0,0.0,1322.0,0,1
573.33,556.98,72,80,24,3,2.0,886.0,0,1
489.33,411.44,86,100,7,5,4.0,997.0,2,0
927.84,771.79,32,66,23,2,1.0,771.79,0,1
855.95,586.43,50,70,4,0,2.0,940.0,3,3
700.12,656.66,29,63,3,1,5.0,1312.0,3,3
891.35,741.21,65,61,9,2,4.0,741.21,3,3
885.67,670.75,57,64,26,1,5.0,940.0,0,1
968.66,869.36,16,70,21,5,5.0,1273.0,1,3
819.12,799.49,47,67,16,1,3.0,799.49,1,3
432.98,376.09,20,64,17,2,6.0,376.09,0,0
817.93,691.82,55,68,9,0,2.0,813.0,3,3
383.85,381.15,36,60,10,1,1.0,381.15,3,0
904.56,856.97,47,51,6,0,4.0,308.5,3,3
169.18,151.01,78,69,4,0,1.0,1361.0,3,1
938.05,857.23,40,70,6,0,4.0,940.0,1,3
301.89,294.12,31,58,6,0,4.0,294.12,3,0
501.86,491.48,36,56,14,1,0.0,491.48,3,0
3624.82,1755.51,67,68,1,5,2.0,1755.51,1,3
595.82,595.47,78,66,15,5,2.0,1049.0,3,0
365.27,362.79,59,71,21,1,1.0,1049.0,0,1
520.3,466.27,61,66,27,5,5.0,466.27,0,0
1861.19,1365.98,53,62,5,5,1.0,1365.98,1,3
218.84,165.65,65,55,7,2,3.0,1458.0,3,1
408.57,323.38,54,64,6,3,1.0,886.0,3,1
375.06,373.33,57,61,10,5,2.0,1049.0,3,0
500.99,385.51,54,61,17,5,4.0,385.51,0,0
322.86,250.89,40,77,3,3,5.0,704.3333333333334,3,0
1237.33,944.52,29,63,2,1,3.0,891.0,1,3
421.06,415.15,29,54,17,1,5.0,1049.0,0,0
337.89,264.05,50,64,16,5,1.0,264.05,0,0
2784.16,1383.18,54,52,6,3,5.0,1383.18,1,3
577.29,539.21,40,55,18,3,5.0,1014.0,0,0
842.33,682.68,51,68,22,2,2.0,682.68,0,3
2749.48,1411.86,12,71,2,2,1.0,1411.86,1,3
419.09,359.4,32,100,8,5,3.0,359.4,2,2
472.66,430.02,50,64,23,1,2.0,430.02,0,0
356.42,305.61,61,72,22,0,5.0,305.61,0,0
223.97,186.78,48,60,13,2,5.0,186.78,3,0
727.43,661.54,25,59,18,1,0.0,813.0,0,1
537.02,527.39,25,67,4,5,5.0,1095.0,3,0
213.73,197.29,42,68,26,1,5.0,197.29,0,0
183.29,158.51,37,64,6,5,1.0,158.51,3,0
657.24,502.88,32,53,22,3,2.0,502.88,0,0
658.27,656.41,56,68,25,5,6.0,656.41,0,0
296.25,282.94,40,67,20,0,0.0,282.94,0,0
300.44,240.95,45,72,27,0,2.0,997.0,0,0
412.02,319.01,38,64,14,0,0.0,319.01,0,0
661.24,525.96,48,74,7,1,1.0,997.0,3,1
347.32,342.17,42,57,7,0,2.0,1014.0,3,1
1373.48,414.94,52,110,6,2,2.0,886.0,2,2
208.14,169.77,42,62,10,3,5.0,1049.0,3,0
399.48,361.61,37,56,2,2,2.0,361.61,3,0
484.91,455.78,68,56,12,0,5.0,455.78,3,0
270.14,264.99,71,55,26,2,5.0,2317.0,0,1
248.1,222.18,1,63,19,5,0.0,222.18,0,0
216.13,69.86,67,51,2,3,3.0,891.0,3,1
1260.76,1069.7,80,59,2,0,4.0,1766.0,1,1
385.48,377.53,80,64,2,1,5.0,377.53,3,0
435.18,405.74,70,57,10,0,5.0,405.74,3,0
949.95,814.91,51,105,11,5,4.0,704.3333333333334,2,3
416.35,400.52,44,59,20,0,0.0,1184.0,0,1
416.37,334.19,65,62,7,3,3.0,1178.0,3,0
944.82,794.87,64,71,3,1,7.0,794.87,3,3
421.52,358.94,68,63,5,5,2.0,886.0,3,1
325.85,293.05,52,66,10,0,4.0,883.0,3,0
229.82,208.2,54,62,8,2,1.0,208.2,3,0
158.81,141.3,48,55,16,2,2.0,1322.0,0,1
570.55,433.69,40,73,22,1,5.0,997.0,0,0
1643.51,1349.65,53,57,14,3,2.0,1349.65,1,3
134.43,120.11,64,90,28,1,5.0,997.0,0,2
724.19,562.77,45,51,21,2,3.0,891.0,0,1
130.05,99.35,62,73,4,0,3.0,308.5,3,0
278.96,216.08,54,77,11,3,3.0,216.08,3,0
957.18,803.21,53,64,2,1,2.0,803.21,3,3
2523.5,1241.81,23,119,4,2,1.0,1241.81,1,3
425.17,347.5,68,59,4,1,3.0,886.0,3,1
221.85,189.82,24,63,29,0,1.0,189.82,0,0
758.52,726.33,50,58,9,3,2.0,726.33,3,3
383.14,289.72,17,71,6,1,0.0,289.72,3,0
197.5,175.04,41,110,16,0,4.0,704.3333333333334,2,2
645.79,496.13,39,66,4,5,2.0,496.13,3,0
588.9,579.17,32,60,2,3,0.0,1049.0,3,3
958.29,457.36,26,109,0,2,3.0,1014.0,2,2
1171.66,599.67,58,88,5,5,3.0,1049.0,1,3
398.13,385.04,29,63,17,0,2.0,1014.0,0,1
1198.11,958.45,47,59,7,2,2.0,1312.0,1,3
395.23,328.04,39,91,21,3,7.0,328.04,2,0
794.83,734.59,75,59,12,3,2.0,734.59,3,1
293.13,257.66,87,69,6,5,5.0,257.66,3,0
2718.52,1133.57,63,70,0,5,3.0,883.0,1,3
221.62,167.16,46,115,13,0,2.0,167.16,2,2
505.85,439.89,53,62,5,0,1.0,439.89,3,0
527.22,484.59,44,68,21,5,0.0,886.0,0,3
924.09,767.45,64,71,29,3,0.0,767.45,0,3
770.17,581.71,40,73,15,3,3.0,997.0,3,3
265.23,211.25,30,78,5,3,1.0,211.25,3,0
586.76,515.11,50,66,27,3,2.0,997.0,0,1
800.04,734.28,41,110,22,0,7.0,734.28,2,2
565.52,463.42,42,65,15,2,0.0,1089.6666666666667,0,3
246.22,185.29,56,68,9,3,5.0,1184.0,3,0
224.07,207.24,48,64,5,0,3.0,1095.0,3,1
634.42,574.73,72,68,14,0,0.0,1987.0,1,1
1363.61,1071.79,43,112,1,1,5.0,1071.79,2,2
230.57,221.85,47,60,20,3,6.0,1184.0,0,0
606.16,260.07,28,74,4,1,5.0,260.07,3,0
1561.72,1360.26,59,60,4,3,1.0,813.0,1,3
749.86,621.07,66,69,6,1,5.0,621.07,3,3
1955.66,1661.15,64,79,27,5,1.0,1661.15,1,3
1249.08,999.91,42,70,26,1,4.0,1014.0,1,3
736.46,658.38,61,59,11,1,6.0,891.0,3,3
189.27,144.53,28,83,19,1,5.0,144.53,0,0
387.08,350.01,34,64,24,1,1.0,1184.0,0,1
395.25,137.68,29,63,1,1,1.0,137.68,3,0
95.23,86.92,86,67,5,3,1.0,86.92,3,0
810.29,346.61,48,58,2,0,2.0,346.61,3,3
862.28,778.09,68,104,7,3,3.0,778.09,2,3
874.19,804.29,61,64,12,0,5.0,1312.0,1,1
384.45,359.85,60,79,20,3,1.0,359.85,0,0
1397.83,1177.79,57,67,14,2,4.0,1089.6666666666667,1,3
1980.73,1843.9,44,74,23,5,1.0,308.5,1,3
248.92,207.59,65,60,24,2,4.0,207.59,0,0
648.01,588.16,83,64,11,0,2.0,588.16,3,1
1359.47,671.94,60,62,2,5,2.0,886.0,1,3
387.55,320.81,72,68,3,1,1.0,883.0,3,1
558.89,457.45,38,61,21,3,5.0,457.45,0,0
787.85,674.66,40,62,25,0,1.0,674.66,0,1
723.3,689.63,39,56,13,5,2.0,1184.0,3,3
440.18,351.8,62,65,2,2,1.0,813.0,3,1
653.98,644.56,60,68,16,1,4.0,644.56,0,1
660.19,650.84,25,57,13,1,5.0,650.84,3,3
705.1,630.7,39,66,9,2,4.0,630.7,3,3
1696.06,1079.39,41,123,5,1,3.0,1079.39,2,3
807.12,676.28,44,61,6,0,1.0,676.28,3,3
165.67,147.36,42,61,11,2,2.0,1312.0,3,1
722.4,266.24,63,63,0,5,3.0,266.24,3,0
268.4,233.86,62,63,25,5,5.0,1089.6666666666667,0,0
272.25,209.04,56,75,21,0,2.0,1089.6666666666667,0,1
327.92,284.89,51,70,25,1,1.0,940.0,0,1
522.75,459.49,49,80,4,5,0.0,1095.0,3,0
693.46,632.54,43,59,4,2,2.0,997.0,3,3
301.46,279.42,50,71,7,5,3.0,279.42,3,0
321.32,293.56,34,65,28,3,5.0,293.56,0,0
461.45,356.91,26,58,4,0,3.0,886.0,3,0
1056.51,356.48,74,60,5,1,6.0,356.48,3,3
308.35,294.74,59,66,17,3,0.0,813.0,0,1
990.05,860.27,70,70,21,5,4.0,860.27,1,3
418.15,366.06,68,63,28,1,3.0,1014.0,0,1
572.28,449.14,57,58,28,2,3.0,449.14,0,0
143.71,109.06,55,71,11,5,4.0,1049.0,3,0
495.09,445.88,36,60,22,0,3.0,1049.0,0,0
1231.73,1025.06,27,66,9,1,2.0,1095.0,1,3
309.99,297.82,53,64,18,2,3.0,297.82,0,0
198.63,166.24,51,88,4,3,1.0,166.24,3,0
470.7,357.6,56,57,29,3,3.0,1014.0,0,1
396.15,358.21,87,61,21,2,3.0,358.21,0,0
908.97,763.55,66,79,23,2,4.0,763.55,0,3
734.54,585.86,52,72,0,3,7.0,308.5,3,3
514.24,492.95,54,62,7,0,4.0,492.95,3,3
680.22,588.83,22,63,21,1,1.0,886.0,0,1
565.19,533.47,37,52,28,5,5.0,533.47,0,0
275.79,209.28,63,54,18,3,4.0,209.28,0,0
1453.99,1262.43,95,62,27,1,0.0,1262.43,1,1
534.65,522.94,47,76,15,2,2.0,522.94,0,0
298.29,295.72,95,65,17,2,2.0,2317.0,0,1
387.02,255.6,79,69,4,3,5.0,940.0,3,0
3437.05,2134.4,55,109,6,2,0.0,2134.4,1,3
195.5,156.26,55,54,11,5,1.0,1322.0,3,0
151.32,149.42,71,70,16,0,2.0,149.42,0,0
188.09,163.2,57,107,16,5,4.0,163.2,2,2
463.93,398.46,47,54,10,5,1.0,883.0,3,0
967.09,943.34,38,59,2,1,4.0,943.34,1,3
924.51,842.74,62,100,29,3,2.0,886.0,2,2
452.4,372.17,65,76,4,3,5.0,372.17,3,0
488.07,372.09,62,57,18,5,1.0,372.09,0,0
608.32,588.74,49,69,12,5,2.0,1014.0,3,3
494.0,432.29,49,74,17,3,3.0,997.0,0,1
1739.47,1495.25,66,63,16,2,4.0,886.0,1,3
90.26,74.07,66,66,14,3,0.0,883.0,3,1
176.56,155.43,29,64,4,1,5.0,155.43,3,0
1401.65,1201.24,29,61,27,2,5.0,886.0,1,3
404.31,345.89,37,55,5,1,3.0,1322.0,3,1
319.05,303.55,37,67,7,0,6.0,303.55,3,0
514.08,476.85,25,88,14,1,0.0,883.0,2,1
837.45,654.8,45,76,2,5,3.0,1184.0,3,3
581.93,483.85,35,57,11,2,1.0,483.85,3,0
317.26,271.66,61,57,13,2,8.0,891.0,3,0
706.64,559.18,43,67,26,5,4.0,559.18,0,0
222.44,192.61,54,56,16,3,1.0,192.61,0,0
408.4,384.35,62,65,7,0,3.0,384.35,3,0
234.97,234.68,51,68,23,5,4.0,1184.0,0,0
355.93,309.62,24,120,14,1,1.0,1095.0,2,2
1771.0,1431.91,70,66,16,2,3.0,1431.91,1,3
460.55,422.09,17,131,5,0,1.0,1049.0,2,2
701.63,693.88,40,107,23,3,1.0,693.88,2,2
464.8,449.64,75,69,16,5,4.0,891.0,3,0
318.88,297.77,58,64,8,2,5.0,297.77,3,0
315.74,304.71,53,66,3,1,6.0,891.0,3,0
403.68,367.61,42,50,25,1,6.0,367.61,0,0
269.25,249.82,45,62,16,2,4.0,249.82,0,0
696.82,585.12,52,68,11,1,1.0,585.12,3,3
844.23,837.61,49,64,21,0,7.0,1049.0,1,1
171.09,143.06,71,69,20,0,4.0,997.0,0,1
689.41,577.54,44,67,6,1,5.0,577.54,3,3
1114.43,1109.69,48,68,4,5,6.0,1109.69,1,3
128.55,100.52,52,72,7,2,3.0,100.52,3,0
337.13,304.32,49,67,18,0,7.0,304.32,0,0
183.76,152.7,75,57,16,1,5.0,883.0,0,0
209.07,183.49,36,53,2,1,6.0,183.49,3,0
601.9,537.59,44,65,16,0,2.0,942.6666666666666,0,1
498.75,438.74,51,62,13,0,4.0,942.6666666666666,3,0
914.4,773.6,27,58,8,0,2.0,891.0,3,3
428.84,409.64,50,63,29,2,4.0,409.64,0,0
790.51,722.35,59,67,8,2,2.0,940.0,3,1
232.17,224.15,44,63,20,3,2.0,224.15,0,0
1698.63,1333.69,35,114,21,0,4.0,1333.69,1,3
469.91,355.32,38,53,24,5,2.0,355.32,0,0
950.34,753.61,28,117,11,3,1.0,753.61,2,2
334.86,262.08,37,71,6,2,1.0,813.0,3,1
293.13,262.14,57,71,8,5,3.0,262.14,3,0
742.8,563.49,61,58,23,1,2.0,942.6666666666666,0,1
393.83,351.05,35,73,3,1,3.0,942.6666666666666,3,0
275.05,241.77,62,63,17,5,2.0,241.77,0,0
146.85,122.15,68,61,22,3,4.0,122.15,0,0
1033.16,942.24,10,125,7,2,3.0,381.0,2,2
760.14,739.07,39,70,8,2,2.0,1312.0,3,3
297.16,279.76,51,67,5,3,4.0,308.5,3,0
1092.71,916.24,74,59,28,5,2.0,2317.0,1,1
706.95,593.8,27,66,4,2,4.0,1322.0,3,3
889.13,792.35,75,59,18,1,0.0,792.35,1,1
807.2,779.58,65,78,19,2,2.0,1095.0,1,3
461.94,451.72,74,73,14,3,1.0,451.72,3,0
747.81,681.62,61,56,11,1,1.0,883.0,3,3
497.63,432.28,41,63,19,5,1.0,432.28,0,3
591.48,577.55,33,62,17,0,5.0,1049.0,0,0
662.08,588.85,22,68,21,0,2.0,588.85,0,1
1944.82,1642.23,26,74,20,5,5.0,1322.0,1,3
323.08,296.62,56,115,6,1,0.0,296.62,2,2
426.8,353.06,52,64,9,0,4.0,353.06,3,0
1577.26,778.73,82,107,0,0,2.0,778.73,2,2
390.85,309.39,59,73,26,5,4.0,309.39,0,0
303.99,271.88,59,63,19,3,1.0,891.0,0,1
416.31,356.99,89,116,27,3,5.0,356.99,2,2
1163.69,1069.21,46,76,11,5,2.0,704.3333333333334,1,3
761.84,705.38,52,59,29,5,0.0,705.38,0,3
112.54,95.99,49,62,5,2,3.0,95.99,3,0
368.42,337.45,28,67,15,3,2.0,813.0,0,0
336.82,314.65,48,82,27,1,0.0,314.65,0,0
447.63,417.38,46,48,20,2,5.0,417.38,0,0
1048.38,888.18,48,75,27,0,4.0,1322.0,1,1
419.18,345.82,23,65,6,5,1.0,345.82,3,0
1126.91,976.84,49,71,9,1,3.0,940.0,1,3
144.77,114.62,63,67,26,3,1.0,114.62,0,0
566.22,515.88,47,62,5,1,3.0,515.88,3,0
711.21,660.23,63,64,13,0,8.0,660.23,3,0
577.94,574.32,59,71,13,3,2.0,1095.0,3,0
344.94,305.31,49,68,22,1,5.0,305.31,0,0
160.06,133.87,33,62,28,3,1.0,133.87,0,0
327.09,311.65,40,77,18,5,1.0,311.65,0,0
112.58,99.89,46,78,26,5,0.0,1089.6666666666667,0,1
317.09,244.19,46,71,4,3,4.0,704.3333333333334,3,0
758.61,634.61,37,69,23,2,3.0,634.61,0,0
462.85,380.03,72,68,7,5,3.0,883.0,3,0
472.01,382.67,50,68,9,2,3.0,813.0,3,1
580.52,467.04,64,57,23,3,3.0,467.04,0,0
195.51,193.63,6,63,26,0,4.0,883.0,0,0
407.51,358.68,89,66,19,2,1.0,2317.0,0,1
621.54,607.71,90,79,21,2,4.0,1178.0,0,1
2063.19,1028.37,47,56,4,3,3.0,997.0,1,3
175.04,154.45,76,55,18,5,3.0,154.45,0,0
704.63,680.79,62,67,9,5,2.0,680.79,3,3
260.2,246.1,51,65,11,2,5.0,891.0,3,0
775.69,505.21,43,71,6,1,2.0,886.0,3,3
768.79,377.99,71,67,6,5,3.0,377.99,3,0
391.46,359.53,47,127,20,3,3.0,1322.0,2,2
287.68,279.75,66,64,19,0,5.0,279.75,0,0
356.83,163.41,23,61,1,5,0.0,1049.0,3,0
604.78,550.21,57,59,8,2,8.0,1089.6666666666667,3,0
514.83,440.78,42,72,20,3,2.0,886.0,0,1
708.1,632.51,14,109,20,3,5.0,1014.0,2,2
593.93,464.34,57,89,4,5,2.0,1095.0,3,0
88.19,72.34,49,102,20,1,5.0,72.34,2,0
1164.13,876.08,66,84,20,0,4.0,997.0,1,1
397.78,342.44,60,56,2,1,2.0,704.3333333333334,3,0
728.73,689.81,41,62,26,1,6.0,1014.0,0,0
244.0,215.83,26,77,18,0,4.0,215.83,0,0
653.64,541.95,57,65,12,1,3.0,541.95,3,1
1241.57,1108.41,39,53,16,1,1.0,1108.41,1,3
157.41,123.9,60,74,14,0,2.0,123.9,0,0
389.01,372.71,23,57,21,3,3.0,372.71,0,0
233.5,186.43,46,80,29,3,1.0,186.43,0,0
733.22,593.5,40,60,6,2,2.0,513.0,3,3
645.78,601.26,41,62,14,5,2.0,601.26,3,3
236.33,216.96,83,60,26,3,6.0,216.96,0,0
658.79,613.19,39,55,9,3,0.0,613.19,3,3
147.53,123.84,55,72,7,3,4.0,123.84,3,0
208.38,203.31,28,54,15,1,5.0,704.3333333333334,0,0
1045.41,809.54,52,71,7,1,3.0,809.54,1,3
493.53,410.5,77,64,26,5,0.0,886.0,0,1
811.13,770.21,60,65,3,2,5.0,813.0,3,3
1030.47,920.2,15,54,27,0,4.0,1273.0,1,3
1463.65,1289.1,35,76,21,5,1.0,1289.1,1,3
203.03,200.64,30,54,10,3,4.0,1049.0,3,0
342.13,318.2,85,70,24,2,5.0,318.2,0,0
814.98,625.75,29,77,7,0,4.0,886.0,3,3
185.46,150.63,63,60,24,3,1.0,942.6666666666666,0,1
425.5,420.67,95,61,11,2,4.0,420.67,3,0
2509.72,1659.27,29,56,2,1,5.0,942.6666666666666,1,3
383.35,353.97,27,58,24,3,7.0,353.97,0,0
573.55,492.31,24,54,8,0,2.0,1095.0,3,1
288.79,261.51,57,48,2,5,5.0,261.51,3,0
248.37,231.18,58,71,21,0,2.0,231.18,0,0
378.13,346.08,57,56,28,2,3.0,704.3333333333334,0,0
585.12,561.14,82,75,24,0,0.0,997.0,0,1
750.25,571.51,45,77,2,0,5.0,891.0,3,3
623.52,598.92,28,64,11,1,2.0,891.0,3,3
558.5,499.03,51,71,3,3,1.0,940.0,3,1
455.42,399.03,48,59,28,3,4.0,940.0,0,1
390.43,382.19,45,74,21,3,1.0,382.19,0,0
701.58,591.63,75,67,17,1,2.0,591.63,0,1
259.22,244.17,62,68,2,5,4.0,942.6666666666666,3,0
1220.52,760.81,40,111,6,5,2.0,813.0,2,2
165.77,137.56,29,102,24,5,4.0,1089.6666666666667,2,2
794.33,694.4,46,66,7,2,3.0,694.4,3,3
190.6,143.9,56,58,2,1,3.0,891.0,3,1
485.94,410.88,66,65,23,3,3.0,2317.0,0,1
1381.72,1246.59,67,70,10,1,1.0,891.0,1,3
1040.79,916.65,33,61,25,1,4.0,916.65,1,3
314.45,285.8,68,62,2,5,1.0,886.0,3,1
763.1,639.81,73,71,19,2,3.0,997.0,0,1
552.26,542.11,52,70,6,5,5.0,886.0,3,0
207.05,199.74,51,48,19,3,4.0,199.74,0,0
190.15,184.04,25,64,26,2,3.0,184.04,0,0
216.39,186.44,42,72,15,1,4.0,813.0,0,0
1651.64,707.54,44,66,1,0,3.0,707.54,1,3
593.83,453.5,58,75,2,0,3.0,1089.6666666666667,3,3
333.26,274.86,49,63,27,0,1.0,1014.0,0,1
398.76,340.27,42,68,21,5,3.0,340.27,0,0
304.71,298.11,95,70,24,2,2.0,1361.0,0,1
513.81,466.96,69,66,23,1,4.0,466.96,0,0
1098.12,904.07,55,54,21,3,0.0,904.07,1,3
166.03,152.72,66,73,20,5,3.0,152.72,0,0
99.2,90.38,75,80,7,5,4.0,90.38,3,0
638.22,581.1,14,70,21,1,1.0,381.0,0,1
839.94,747.12,85,61,12,0,2.0,891.0,3,1
562.38,547.78,42,55,22,1,3.0,886.0,0,1
476.9,438.24,64,43,10,5,3.0,813.0,3,0
308.19,237.63,62,60,2,3,2.0,237.63,3,0
461.7,377.87,50,82,27,2,5.0,377.87,0,0
810.39,765.83,30,112,16,1,4.0,813.0,2,2
793.16,750.99,50,70,18,5,6.0,750.99,0,0
494.64,468.4,35,69,16,2,1.0,468.4,0,0
160.02,150.89,62,68,20,0,2.0,150.89,0,0
427.5,351.07,44,79,23,5,3.0,351.07,0,0
629.52,555.3,30,64,22,1,1.0,555.3,0,1
187.43,149.7,83,63,18,2,4.0,1095.0,0,1
550.75,449.95,33,68,22,2,4.0,449.95,0,0
168.39,65.8,35,66,1,1,5.0,1312.0,3,0
559.06,528.85,55,67,13,2,3.0,1184.0,3,1
908.19,798.34,47,62,2,3,2.0,704.3333333333334,3,3
596.74,495.71,66,56,23,5,3.0,997.0,0,0
224.91,205.84,60,75,20,3,2.0,205.84,0,0
252.39,216.97,74,72,25,2,2.0,216.97,0,0
591.57,580.38,55,64,24,0,4.0,580.38,0,1
363.31,329.74,35,57,25,0,3.0,329.74,0,0
304.04,229.31,43,57,25,0,3.0,229.31,0,0
642.12,618.93,20,70,18,2,5.0,1184.0,0,0
326.58,270.43,30,70,4,2,7.0,270.43,3,0
1181.93,1149.77,78,55,19,5,3.0,1014.0,1,3
387.6,327.56,73,77,10,0,1.0,1361.0,3,1
318.96,251.9,52,55,2,3,4.0,251.9,3,0
2542.66,1290.55,32,51,1,1,6.0,1290.55,1,3
254.75,225.27,48,71,4,2,2.0,704.3333333333334,3,1
865.36,819.39,39,63,25,3,2.0,1322.0,1,3
1049.94,964.26,41,58,2,0,2.0,964.26,1,3
663.14,572.28,65,73,14,0,3.0,1458.0,3,1
1810.12,1735.85,44,62,7,5,3.0,1735.85,1,3
284.32,272.68,44,48,13,2,4.0,940.0,3,0
1812.41,1245.27,34,70,1,5,0.0,1245.27,1,3
724.26,632.84,76,69,29,0,3.0,1987.0,0,1
1148.73,1111.3,46,54,19,2,2.0,1111.3,1,3
367.51,313.32,44,70,27,1,4.0,1089.6666666666667,0,0
716.77,554.48,59,73,12,5,4.0,813.0,3,3
156.82,136.87,44,69,22,5,7.0,813.0,0,0
392.79,233.17,47,65,1,2,3.0,233.17,3,0
279.74,234.25,43,119,7,2,2.0,234.25,2,2
211.17,191.29,51,71,9,5,4.0,883.0,3,0
398.1,365.12,42,78,4,0,5.0,365.12,3,0
356.75,315.99,70,80,8,1,3.0,315.99,3,0
517.29,511.58,46,59,4,0,0.0,886.0,3,1
440.01,418.34,77,68,20,0,2.0,418.34,0,0
270.39,225.95,48,73,24,3,3.0,1095.0,0,0
374.62,315.57,7,82,29,3,6.0,315.57,0,0
946.99,860.42,59,70,16,0,6.0,860.42,1,1
333.24,317.03,20,64,14,3,2.0,317.03,3,0
1435.06,1225.57,35,60,6,1,4.0,891.0,1,3
366.26,312.7,25,75,16,5,1.0,312.7,0,0
312.38,248.0,50,69,7,2,3.0,1089.6666666666667,3,1
704.96,657.65,63,69,29,5,5.0,657.65,0,0
186.94,167.68,64,124,14,1,3.0,813.0,2,2
390.04,126.39,63,83,1,2,4.0,126.39,3,0
402.83,303.34,67,73,14,2,4.0,1049.0,3,0
430.77,349.61,52,64,24,0,5.0,883.0,0,0
598.69,595.69,42,56,13,5,3.0,891.0,3,3
395.08,384.51,52,58,24,3,3.0,883.0,0,1
369.96,304.35,44,57,16,2,3.0,304.35,0,0
579.8,474.01,10,79,29,0,4.0,474.01,0,0
296.21,232.39,48,62,25,2,0.0,232.39,0,0
301.25,281.39,20,62,29,2,4.0,891.0,0,0
321.11,284.15,36,68,23,1,9.0,284.15,0,0
242.78,189.97,31,60,24,0,5.0,997.0,0,0
1128.88,1127.89,64,64,20,2,2.0,1127.89,1,3
154.86,136.87,50,75,6,1,2.0,891.0,3,1
997.94,973.88,56,68,7,2,3.0,973.88,1,3
1803.68,1763.37,59,60,22,5,3.0,1184.0,1,3
271.57,219.31,90,68,13,2,2.0,219.31,3,0
477.58,360.35,28,76,9,1,4.0,1089.6666666666667,3,0
275.7,241.78,34,63,10,1,2.0,940.0,3,1
966.93,825.38,50,60,29,0,6.0,825.38,0,1
477.51,426.75,52,57,23,1,3.0,1089.6666666666667,0,1
663.59,605.18,56,81,26,0,2.0,1184.0,0,1
1031.14,985.0,46,66,10,3,4.0,985.0,1,3
516.32,394.52,50,67,26,5,5.0,394.52,0,0
507.01,417.05,1,74,6,2,5.0,886.0,3,3
326.03,298.7,20,62,14,2,3.0,298.7,0,0
296.89,262.93,62,60,11,0,5.0,262.93,3,0
1213.05,1086.34,57,70,27,5,3.0,1014.0,1,3
437.22,412.42,34,77,17,0,7.0,412.42,0,0
451.95,367.11,38,64,29,5,3.0,367.11,0,0
2251.38,1985.63,39,53,8,3,4.0,1312.0,1,3
740.1,660.94,42,75,8,0,3.0,660.94,3,3
353.1,338.44,44,65,3,0,3.0,997.0,3,1
271.53,216.86,13,62,21,3,2.0,883.0,0,0
135.62,103.67,43,66,11,3,3.0,942.6666666666666,3,1
342.13,306.46,40,70,6,2,0.0,306.46,3,0
1336.8,1133.19,52,58,18,3,2.0,1089.6666666666667,1,3
1296.17,1134.01,75,76,29,5,6.0,1134.01,1,3
393.0,352.18,60,80,12,5,2.0,1184.0,3,0
358.28,307.86,56,50,9,0,4.0,942.6666666666666,3,0
763.85,639.45,23,75,26,0,2.0,639.45,0,1
352.87,267.54,66,71,8,5,7.0,1458.0,3,0
866.63,844.19,41,65,15,1,3.0,1095.0,1,3
558.35,505.01,20,72,21,5,2.0,1322.0,0,0
629.65,397.28,64,69,3,5,3.0,1095.0,3,0
153.24,116.94,35,62,8,1,6.0,116.94,3,0
662.64,536.09,56,129,4,5,3.0,536.09,2,2
219.0,189.12,28,61,3,0,2.0,189.12,3,0
733.11,686.16,19,65,7,3,3.0,1049.0,3,3
699.07,527.86,65,67,14,5,2.0,886.0,3,3
187.94,164.52,20,71,23,1,1.0,164.52,0,0
200.58,174.08,61,76,18,0,4.0,1322.0,0,0
673.72,573.29,38,55,24,2,9.0,1089.6666666666667,0,0
948.39,676.74,31,111,1,2,1.0,1014.0,2,2
441.45,434.93,33,62,2,0,4.0,308.5,3,0
712.84,680.37,77,80,10,1,1.0,680.37,3,1
586.68,500.97,42,70,18,3,3.0,500.97,0,0
507.54,399.23,43,57,3,2,5.0,813.0,3,0
466.73,459.66,79,70,10,2,3.0,459.66,3,0
215.21,194.46,39,63,23,2,7.0,813.0,0,0
654.74,556.07,10,72,29,0,0.0,594.5,0,1
478.79,423.18,10,45,9,2,1.0,1049.0,3,1
496.87,462.07,20,59,16,2,0.0,462.07,0,0
1261.57,493.58,85,68,2,2,1.0,997.0,3,1
500.28,487.02,62,68,24,2,3.0,487.02,0,0
1074.95,1062.04,66,81,16,3,5.0,1062.04,1,3
252.94,226.74,68,70,14,2,3.0,1361.0,3,0
302.83,230.9,15,73,15,5,3.0,1260.0,3,3
202.31,193.72,42,71,16,2,3.0,193.72,0,0
115.44,99.23,66,71,28,1,2.0,1049.0,0,1
669.66,546.5,77,63,27,3,1.0,546.5,0,0
679.42,621.18,53,65,9,0,0.0,621.18,3,3
588.16,488.0,56,67,26,1,5.0,488.0,0,0
511.04,396.6,82,68,6,1,3.0,396.6,3,0
441.34,335.86,72,70,3,5,0.0,335.86,3,0
876.73,853.08,21,49,2,5,5.0,853.08,3,3
829.33,779.38,46,92,2,5,1.0,942.6666666666666,2,0
695.6,671.05,37,75,24,1,3.0,1184.0,0,0
1708.62,1629.87,56,61,9,0,4.0,1089.6666666666667,1,3
478.68,451.58,35,58,5,1,2.0,1322.0,3,1
431.25,343.05,1,65,27,2,2.0,883.0,0,0
717.34,352.46,57,64,2,0,5.0,352.46,3,3
744.89,678.34,58,58,2,3,4.0,813.0,3,3
473.24,429.02,55,65,26,3,3.0,429.02,0,0
283.96,274.75,73,59,25,1,3.0,1095.0,0,1
719.53,672.21,42,47,26,0,3.0,672.21,0,1
803.73,752.49,85,50,7,1,1.0,752.49,3,1
559.01,454.77,27,72,15,2,2.0,454.77,0,0
241.85,186.72,29,61,11,0,0.0,813.0,3,1
401.37,338.94,44,60,25,0,3.0,338.94,0,0
286.96,259.35,64,61,13,1,1.0,891.0,3,1
381.34,293.05,74,63,12,2,3.0,293.05,3,0
223.61,170.93,14,62,24,3,1.0,891.0,0,0
788.46,657.78,46,74,28,0,2.0,657.78,0,1
434.19,329.33,37,69,24,1,2.0,329.33,0,0
528.46,460.5,79,69,19,5,4.0,460.5,0,0
616.34,520.62,9,65,15,2,2.0,940.0,0,3
599.35,529.29,55,59,22,5,5.0,529.29,0,0
404.76,338.54,44,70,26,1,3.0,338.54,0,0
579.63,440.82,28,51,20,3,5.0,440.82,0,0
484.58,439.48,39,68,15,5,4.0,439.48,3,0
917.7,751.99,51,52,2,3,3.0,751.99,3,3
228.01,188.01,44,57,29,3,4.0,188.01,0,0
261.92,201.41,55,116,5,5,5.0,201.41,2,2
473.33,368.29,52,59,20,3,5.0,891.0,0,0
142.39,135.91,23,72,18,1,0.0,1014.0,0,1
197.63,165.42,59,121,20,5,4.0,308.5,2,2
137.48,110.64,28,77,19,2,3.0,110.64,0,0
589.13,463.63,61,60,27,1,4.0,463.63,0,0
392.4,369.86,37,69,10,2,4.0,1089.6666666666667,3,0
317.44,249.07,56,72,7,1,4.0,704.3333333333334,3,0
336.4,176.52,85,62,2,0,3.0,940.0,3,1
417.73,417.58,68,70,27,0,3.0,417.58,0,0
334.25,323.17,48,50,28,1,4.0,323.17,0,0
537.09,445.0,39,110,19,2,4.0,445.0,2,2
273.92,265.77,58,92,20,1,1.0,813.0,2,2
769.05,639.08,60,69,17,0,4.0,639.08,0,1
411.64,333.6,52,64,28,3,3.0,333.6,0,0
739.54,661.22,48,58,8,1,4.0,661.22,3,3
126.0,104.98,71,56,29,1,4.0,104.98,0,0
821.44,677.39,52,68,10,0,1.0,997.0,3,3
194.22,161.17,40,70,19,1,2.0,161.17,0,0
239.95,218.8,1,82,19,1,1.0,891.0,0,1
464.75,410.92,52,62,29,1,1.0,891.0,0,1
305.06,262.53,62,61,12,2,3.0,1312.0,3,1
288.2,221.53,33,55,9,1,5.0,1312.0,3,0
313.8,302.02,67,67,27,3,2.0,1458.0,0,1
575.96,535.09,44,72,9,1,3.0,1049.0,3,3
1355.59,1290.23,24,69,5,3,4.0,1290.23,1,3
202.44,183.06,47,60,9,3,0.0,813.0,3,1
430.72,361.63,33,63,12,2,2.0,361.63,3,0
247.86,236.41,62,68,14,5,5.0,236.41,3,0
1261.64,1094.84,65,65,4,5,4.0,1094.84,1,3
365.9,309.61,46,58,20,1,4.0,1095.0,0,0
1395.08,630.04,80,73,4,0,0.0,630.04,1,1
1966.56,1501.41,43,71,16,0,6.0,1089.6666666666667,1,3
849.1,720.45,50,59,12,5,2.0,1312.0,1,3
245.56,192.58,73,66,15,1,0.0,192.58,0,0
496.65,414.44,34,74,2,1,1.0,1322.0,3,1
557.13,536.63,79,63,13,2,0.0,1014.0,3,1
327.23,313.31,63,61,25,0,4.0,1322.0,0,1
241.88,204.52,58,82,3,0,0.0,204.52,3,0
161.78,131.99,38,59,15,1,7.0,131.99,0,0
152.46,125.37,56,52,16,3,3.0,1184.0,0,0
253.74,247.56,31,71,5,2,3.0,1095.0,3,0
698.46,586.15,73,64,23,0,3.0,1987.0,0,1
353.5,344.64,54,80,16,0,1.0,1322.0,0,1
407.56,340.29,54,130,8,2,2.0,1322.0,2,2
466.77,405.73,80,74,20,0,6.0,405.73,0,0
286.8,276.72,60,55,27,1,3.0,1095.0,0,1
563.02,486.0,36,61,13,5,6.0,1322.0,3,0
434.54,422.38,74,65,12,3,1.0,422.38,3,0
1044.43,1038.02,45,115,8,2,3.0,1038.02,2,3
467.49,366.78,83,62,12,5,2.0,366.78,3,0
823.3,672.68,47,65,12,3,5.0,886.0,3,3
252.93,214.4,28,67,9,1,3.0,214.4,3,0
787.93,671.32,79,68,25,5,2.0,671.32,0,3
645.49,606.29,74,58,3,2,4.0,606.29,3,0
433.53,420.68,33,69,15,3,2.0,420.68,0,0
321.74,306.48,63,61,6,5,1.0,306.48,3,0
208.41,208.36,56,75,18,5,3.0,813.0,0,0
1196.42,942.61,37,69,1,2,5.0,942.61,1,3
503.56,423.19,85,64,11,3,6.0,997.0,3,0
305.52,271.99,36,45,21,2,3.0,886.0,0,0
835.23,815.02,45,59,20,3,5.0,815.02,0,0
787.31,631.05,27,64,16,2,3.0,631.05,0,1
335.22,280.06,53,76,16,0,0.0,280.06,0,0
116.88,111.67,73,48,16,1,3.0,111.67,0,0
956.82,842.11,55,63,28,3,3.0,997.0,1,3
574.02,552.78,35,60,9,5,3.0,1312.0,3,3
2103.76,1488.43,42,65,6,1,3.0,1488.43,1,3
602.97,531.9,16,71,9,5,4.0,1086.5,3,3
294.54,274.92,61,60,28,0,0.0,274.92,0,0
229.14,218.96,33,64,18,3,3.0,1089.6666666666667,0,0
882.98,389.17,60,61,0,1,4.0,389.17,3,3
513.31,417.65,58,72,27,0,3.0,417.65,0,0
525.35,513.21,28,67,24,1,6.0,886.0,0,0
430.05,409.46,54,76,23,0,0.0,1095.0,0,1
470.51,447.56,56,49,19,2,3.0,886.0,0,1
1186.87,1076.63,51,63,3,3,3.0,813.0,1,3
547.74,420.43,44,56,18,3,2.0,420.43,0,0
317.67,247.0,48,69,5,1,4.0,247.0,3,0
649.28,592.16,91,50,12,1,0.0,592.16,3,1
424.32,389.71,16,64,7,5,2.0,389.71,3,0
479.27,393.27,94,66,17,5,2.0,393.27,0,0
252.72,229.99,12,112,10,5,2.0,891.0,2,2
365.72,307.03,20,54,4,2,3.0,891.0,3,1
336.63,287.29,24,76,12,1,4.0,287.29,3,0
536.3,427.8,49,74,10,0,5.0,427.8,3,0
531.05,416.09,70,60,8,0,4.0,1214.0,3,1
420.08,386.22,40,56,23,1,1.0,891.0,0,1
350.53,292.24,71,68,19,5,6.0,891.0,0,0
219.44,196.03,71,58,27,3,0.0,196.03,0,0
2005.81,1532.71,41,58,12,3,3.0,886.0,1,3
195.07,154.99,66,68,25,5,3.0,940.0,0,0
525.64,510.48,48,63,27,3,2.0,510.48,0,0
216.35,189.5,36,65,28,3,2.0,189.5,0,0
820.98,787.76,34,64,3,3,4.0,997.0,3,3
617.0,592.21,58,60,17,2,3.0,592.21,0,1
543.48,510.37,37,78,11,2,0.0,510.37,3,0
570.31,439.94,48,64,16,3,3.0,439.94,0,0
468.39,354.5,69,59,24,1,3.0,1178.0,0,1
297.56,275.29,14,65,4,0,1.0,750.5,3,1
174.42,145.27,60,65,5,1,3.0,1312.0,3,1
333.92,288.6,68,62,22,1,2.0,288.6,0,0
588.39,578.19,61,114,10,3,1.0,813.0,2,2
454.17,410.68,66,71,10,1,3.0,410.68,3,0
452.38,413.63,58,76,2,1,2.0,413.63,3,0
541.0,482.57,46,60,7,3,0.0,308.5,3,0
432.39,382.38,59,75,6,1,4.0,382.38,3,0
716.09,615.11,47,56,21,0,3.0,1322.0,0,1
433.1,326.63,73,62,7,0,2.0,326.63,3,0
383.55,345.58,32,82,5,3,2.0,345.58,3,0
128.48,101.82,60,68,10,1,3.0,101.82,3,0
584.41,549.54,41,69,23,2,5.0,549.54,0,0
886.93,720.95,49,72,2,0,3.0,720.95,3,3
189.23,151.14,44,80,25,0,3.0,1049.0,0,0
302.88,266.48,35,65,7,1,4.0,1014.0,3,0
305.34,286.85,33,76,14,3,1.0,942.6666666666666,3,1
307.02,276.97,39,72,17,2,1.0,276.97,0,0
969.39,933.34,36,74,11,2,0.0,933.34,1,3
447.61,397.03,83,75,29,2,2.0,1014.0,0,1
229.59,203.93,50,124,25,5,3.0,883.0,2,2
357.27,355.34,64,109,21,3,2.0,883.0,2,2
803.38,607.67,86,75,23,2,1.0,2317.0,1,1
273.55,266.82,47,67,9,3,4.0,266.82,3,0
238.24,190.83,46,63,12,5,2.0,190.83,3,0
377.3,308.26,58,70,24,0,4.0,1049.0,0,0
752.34,581.13,30,70,15,0,2.0,813.0,0,1
171.95,145.11,50,69,10,3,4.0,813.0,3,0
288.51,280.87,66,70,25,2,5.0,1014.0,0,1
178.8,148.92,35,61,16,5,8.0,148.92,0,0
388.74,370.7,50,70,5,0,1.0,370.7,3,0
534.01,481.07,36,111,7,2,5.0,813.0,2,2
251.75,210.05,52,67,4,5,6.0,210.05,3,0
257.87,207.89,64,68,2,5,3.0,940.0,3,0
842.07,360.43,48,53,4,0,1.0,360.43,3,3
597.19,589.9,81,70,16,5,6.0,1049.0,3,0
801.42,714.33,54,63,3,1,3.0,714.33,3,3
534.51,418.31,63,57,28,2,5.0,704.3333333333334,0,0
231.39,174.55,70,60,4,1,3.0,1458.0,3,1
358.64,325.66,56,63,12,2,4.0,997.0,3,0
264.09,226.69,65,53,10,5,2.0,226.69,3,0
524.15,434.64,53,65,10,3,0.0,1089.6666666666667,3,3
274.49,270.42,59,57,3,0,5.0,270.42,3,0
365.05,359.82,42,53,6,3,2.0,359.82,3,0
730.69,641.37,51,62,18,5,3.0,641.37,0,0
201.43,151.39,34,72,26,2,4.0,704.3333333333334,0,0
518.13,425.63,50,57,16,0,2.0,425.63,0,0
330.31,261.13,51,59,7,1,4.0,1089.6666666666667,3,0
352.15,290.02,65,63,7,5,5.0,2317.0,3,0
317.02,281.06,64,61,17,1,4.0,1322.0,0,1
1125.93,988.88,64,59,24,5,7.0,988.88,1,0
468.22,441.34,53,65,28,5,5.0,441.34,0,0
684.47,221.56,60,57,2,2,5.0,1089.6666666666667,3,0
259.14,230.01,20,74,15,0,2.0,942.6666666666666,0,1
344.41,300.01,39,66,28,5,3.0,300.01,0,0
472.17,435.41,71,56,21,3,5.0,1458.0,0,0
196.91,188.2,49,69,9,5,2.0,188.2,3,0
326.14,322.73,86,61,21,1,3.0,322.73,0,0
944.83,741.33,54,70,14,5,2.0,940.0,1,3
792.12,391.2,69,68,2,0,2.0,391.2,3,0
656.54,620.43,56,63,10,2,0.0,1014.0,3,3
298.66,229.29,48,57,10,1,2.0,229.29,3,0
240.74,233.79,40,59,26,2,2.0,661.0,0,1
309.02,280.86,28,64,9,1,1.0,280.86,3,0
211.46,194.93,85,65,12,0,1.0,194.93,3,0
275.45,231.61,44,62,3,3,1.0,997.0,3,1
899.39,867.88,57,70,3,1,4.0,867.88,1,3
753.37,625.05,54,50,9,3,1.0,942.6666666666666,3,3
442.31,420.23,70,72,6,3,1.0,2782.0,3,1
684.85,235.1,33,67,2,1,1.0,1014.0,3,1
276.09,254.81,7,56,9,3,3.0,940.0,3,1
978.4,807.73,31,59,27,5,3.0,1184.0,1,3
243.72,217.79,42,72,13,3,4.0,704.3333333333334,3,0
441.5,397.92,55,54,29,0,3.0,397.92,0,0
502.88,485.09,28,60,8,3,2.0,485.09,3,3
420.41,357.15,70,50,28,2,4.0,2782.0,0,1
396.52,360.48,58,62,13,1,3.0,360.48,3,0
541.61,492.58,54,65,24,1,1.0,492.58,0,0
127.11,111.0,40,63,27,5,3.0,615.0,0,0
141.05,120.34,74,68,21,5,6.0,2782.0,0,1
636.08,488.89,42,65,18,5,1.0,1089.6666666666667,0,3
546.4,257.04,64,64,6,1,2.0,257.04,3,0
690.93,522.28,62,61,23,0,4.0,522.28,0,1
759.21,719.39,27,67,14,0,3.0,719.39,3,3
786.62,653.65,31,60,14,0,3.0,1312.0,3,0
446.6,433.11,68,58,20,0,0.0,433.11,0,1
720.05,592.89,69,74,11,2,2.0,592.89,3,1
464.05,384.13,47,66,24,3,6.0,384.13,0,0
658.65,520.75,18,56,24,1,7.0,520.75,0,0
286.23,245.97,48,65,28,0,2.0,245.97,0,0
498.53,401.18,60,71,15,1,0.0,401.18,0,1
772.32,623.58,70,62,18,2,6.0,1987.0,1,1
952.64,762.04,11,72,5,5,5.0,762.04,3,3
186.25,162.38,66,58,4,5,3.0,997.0,3,0
277.81,272.69,27,59,29,0,3.0,1322.0,0,0
204.35,181.93,48,63,2,2,4.0,181.93,3,0
477.36,405.17,29,64,17,5,3.0,405.17,0,0
429.15,423.91,66,60,21,0,0.0,1987.0,0,1
363.25,277.7,69,63,22,5,2.0,277.7,0,0
797.51,754.97,48,55,26,5,1.0,754.97,0,3
520.76,518.45,43,62,16,1,5.0,518.45,0,0
606.65,525.06,55,60,17,3,2.0,525.06,0,3
286.86,223.17,48,55,27,5,1.0,997.0,0,0
318.88,274.36,52,59,14,0,2.0,274.36,0,0
414.07,367.05,57,74,3,1,6.0,367.05,3,0
849.94,303.06,24,110,1,3,3.0,1089.6666666666667,2,2
438.5,432.51,66,59,24,0,6.0,432.51,0,0
684.4,574.43,52,63,19,5,5.0,574.43,0,0
365.77,305.31,69,66,3,2,5.0,305.31,3,0
657.97,555.47,49,63,6,5,1.0,555.47,3,0
762.77,693.45,61,69,5,0,3.0,997.0,3,3
530.81,488.27,90,55,22,1,3.0,891.0,0,1
257.83,243.02,41,54,23,5,0.0,308.5,0,0
651.64,602.96,34,69,28,5,4.0,1184.0,0,3
171.7,134.95,42,106,19,0,4.0,942.6666666666666,2,2
1069.78,413.61,60,61,6,2,1.0,883.0,3,1
753.28,643.87,94,70,3,2,3.0,1095.0,3,0
322.59,310.75,22,58,25,3,4.0,310.75,0,0
795.21,764.58,51,57,27,5,8.0,764.58,0,0
360.09,354.3,46,64,19,2,1.0,354.3,0,0
531.75,495.83,52,75,19,3,3.0,1014.0,0,1
289.07,183.67,38,70,6,0,6.0,891.0,3,0
1711.71,1669.66,37,75,12,5,8.0,1669.66,1,3
373.08,303.64,50,62,11,2,2.0,303.64,3,0
1195.43,918.84,38,72,5,1,5.0,1184.0,1,3
201.76,190.42,45,72,9,0,1.0,190.42,3,0
349.19,272.51,36,54,14,2,5.0,272.51,3,0
129.54,102.62,61,61,3,5,3.0,813.0,3,0
637.47,525.19,20,59,14,2,3.0,1322.0,3,1
982.17,927.44,41,63,24,2,3.0,1014.0,1,3
361.6,126.48,45,100,3,1,4.0,126.48,2,2
281.09,252.72,60,68,28,0,2.0,252.72,0,0
450.16,382.5,33,73,10,1,2.0,382.5,3,0
276.78,259.13,33,75,28,1,2.0,259.13,0,0
961.44,729.02,53,72,4,5,2.0,813.0,3,3
397.62,373.02,33,56,28,1,5.0,373.02,0,0
264.79,225.18,53,80,12,0,3.0,1095.0,3,0
301.6,294.55,49,59,23,2,1.0,294.55,0,0
1249.64,1197.33,52,65,26,2,0.0,1197.33,1,3
866.06,852.69,67,63,6,2,4.0,852.69,1,3
245.09,227.28,49,48,15,5,1.0,227.28,0,0
325.56,273.84,49,62,8,1,2.0,273.84,3,0
236.15,193.49,53,65,27,5,1.0,997.0,0,0
313.23,312.42,86,76,2,0,5.0,1049.0,3,0
734.63,729.02,54,61,5,3,4.0,729.02,3,3
1423.52,1128.44,44,54,15,5,0.0,1128.44,1,3
837.92,646.57,45,59,28,3,3.0,646.57,0,0
273.7,265.06,57,49,21,1,4.0,1089.6666666666667,0,1
669.44,600.2,64,66,29,3,3.0,891.0,0,1
1886.2,1873.36,88,65,20,5,6.0,1873.36,1,3
171.35,147.02,23,61,3,0,2.0,997.0,3,1
178.63,151.26,68,69,8,1,3.0,1766.0,3,1
286.71,271.84,33,64,20,2,4.0,271.84,0,0
1131.2,889.54,22,60,1,1,3.0,889.54,1,3
1306.24,1124.49,40,61,15,2,0.0,704.3333333333334,1,3
441.02,405.55,57,61,15,1,3.0,405.55,0,0
263.24,225.8,57,50,2,2,3.0,225.8,3,0
374.09,322.28,51,49,25,3,2.0,940.0,0,1
406.6,327.87,67,57,28,5,2.0,886.0,0,0
223.68,204.92,46,65,9,0,2.0,204.92,3,0
663.04,540.31,31,62,29,0,1.0,813.0,0,1
661.44,282.54,68,58,4,3,0.0,282.54,3,0
242.96,215.15,55,75,11,5,4.0,215.15,3,0
685.27,535.88,67,70,23,3,1.0,535.88,0,0
622.48,556.92,89,79,8,0,2.0,886.0,3,1
210.48,194.83,70,80,28,2,5.0,886.0,0,1
678.74,668.99,43,60,27,0,1.0,668.99,0,1
416.33,371.6,59,69,6,1,0.0,1089.6666666666667,3,1
572.6,552.63,40,76,15,5,2.0,308.5,3,0
165.84,142.97,46,75,24,1,4.0,142.97,0,0
446.87,388.96,69,61,2,0,2.0,388.96,3,0
591.31,537.7,25,59,7,5,1.0,997.0,3,3
258.66,229.95,30,65,15,5,2.0,1089.6666666666667,3,0
1341.86,1212.17,87,60,15,3,1.0,1212.17,1,3
594.74,495.71,87,71,20,5,4.0,495.71,0,0
341.96,293.65,53,69,17,0,4.0,293.65,0,0
360.81,311.89,57,53,5,0,0.0,311.89,3,0
305.35,270.41,51,57,28,0,2.0,270.41,0,0
339.74,270.17,43,61,8,2,1.0,940.0,3,1
235.79,214.59,72,63,6,0,5.0,1095.0,3,0
184.97,184.76,59,79,18,2,2.0,184.76,0,0
308.05,243.56,67,69,7,3,1.0,1214.0,3,1
640.33,514.5,55,51,18,0,2.0,1322.0,0,1
390.39,371.11,35,59,2,0,5.0,371.11,3,0
872.18,658.34,32,73,22,2,2.0,1322.0,0,0
618.59,554.21,32,63,29,5,1.0,554.21,0,0
277.8,267.55,40,68,16,2,1.0,817.0,0,1
678.22,512.9,36,55,25,0,4.0,1089.6666666666667,0,0
536.11,482.07,27,62,29,3,3.0,940.0,0,0
318.1,253.87,56,64,4,1,2.0,253.87,3,0
501.7,495.51,68,75,22,2,0.0,495.51,0,0
468.5,366.18,59,65,2,2,3.0,997.0,3,1
2582.9,2247.12,76,73,7,0,3.0,997.0,1,3
357.77,290.71,67,53,29,2,1.0,290.71,0,0
627.51,495.07,68,73,6,0,0.0,2317.0,3,1
180.28,155.37,71,66,15,1,1.0,1458.0,0,1
460.93,373.29,39,117,4,1,3.0,373.29,2,2
511.77,456.29,52,91,11,0,6.0,1014.0,2,0
284.79,254.19,50,56,29,5,3.0,254.19,0,0
400.39,375.62,23,57,5,2,3.0,940.0,3,1
222.75,209.41,12,67,28,1,2.0,209.41,0,0
1466.54,960.96,64,69,3,2,2.0,960.96,1,3
277.4,276.96,59,60,27,5,3.0,276.96,0,0
315.46,277.0,9,61,13,0,5.0,1014.0,3,0
532.37,516.28,58,66,11,2,1.0,942.6666666666666,3,3
357.29,344.84,67,66,19,5,3.0,344.84,0,0
416.91,405.29,38,81,20,5,2.0,405.29,0,0
284.53,257.24,16,47,2,3,4.0,257.24,3,0
196.83,166.91,38,104,8,0,3.0,813.0,2,2
327.74,302.84,55,58,11,2,2.0,302.84,3,0
764.59,756.69,34,49,6,2,5.0,883.0,3,3
1431.87,1111.64,19,70,24,2,3.0,1111.64,1,3
702.81,577.09,34,58,9,5,3.0,577.09,3,0
1099.73,1051.5,78,70,17,2,4.0,997.0,1,1
131.46,123.8,45,78,26,2,1.0,123.8,0,0
151.55,139.58,53,76,12,1,2.0,139.58,3,0
402.24,387.09,52,58,10,3,6.0,1312.0,3,0
681.28,622.95,63,65,3,3,3.0,622.95,3,1
403.1,365.57,65,62,14,2,2.0,365.57,3,0
277.44,233.69,20,66,21,2,3.0,233.69,0,0
1360.65,1017.74,44,57,6,0,9.0,1017.74,1,3
441.11,344.13,20,73,13,0,9.0,344.13,3,0
369.75,338.36,63,60,14,3,1.0,338.36,3,0
827.03,807.96,46,75,22,1,3.0,1322.0,1,1
374.91,311.67,13,67,14,0,3.0,311.67,0,0
840.03,636.08,70,48,13,2,3.0,940.0,3,1
264.86,231.78,57,68,21,1,7.0,704.3333333333334,0,0
1291.58,716.49,45,66,4,0,3.0,716.49,1,3
779.94,750.67,48,76,9,2,4.0,942.6666666666666,3,3
884.99,390.26,32,67,2,1,0.0,813.0,3,1
610.54,545.03,71,48,29,2,0.0,545.03,0,0
162.62,156.75,48,62,15,0,1.0,156.75,0,0
320.77,258.9,83,60,21,0,0.0,258.9,0,0
927.92,923.36,31,56,7,0,2.0,923.36,1,3
698.86,324.0,39,53,4,3,2.0,324.0,3,0
1014.44,986.74,51,57,5,0,3.0,891.0,1,3
523.38,426.14,39,59,19,3,5.0,1095.0,0,0
914.5,720.35,63,74,2,0,2.0,1049.0,3,3
1073.03,818.73,51,85,13,3,1.0,818.73,1,3
466.15,358.88,77,64,14,0,8.0,358.88,3,0
476.19,365.0,46,64,11,3,1.0,365.0,3,0
1008.91,956.18,69,61,27,1,1.0,956.18,1,1
584.97,536.88,48,75,13,5,0.0,536.88,3,0
1670.91,516.98,55,66,1,0,7.0,516.98,1,3
156.11,140.84,46,47,25,2,2.0,886.0,0,1
1198.88,1151.75,80,62,7,5,1.0,1361.0,1,3
364.46,327.2,24,63,24,2,2.0,1184.0,0,0
456.48,355.74,43,45,12,2,2.0,355.74,3,0
205.39,180.53,64,61,7,0,5.0,180.53,3,0
359.46,329.66,60,65,11,1,4.0,329.66,3,0
341.59,262.24,46,69,7,5,2.0,262.24,3,0
267.25,230.24,44,77,4,5,2.0,308.5,3,0
197.69,190.06,27,44,14,3,3.0,190.06,0,0
117.05,114.78,27,69,3,5,4.0,114.78,3,0
418.38,331.07,23,67,19,5,3.0,997.0,0,0
665.82,657.38,51,75,3,0,0.0,657.38,3,3
268.06,204.16,62,102,26,0,4.0,940.0,2,2
190.26,154.51,35,61,29,3,6.0,154.51,0,0
517.68,406.97,40,77,18,3,5.0,406.97,0,0
235.39,221.13,33,60,19,0,1.0,1014.0,0,1
840.22,560.31,51,102,4,5,3.0,560.31,2,2
224.99,193.8,81,67,17,5,5.0,193.8,0,0
328.87,246.86,25,80,19,0,0.0,246.86,0,0
1930.38,627.23,68,60,1,3,2.0,883.0,1,3
522.03,487.64,63,55,18,1,1.0,487.64,0,1
969.29,760.48,61,53,25,5,0.0,760.48,0,3
324.18,307.27,51,75,19,3,4.0,883.0,0,0
603.67,481.98,13,71,15,3,1.0,594.5,0,3
250.58,239.17,45,53,4,5,0.0,813.0,3,0
341.09,321.62,40,66,9,2,6.0,321.62,3,0
326.7,287.0,19,62,18,1,2.0,287.0,0,0
1104.99,1087.05,45,63,25,1,3.0,1089.6666666666667,1,3
874.67,681.31,49,61,7,3,5.0,704.3333333333334,3,3
627.43,607.92,26,73,9,5,3.0,940.0,3,3
525.6,517.38,70,59,19,0,5.0,517.38,0,0
225.53,198.66,95,61,4,2,6.0,198.66,3,0
744.53,343.6,46,77,3,0,3.0,1184.0,3,3
1010.22,921.43,41,66,28,5,3.0,921.43,1,3
589.14,468.99,68,73,19,2,0.0,468.99,0,0
425.83,355.64,66,78,15,1,4.0,1014.0,3,0
585.49,463.69,45,57,7,5,5.0,1014.0,3,0
360.56,321.94,77,60,19,0,3.0,321.94,0,0
1673.16,1377.24,26,61,27,0,3.0,704.3333333333334,1,3
600.08,514.82,61,53,23,5,0.0,308.5,0,3
497.31,431.64,49,73,15,1,2.0,431.64,0,0
964.33,907.12,67,65,19,3,2.0,1049.0,1,3
330.6,265.01,74,66,8,3,3.0,1178.0,3,0
236.7,198.05,47,72,17,2,4.0,198.05,0,0
1264.89,704.98,43,63,2,1,1.0,1312.0,1,3
1354.53,941.65,20,61,1,3,2.0,308.5,1,3
223.55,172.77,51,107,26,3,6.0,172.77,2,2
113.68,85.76,87,79,26,0,2.0,1049.0,0,1
2695.09,2469.64,58,72,9,1,3.0,2469.64,1,3
1109.74,1074.41,63,76,15,2,3.0,1074.41,1,3
647.24,570.22,83,68,22,5,4.0,2317.0,1,1
1869.51,1473.69,60,48,2,1,2.0,1473.69,1,3
543.53,473.01,23,64,5,2,1.0,473.01,3,3
603.92,563.59,28,60,21,3,5.0,563.59,0,0
186.45,177.25,57,73,10,3,1.0,308.5,3,0
811.93,720.89,25,68,6,3,4.0,891.0,3,3
276.42,239.56,43,66,25,1,5.0,239.56,0,0
521.61,425.05,37,64,14,0,4.0,813.0,3,0
123.74,109.95,49,65,27,5,3.0,942.6666666666666,0,0
510.61,417.78,63,61,11,0,4.0,1095.0,3,1
343.95,271.17,95,64,7,1,3.0,1014.0,3,1
1366.39,1051.85,42,54,1,0,3.0,1051.85,1,3
894.18,793.67,40,72,16,2,4.0,793.67,1,3
499.65,378.88,54,63,15,1,6.0,378.88,0,0
1150.92,1027.96,69,57,16,3,7.0,1027.96,1,3
963.75,745.1,67,70,28,2,1.0,745.1,0,3
300.83,239.75,23,73,10,3,1.0,704.3333333333334,3,1
888.37,868.01,57,62,4,2,1.0,1049.0,1,1
883.75,289.88,28,74,3,1,2.0,289.88,3,3
556.55,486.53,44,71,11,3,4.0,486.53,3,0
328.76,292.41,78,69,25,2,2.0,1766.0,0,1
345.19,305.96,51,64,23,2,2.0,997.0,0,1
255.02,241.92,53,96,20,3,2.0,997.0,2,2
482.9,478.49,59,68,9,3,3.0,942.6666666666666,3,0
1134.15,1100.44,43,51,14,1,6.0,997.0,1,3
2060.0,861.15,77,80,2,2,3.0,861.15,1,3
290.24,242.78,16,64,10,0,2.0,242.78,3,0
1160.79,965.96,47,63,25,1,1.0,965.96,1,3
427.71,367.4,60,61,20,3,4.0,367.4,0,0
272.57,213.79,33,67,17,5,0.0,213.79,0,0
1231.59,1227.72,67,65,13,2,3.0,1361.0,1,3
208.66,167.01,42,75,27,5,1.0,813.0,0,1
351.46,323.6,30,77,5,1,2.0,323.6,3,0
611.28,551.55,44,71,3,5,2.0,551.55,3,0
310.45,237.58,65,75,3,5,2.0,237.58,3,0
497.29,447.49,48,62,29,0,7.0,891.0,0,0
480.43,471.35,83,63,16,3,5.0,1766.0,3,0
645.94,560.09,20,66,9,3,5.0,891.0,3,3
787.23,671.0,38,71,17,1,2.0,886.0,0,1
738.71,617.96,21,117,5,5,4.0,1095.0,2,2
922.99,879.6,81,54,26,3,3.0,879.6,1,3
516.07,514.76,19,69,28,3,0.0,1089.6666666666667,0,1
426.93,328.84,42,73,27,3,3.0,328.84,0,0
724.34,658.25,62,78,14,3,0.0,658.25,3,1
290.68,276.38,66,99,18,3,3.0,997.0,2,2
914.27,880.74,59,112,28,0,2.0,880.74,2,2
1197.25,954.67,24,56,21,5,3.0,954.67,1,3
136.38,123.03,42,70,29,5,0.0,308.5,0,0
634.97,536.95,71,63,25,1,2.0,1178.0,0,1
816.72,723.61,59,65,25,3,2.0,1312.0,0,1
855.33,688.84,37,70,11,1,3.0,688.84,3,3
709.95,671.32,40,118,9,0,5.0,1312.0,2,2
1141.54,1129.44,44,66,13,5,1.0,883.0,1,3
393.46,330.55,50,67,29,2,1.0,330.55,0,0
276.41,257.71,87,62,10,5,0.0,886.0,3,1
318.95,289.6,81,73,15,2,4.0,886.0,3,1
270.39,265.58,52,73,15,3,1.0,265.58,0,0
362.44,286.47,72,58,8,3,1.0,940.0,3,1
856.54,851.74,59,137,24,3,4.0,1095.0,2,2
533.72,525.36,65,81,3,2,2.0,525.36,3,0
265.08,217.49,19,61,19,0,0.0,891.0,0,1
1152.1,1145.27,36,71,13,2,2.0,1145.27,1,3
455.58,362.03,21,72,20,0,3.0,362.03,0,0
298.41,266.84,44,71,5,5,0.0,891.0,3,0
283.06,246.28,14,54,17,2,6.0,246.28,0,0
165.94,139.75,28,51,4,3,2.0,139.75,3,0
411.15,357.53,38,66,6,1,2.0,1049.0,3,1
637.81,577.68,71,63,29,0,2.0,577.68,0,1
655.67,201.09,22,69,4,3,3.0,1089.6666666666667,3,0
552.72,437.83,74,52,8,2,4.0,437.83,3,0
1172.5,938.77,77,50,18,3,1.0,938.77,1,3
338.45,325.68,49,53,23,3,0.0,1014.0,0,1
496.41,454.76,53,60,5,3,4.0,454.76,3,3
620.82,354.1,21,67,1,1,3.0,891.0,3,3
1450.77,1111.51,34,79,13,1,3.0,1111.51,1,3
614.78,568.94,63,68,2,1,4.0,568.94,3,3
260.56,203.33,37,103,26,0,3.0,203.33,2,2
1496.46,782.15,60,53,1,2,2.0,782.15,1,3
387.91,128.61,64,58,5,5,3.0,128.61,3,0
1092.77,970.54,45,70,16,5,1.0,704.3333333333334,1,3
155.3,136.66,37,63,29,2,7.0,136.66,0,0
649.7,560.47,55,72,8,0,6.0,813.0,3,3
214.49,173.47,69,60,19,5,3.0,2782.0,0,0
319.55,255.01,64,72,22,1,6.0,883.0,0,0
423.98,318.68,47,66,13,2,3.0,1184.0,3,1
1552.63,1214.84,33,66,27,2,3.0,891.0,1,3
1666.85,1619.24,31,93,26,5,4.0,891.0,1,3
155.71,127.77,81,63,7,2,3.0,997.0,3,1
677.48,512.62,14,63,18,5,3.0,891.0,0,3
191.08,145.95,18,70,28,0,5.0,145.95,0,0
398.82,304.17,57,65,4,3,4.0,304.17,3,0
1088.67,902.56,61,74,10,3,6.0,902.56,1,3
878.9,850.04,34,57,5,3,1.0,886.0,3,3
289.35,277.47,63,63,25,3,2.0,942.6666666666666,0,1
645.27,518.86,34,72,4,1,0.0,518.86,3,3
640.19,507.38,48,73,3,3,3.0,507.38,3,0
430.27,348.82,72,53,5,1,8.0,1361.0,3,0
322.7,254.25,81,68,19,3,4.0,1458.0,0,1
326.05,298.11,33,68,8,2,0.0,298.11,3,0
981.35,951.41,40,68,10,2,4.0,1095.0,1,3
623.45,555.89,95,61,25,3,2.0,1361.0,0,1
205.96,199.48,16,62,26,1,0.0,199.48,0,0
368.69,350.14,35,105,20,0,3.0,350.14,2,2
193.33,173.53,40,65,26,0,3.0,940.0,0,0
390.34,370.98,15,81,25,0,2.0,370.98,0,0
395.78,298.3,27,62,23,0,3.0,886.0,0,0
327.98,327.87,92,65,29,2,4.0,1095.0,0,1
2181.35,2094.31,80,63,15,5,4.0,1014.0,1,3
1105.5,1033.23,51,71,16,2,4.0,1033.23,1,3
411.65,392.81,34,58,8,3,3.0,392.81,3,0
234.32,129.22,35,91,2,5,3.0,1014.0,3,0
236.92,179.95,87,62,2,0,0.0,1178.0,3,1
470.16,379.96,55,71,14,3,4.0,1014.0,3,0
384.26,315.18,71,74,10,3,1.0,315.18,3,0
270.86,206.46,44,72,8,0,3.0,883.0,3,0
617.34,566.83,57,62,2,1,4.0,566.83,3,3
687.21,536.45,30,76,17,5,3.0,1089.6666666666667,0,0
724.12,502.67,25,113,6,2,4.0,502.67,2,2
527.1,494.66,60,67,28,0,3.0,883.0,0,1
326.16,276.78,48,52,5,1,4.0,276.78,3,0
145.49,96.3,63,63,0,1,3.0,96.3,3,0
972.71,852.86,62,63,8,0,3.0,852.86,1,3
154.54,145.86,58,60,24,2,2.0,145.86,0,0
2610.99,2034.06,63,65,2,1,3.0,2034.06,1,3
584.87,473.8,75,70,18,2,1.0,1361.0,0,1
292.03,260.46,81,61,7,2,1.0,260.46,3,0
2514.77,2254.01,54,70,14,0,3.0,1312.0,1,3
476.57,396.1,48,70,4,2,2.0,396.1,3,0
489.94,474.24,34,60,21,0,1.0,1089.6666666666667,0,1
778.52,770.27,63,65,3,2,3.0,997.0,3,3
417.76,411.73,30,59,5,0,2.0,411.73,3,3
192.68,190.84,31,49,2,2,5.0,190.84,3,0
808.78,646.76,50,71,9,2,3.0,646.76,3,3
170.62,163.65,85,63,3,1,3.0,163.65,3,0
679.03,619.81,22,64,25,3,3.0,619.81,0,1
407.2,317.37,66,65,15,3,3.0,2317.0,3,0
257.1,204.86,46,64,22,5,0.0,1322.0,0,0
307.21,286.76,40,79,6,5,4.0,886.0,3,0
237.41,210.64,64,59,2,2,2.0,813.0,3,1
173.14,144.86,54,75,19,2,4.0,144.86,0,0
708.04,659.17,42,75,19,0,5.0,1014.0,0,1
1508.21,509.88,66,101,2,5,4.0,1766.0,1,3
308.78,264.61,87,62,20,2,3.0,264.61,0,0
1470.9,827.74,70,71,5,1,3.0,1458.0,1,3
364.76,302.14,73,58,6,2,2.0,302.14,3,0
759.08,612.08,17,65,15,3,4.0,612.08,3,1
256.92,213.08,20,62,21,1,6.0,1184.0,0,0
213.39,170.06,59,74,17,1,1.0,1312.0,0,1
115.95,88.54,71,68,26,2,1.0,2782.0,0,1
778.66,618.94,80,64,24,0,5.0,1987.0,1,1
310.11,262.98,30,48,29,2,0.0,704.3333333333334,0,1
364.01,335.32,85,90,6,1,4.0,335.32,2,0
396.46,327.59,28,70,15,3,5.0,327.59,0,0
419.05,400.73,61,84,16,5,4.0,400.73,0,0
276.92,275.27,58,64,17,2,2.0,1322.0,0,1
321.54,305.19,73,66,17,3,2.0,305.19,0,0
512.34,502.09,60,74,27,3,3.0,886.0,0,1
814.58,670.64,45,63,21,5,3.0,1322.0,0,3
211.17,170.88,71,67,5,5,2.0,170.88,3,0
458.23,369.68,50,57,25,2,5.0,369.68,0,0
371.17,309.35,52,62,9,2,3.0,704.3333333333334,3,1
295.25,266.13,31,119,3,2,3.0,1312.0,2,2
564.58,436.43,37,67,2,2,2.0,436.43,3,0
449.44,438.84,38,73,23,0,1.0,886.0,0,1
549.96,426.48,73,51,23,5,4.0,883.0,0,0
326.95,281.55,38,70,19,2,4.0,940.0,0,0
418.85,344.03,29,55,11,3,4.0,1312.0,3,3
993.91,982.38,77,81,12,3,4.0,982.38,1,3
328.68,323.21,10,71,26,0,2.0,1086.5,0,1
323.87,290.87,47,78,18,3,7.0,290.87,0,0
555.12,490.01,51,65,24,0,3.0,1049.0,0,1
197.15,163.23,44,69,23,3,2.0,163.23,0,0
782.95,645.41,61,68,16,5,3.0,645.41,3,3
1172.96,939.62,43,62,5,1,2.0,1014.0,1,3
725.96,595.66,71,66,13,1,2.0,1987.0,1,1
972.2,810.39,71,69,18,0,2.0,1095.0,1,1
265.11,202.77,23,66,21,0,4.0,1322.0,0,0
796.85,738.7,44,58,26,1,5.0,886.0,0,1
667.06,594.24,75,117,5,1,2.0,594.24,2,2
874.07,760.12,41,56,29,5,1.0,760.12,0,3
308.56,260.04,57,61,10,2,4.0,260.04,3,0
253.35,230.37,55,72,12,2,4.0,230.37,3,0
485.24,401.7,36,61,4,5,0.0,401.7,3,0
106.3,81.89,32,72,21,5,0.0,81.89,0,0
449.67,441.87,49,50,13,1,5.0,704.3333333333334,3,0
604.7,445.03,50,89,6,3,2.0,813.0,2,2
534.43,440.67,43,59,25,2,0.0,440.67,0,0
700.85,606.66,58,93,28,2,1.0,606.66,0,0
474.87,423.62,40,84,22,0,4.0,423.62,0,0
794.47,695.99,36,83,11,1,3.0,1014.0,3,2
267.41,245.16,40,61,29,3,6.0,883.0,0,0
294.77,229.46,35,66,3,5,0.0,1322.0,3,0
1791.86,1251.84,38,58,2,2,2.0,1014.0,1,3
338.97,304.92,35,56,12,1,3.0,1184.0,3,1
202.42,190.4,58,58,28,0,0.0,190.4,0,0
124.81,102.48,25,57,17,2,6.0,102.48,0,0
141.65,140.46,14,58,18,2,1.0,140.46,0,0
436.36,373.96,72,61,6,3,5.0,886.0,3,0
331.73,299.04,29,80,19,5,2.0,704.3333333333334,0,0
529.41,451.6,86,74,26,5,3.0,451.6,0,0
409.75,374.79,57,70,22,0,2.0,997.0,0,1
371.1,319.71,36,67,5,0,6.0,308.5,3,0
342.77,279.35,41,65,23,3,8.0,279.35,0,0
465.77,439.52,85,70,20,2,1.0,439.52,0,0
168.08,131.08,36,85,25,5,1.0,131.08,0,0
857.26,854.6,67,69,17,1,3.0,854.6,1,1
971.22,903.27,43,63,21,2,3.0,1184.0,1,3
902.85,849.1,59,61,12,5,2.0,1095.0,1,3
467.86,467.5,83,62,11,2,1.0,467.5,3,0
645.27,645.16,52,67,17,0,1.0,308.5,0,1
768.09,621.71,35,83,7,3,5.0,940.0,3,3
326.73,266.45,53,66,5,0,3.0,942.6666666666666,3,1
829.54,728.06,75,66,25,3,9.0,1095.0,0,0
515.14,501.46,31,57,27,5,2.0,883.0,0,0
781.88,674.92,67,60,22,3,2.0,1987.0,1,1
260.42,252.58,58,69,19,1,2.0,1095.0,0,1
287.43,262.73,39,55,11,5,2.0,813.0,3,0
423.73,349.8,63,64,7,1,3.0,1095.0,3,1
1090.85,1019.38,56,64,13,0,3.0,1019.38,1,3
444.45,369.18,89,71,2,5,2.0,891.0,3,1
401.58,310.45,51,54,26,5,6.0,1095.0,0,0
249.98,196.28,43,58,14,5,2.0,196.28,3,0
424.78,342.78,72,65,22,1,4.0,1458.0,0,1
1163.2,932.66,76,59,9,3,3.0,1049.0,1,3
599.25,556.9,36,69,9,2,2.0,883.0,3,3
1334.3,1244.2,58,72,26,5,2.0,1184.0,1,3
647.28,453.01,34,107,3,2,1.0,453.01,2,2
342.14,293.16,42,65,5,5,0.0,293.16,3,0
486.61,451.26,34,67,21,5,2.0,451.26,0,0
743.64,606.81,44,59,17,2,10.0,606.81,0,3
1918.65,759.47,39,88,2,5,6.0,759.47,1,3
684.81,566.28,27,78,3,1,2.0,566.28,3,3
468.82,437.07,12,46,22,2,5.0,437.07,0,0
332.66,206.23,75,53,3,3,2.0,940.0,3,1
259.83,231.65,65,118,29,5,7.0,231.65,2,2
282.21,216.71,38,51,10,0,3.0,216.71,3,0
250.63,199.15,40,61,23,1,3.0,1089.6666666666667,0,0
1795.05,1681.99,61,54,10,5,3.0,1681.99,1,3
387.36,376.85,71,64,11,5,1.0,1095.0,3,0
99.49,93.14,40,59,18,0,2.0,997.0,0,1
305.19,279.62,67,60,6,3,2.0,279.62,3,0
989.63,822.29,88,69,4,5,4.0,1049.0,1,3
763.68,697.26,64,69,28,3,1.0,697.26,0,3
521.59,492.01,48,62,2,3,2.0,492.01,3,3
392.54,301.17,53,75,9,3,2.0,301.17,3,0
655.51,594.97,31,66,20,3,4.0,594.97,0,0
344.15,268.41,39,64,23,3,1.0,268.41,0,0
963.66,868.07,67,68,18,1,1.0,868.07,1,1
218.2,177.93,31,50,3,2,3.0,1049.0,3,1
789.84,746.73,58,81,24,3,2.0,308.5,0,3
542.64,441.17,29,81,10,2,1.0,441.17,3,0
789.56,787.71,43,66,9,5,4.0,787.71,3,3
408.47,356.24,48,63,27,3,2.0,356.24,0,0
110.52,88.15,40,72,11,1,1.0,88.15,3,0
540.66,505.99,42,74,14,3,4.0,886.0,3,0
513.97,449.17,24,60,28,1,3.0,891.0,0,0
545.56,462.85,73,65,25,3,3.0,462.85,0,0
1695.85,1222.67,34,54,0,2,3.0,704.3333333333334,1,3
588.17,550.31,48,61,23,2,4.0,550.31,0,0
310.58,304.03,31,69,22,3,0.0,304.03,0,0
223.53,212.06,21,67,7,5,1.0,212.06,3,0
538.82,517.24,37,67,26,1,2.0,517.24,0,0
286.71,280.7,48,71,6,1,3.0,280.7,3,0
1173.24,995.22,78,83,11,5,2.0,940.0,1,3
519.34,477.13,53,61,7,1,4.0,477.13,3,0
723.4,710.41,63,73,11,5,1.0,308.5,3,3
557.29,549.21,52,64,13,1,3.0,549.21,3,1
511.43,412.23,54,79,15,0,0.0,1089.6666666666667,0,1
502.48,469.7,25,93,16,1,3.0,469.7,2,2
2380.11,2372.27,67,63,25,1,0.0,2372.27,1,3
368.35,334.76,42,53,17,2,1.0,334.76,0,0
359.97,328.97,51,57,2,3,0.0,997.0,3,1
371.27,287.79,38,72,24,0,2.0,287.79,0,0
1739.59,1505.25,86,62,10,2,5.0,1178.0,1,3
550.35,413.72,54,70,23,5,7.0,413.72,0,0
748.76,399.99,74,52,0,0,3.0,1458.0,3,1
263.22,222.01,40,101,12,0,2.0,222.01,2,2
1044.95,947.3,55,69,26,2,4.0,942.6666666666666,1,3
457.53,368.3,44,78,11,3,3.0,308.5,3,0
2224.65,2206.87,69,61,3,5,3.0,1766.0,1,3
243.25,214.01,33,80,6,1,1.0,214.01,3,0
597.28,503.5,29,64,25,1,3.0,503.5,0,0
311.31,296.4,34,63,6,2,4.0,296.4,3,0
375.37,340.6,53,58,22,1,3.0,340.6,0,0
143.46,140.76,43,64,13,1,4.0,997.0,3,0
322.96,320.28,58,54,6,2,3.0,886.0,3,1
158.87,134.57,71,54,24,2,3.0,134.57,0,0
247.18,243.03,49,104,13,1,1.0,891.0,2,2
814.62,774.9,26,59,24,1,4.0,1312.0,0,3
1469.8,1418.95,44,56,18,1,1.0,1418.95,1,3
328.7,124.42,14,67,2,2,4.0,381.0,3,0
188.55,178.94,79,75,21,1,2.0,1987.0,0,1
361.1,313.23,44,62,16,2,3.0,313.23,0,0
363.65,358.61,76,63,14,2,3.0,358.61,3,0
259.2,222.46,56,49,18,0,7.0,940.0,0,0
232.44,229.4,53,61,22,3,4.0,308.5,0,0
991.54,769.61,27,83,16,2,2.0,940.0,1,1
343.82,300.16,48,73,17,5,1.0,1089.6666666666667,0,0
670.09,623.08,95,57,24,0,2.0,623.08,0,1
291.15,220.52,38,52,21,0,4.0,220.52,0,0
419.67,339.08,95,85,4,0,4.0,339.08,3,0
241.94,164.79,67,49,1,3,1.0,891.0,3,1
1752.21,1681.56,45,69,26,2,0.0,1049.0,1,3
589.05,475.89,69,58,8,0,1.0,475.89,3,0
899.37,846.72,47,65,23,2,4.0,846.72,1,3
713.56,539.93,31,70,13,1,0.0,1089.6666666666667,3,3
678.86,652.64,52,65,27,0,4.0,652.64,0,1
511.7,419.89,38,75,7,2,1.0,1089.6666666666667,3,1
315.36,244.19,56,67,26,1,5.0,244.19,0,0
2077.28,1696.45,57,63,4,0,4.0,886.0,1,3
406.46,316.49,54,69,5,1,3.0,886.0,3,1
221.35,216.41,46,75,18,5,0.0,883.0,0,0
396.62,380.7,40,57,28,3,2.0,1049.0,0,1
525.79,433.93,28,74,8,1,2.0,433.93,3,0
382.72,305.1,41,77,13,2,3.0,1322.0,3,1
404.09,305.86,29,56,5,3,5.0,305.86,3,0
413.64,318.6,85,62,14,0,7.0,2782.0,3,1
603.41,464.89,70,65,18,2,7.0,1361.0,0,0
217.09,182.05,23,55,16,3,3.0,182.05,0,0
669.46,589.02,53,59,29,3,3.0,942.6666666666666,0,1
196.78,186.69,44,108,20,1,1.0,813.0,2,2
134.77,123.77,7,56,21,3,6.0,123.77,0,0
356.66,354.42,71,63,4,1,3.0,883.0,3,1
258.26,228.63,36,71,14,5,2.0,228.63,3,0
655.03,641.51,69,57,5,2,0.0,940.0,3,1
302.46,277.18,25,71,10,0,1.0,1312.0,3,1
287.9,239.09,43,63,3,1,4.0,239.09,3,0
298.35,230.98,61,57,10,0,1.0,1049.0,3,1
409.77,132.51,37,71,2,0,3.0,132.51,3,0
66.81,57.25,50,70,3,0,2.0,940.0,3,1
185.3,144.11,31,68,14,5,5.0,942.6666666666666,3,0
574.14,560.6,57,62,26,0,3.0,560.6,0,0
225.67,213.33,52,69,26,3,1.0,883.0,0,1
137.56,123.07,26,60,3,0,1.0,704.3333333333334,3,1
641.0,569.59,58,63,3,0,3.0,569.59,3,3
598.6,514.19,55,61,26,2,1.0,1049.0,0,1
207.33,171.4,60,76,29,2,5.0,171.4,0,0
317.36,240.4,36,114,29,0,2.0,240.4,2,2
161.7,135.46,53,71,6,2,3.0,704.3333333333334,3,1
460.08,387.67,38,78,17,2,3.0,1014.0,0,2
200.94,173.43,70,63,26,0,1.0,173.43,0,0
712.15,637.61,41,75,17,1,3.0,637.61,0,1
941.63,771.83,59,58,17,3,4.0,997.0,1,3
266.83,235.62,33,66,17,0,3.0,235.62,0,0
571.18,431.69,48,106,8,3,1.0,431.69,2,2
231.62,216.29,29,59,9,0,0.0,704.3333333333334,3,1
364.92,298.82,31,69,3,2,4.0,298.82,3,0
2203.35,726.34,31,65,3,5,5.0,726.34,1,3
460.11,370.61,46,58,12,2,1.0,1312.0,3,1
568.73,513.45,73,67,9,5,3.0,513.45,3,3
574.22,488.42,45,66,29,5,2.0,488.42,0,0
720.26,654.19,36,57,4,3,3.0,654.19,3,3
508.52,393.57,44,60,16,2,2.0,1095.0,0,1
1053.89,1018.81,49,76,23,2,4.0,1049.0,1,3
910.45,825.09,67,62,8,3,2.0,825.09,1,3
455.08,341.18,47,55,6,2,3.0,704.3333333333334,3,1
386.08,320.85,68,62,4,1,3.0,320.85,3,0
161.71,146.72,31,55,28,3,1.0,1322.0,0,1
514.81,407.65,48,73,19,3,2.0,407.65,0,0
384.1,310.7,44,68,19,3,6.0,310.7,0,0
1890.82,1584.29,82,72,10,2,2.0,1584.29,1,3
596.07,592.95,29,81,11,5,3.0,592.95,3,3
489.7,404.04,12,57,20,2,5.0,404.04,0,0
521.84,419.0,50,69,3,5,4.0,419.0,3,0
273.28,233.07,12,68,16,1,1.0,233.07,0,0
299.18,262.73,36,70,11,5,2.0,262.73,3,0
377.77,332.39,35,66,16,5,1.0,1014.0,0,0
408.71,334.53,13,56,7,5,1.0,334.53,3,0
641.47,584.19,35,76,5,2,4.0,1014.0,3,3
310.9,301.01,13,75,12,1,4.0,301.01,3,0
900.94,871.44,82,62,2,5,1.0,871.44,1,3
333.12,261.9,48,49,7,5,3.0,261.9,3,0
671.52,616.91,57,73,18,1,1.0,883.0,0,1
309.89,240.03,61,66,26,0,7.0,942.6666666666666,0,0
492.4,456.98,33,59,5,5,5.0,1322.0,3,0
352.39,287.54,88,69,29,2,4.0,883.0,0,1
205.59,164.53,57,63,29,0,1.0,1322.0,0,1
772.17,666.08,47,74,25,5,1.0,883.0,0,3
357.21,351.82,51,58,26,5,4.0,1095.0,0,0
172.68,143.18,33,69,25,3,0.0,143.18,0,0
614.78,490.01,61,79,15,5,4.0,490.01,3,0
959.95,738.0,55,62,16,0,1.0,738.0,1,3
441.03,421.35,71,45,7,1,3.0,421.35,3,0
848.63,318.18,1,107,5,1,3.0,750.5,2,2
182.09,142.68,54,69,8,5,1.0,142.68,3,0
1423.37,625.76,63,56,5,5,0.0,891.0,1,3
578.69,497.59,31,75,7,2,2.0,1312.0,3,3
470.35,401.35,1,71,22,2,1.0,1049.0,0,0
227.17,181.31,36,77,3,2,4.0,813.0,3,0
537.73,518.66,47,57,5,2,5.0,518.66,3,3
139.92,133.52,64,55,4,2,2.0,940.0,3,1
178.94,163.16,28,58,26,2,2.0,163.16,0,0
1650.41,1431.45,69,69,14,1,4.0,997.0,1,3
337.18,290.92,31,65,13,5,3.0,290.92,3,0
1722.25,1610.09,70,105,2,2,1.0,1610.09,1,3
697.73,660.1,26,52,16,3,4.0,660.1,0,1
2362.24,1832.43,44,74,6,5,0.0,1184.0,1,3
278.69,221.13,38,71,3,0,1.0,942.6666666666666,3,1
162.12,158.48,53,65,3,5,3.0,158.48,3,0
543.87,455.03,41,53,20,3,5.0,883.0,0,0
285.14,251.86,56,71,7,5,4.0,251.86,3,0
1504.98,1369.46,58,67,15,5,3.0,1369.46,1,3
461.66,449.34,19,56,7,2,1.0,449.34,3,3
1095.84,581.51,19,52,3,1,1.0,886.0,3,3
235.16,196.73,21,66,11,2,3.0,196.73,3,0
426.69,344.43,73,53,4,2,3.0,344.43,3,0
83.86,83.14,41,71,14,2,0.0,1184.0,3,1
350.17,270.5,40,58,9,1,3.0,615.0,3,1
719.07,660.9,11,70,2,2,6.0,660.9,3,3
926.59,902.44,34,67,18,5,4.0,902.44,1,3
426.42,331.15,46,68,10,0,1.0,331.15,3,0
414.44,368.63,61,64,20,2,1.0,368.63,0,0
150.04,115.56,46,66,7,0,2.0,1014.0,3,1
303.93,275.45,67,64,21,3,2.0,1014.0,0,1
386.98,367.23,43,72,5,5,7.0,367.23,3,0
211.51,186.45,44,55,9,1,4.0,1049.0,3,0
520.51,457.55,57,71,17,0,2.0,1322.0,0,1
1363.39,1302.09,41,80,10,3,2.0,1302.09,1,3
853.97,695.61,55,78,18,3,3.0,695.61,0,3
574.97,502.07,55,56,22,3,1.0,502.07,0,0
131.34,122.79,51,75,21,3,6.0,122.79,0,0
486.59,412.04,66,44,3,0,2.0,412.04,3,0
618.49,228.67,54,48,1,1,0.0,1322.0,3,1
385.39,338.4,62,69,3,1,1.0,308.5,3,0
453.23,415.81,54,71,24,5,2.0,415.81,0,0
249.95,215.07,19,57,6,1,0.0,215.07,3,0
412.78,390.34,56,59,12,5,0.0,390.34,3,0
180.84,144.49,83,63,23,5,2.0,1766.0,0,1
1435.02,1082.71,61,62,8,3,2.0,1082.71,1,3
465.15,447.36,38,66,7,2,2.0,447.36,3,0
166.64,131.78,29,76,25,2,3.0,131.78,0,0
253.57,192.13,63,104,19,0,2.0,813.0,2,2
257.59,236.42,56,63,26,5,4.0,236.42,0,0
328.09,306.66,61,71,18,5,1.0,306.66,0,0
808.7,766.18,50,58,4,3,3.0,1014.0,3,3
603.02,486.58,43,80,2,3,4.0,486.58,3,0
1164.16,1055.36,44,72,22,0,2.0,1055.36,1,3
523.71,518.84,53,81,4,0,0.0,940.0,3,1
3052.64,2412.09,65,62,21,1,7.0,886.0,1,3
1654.92,763.8,50,67,0,3,4.0,1089.6666666666667,1,3
274.6,237.47,41,60,4,2,2.0,237.47,3,0
338.8,323.15,22,58,9,2,4.0,308.5,3,0
728.59,555.75,95,71,11,3,3.0,555.75,3,0
330.21,282.97,88,51,6,3,3.0,282.97,3,0
235.96,191.31,42,60,17,0,3.0,1322.0,0,0
354.82,307.69,52,64,28,0,5.0,307.69,0,0
316.3,290.33,47,66,10,1,4.0,883.0,3,0
399.91,352.86,30,65,5,1,3.0,883.0,3,0
242.93,231.33,65,68,16,2,6.0,1214.0,0,0
466.04,393.88,39,73,22,3,1.0,940.0,0,1
500.69,460.99,61,65,14,5,7.0,1089.6666666666667,3,0
346.46,303.35,52,56,24,0,7.0,303.35,0,0
284.37,244.23,61,72,18,2,2.0,1014.0,0,1
2154.05,1170.35,46,110,4,1,3.0,940.0,1,3
127.72,124.95,50,64,14,1,2.0,124.95,0,0
2461.19,1855.08,56,107,25,2,0.0,1049.0,1,3
429.69,376.85,36,57,7,3,6.0,1322.0,3,0
449.65,339.97,63,66,24,0,0.0,942.6666666666666,0,1
559.75,455.82,57,62,10,3,2.0,1014.0,3,1
680.09,532.46,61,109,12,5,2.0,532.46,2,2
594.09,458.76,64,70,12,3,1.0,458.76,3,0
270.51,255.33,45,66,26,3,2.0,1049.0,0,1
483.22,377.06,28,69,26,3,1.0,377.06,0,0
376.76,297.82,63,88,12,0,3.0,297.82,2,0
654.09,609.6,42,73,5,5,6.0,1322.0,3,3
911.36,644.88,41,61,3,5,3.0,644.88,3,3
272.81,269.72,62,76,19,2,2.0,940.0,0,1
493.13,240.68,47,62,6,2,3.0,1049.0,3,1
769.31,723.97,23,62,21,0,4.0,997.0,0,0
1715.88,1474.81,33,77,25,5,0.0,1474.81,1,3
910.58,740.94,64,71,25,2,4.0,740.94,0,3
440.57,334.07,28,82,4,0,2.0,1322.0,3,3
594.83,466.5,47,63,21,5,4.0,997.0,0,0
263.75,217.56,45,77,10,2,3.0,217.56,3,0
842.49,653.42,51,51,23,2,2.0,1089.6666666666667,0,1
151.51,132.64,68,70,27,5,3.0,1214.0,0,0
515.15,402.42,80,70,14,3,4.0,402.42,3,0
257.01,246.07,51,69,25,3,1.0,940.0,0,1
265.76,237.87,32,69,16,0,3.0,237.87,0,0
1234.34,1029.42,80,66,28,3,4.0,1029.42,1,3
635.41,593.52,59,63,24,5,3.0,593.52,0,3
117.97,114.2,12,69,6,1,5.0,114.2,3,0
490.35,373.78,37,112,19,2,3.0,373.78,2,2
482.14,373.93,37,119,14,0,4.0,883.0,2,2
887.68,797.13,44,60,19,3,3.0,813.0,1,3
367.7,343.99,50,72,11,2,4.0,1049.0,3,0
631.47,539.96,21,66,22,0,5.0,1184.0,0,0
294.65,293.7,61,116,10,3,5.0,813.0,2,2
833.17,425.09,60,54,2,1,1.0,425.09,3,0
765.03,738.01,81,78,14,1,3.0,738.01,3,1
2205.28,1102.67,26,74,5,2,3.0,1102.67,1,3
906.23,801.19,56,53,5,2,3.0,1014.0,1,3
646.95,630.47,66,59,2,3,3.0,1049.0,3,1
1249.14,921.06,66,61,3,3,4.0,997.0,1,3
419.38,356.23,77,72,9,0,1.0,883.0,3,1
641.57,498.9,53,62,5,5,2.0,498.9,3,0
737.72,700.09,44,45,20,0,2.0,700.09,0,1
672.26,618.64,59,92,11,2,7.0,618.64,2,2
647.39,553.34,83,62,23,3,3.0,553.34,0,0
176.62,137.04,38,81,23,3,2.0,704.3333333333334,0,1
687.62,650.14,66,65,25,1,3.0,1178.0,0,1
395.58,309.53,50,82,18,0,3.0,1184.0,0,0
590.19,205.0,79,115,2,2,3.0,205.0,2,2
219.73,191.89,66,73,6,5,6.0,191.89,3,0
505.24,447.94,43,59,6,5,0.0,886.0,3,3
564.25,507.18,39,55,8,5,6.0,997.0,3,0
564.52,563.74,26,86,2,3,0.0,1184.0,3,3
