PC1,PC2
0.10216484341880036,0.1593524233444586
-0.4189462090525633,1.203880625706089
0.5993056754983648,-2.536751557200454
-1.6591624030594803,-0.4658980190154839
-0.7723108151666974,0.0492369874950219
-0.912643943325622,-0.8340184903308278
-0.12768309291305543,1.2556895253689178
-0.08154537854370637,3.8876158770142037
-0.23097945292735503,-0.5176014771478591
-0.8036584141186143,0.49105869813630215
-1.0034757451766647,-1.2733873168285403
-0.482919950740238,0.9157505160996179
-1.5811293791501135,1.961587187753943
3.535103926932364,-2.313978628717944
0.06355878351017838,1.5120638618571463
2.6460016872176624,-0.18975317242739256
-0.3876714604083321,1.6441317260924588
1.053310344841085,0.22001917969742388
2.2524542160011527,1.6717931750813495
-0.2353014738772233,0.8603241246475859
-1.6754112092675586,0.4561239749987224
-0.34563851648688854,-0.8088787894372363
-0.023837166398490508,-1.8443466269936082
-0.7830053360247957,-0.5548673603994695
0.360736427364263,-0.21702640934889697
1.1408423837074704,-1.0578900433339637
-0.6226878442602104,0.6531776701556634
0.0796156411686985,-0.58520033046365
0.58254519088576,1.4308549162689848
0.3751979615160676,2.0853529122929144
-1.2291728070208372,0.49652979266376013
0.5142759499748556,-0.5409977501856612
-0.28251327529991493,-0.00021064114091697188
-1.2469390490172578,-1.2530065428133093
1.5179491493619222,-0.9450774142047821
0.49660161900065625,1.222944608622275
0.6054997107114892,-0.36740590290813613
-0.3868565283132997,-1.2649587852166229
-0.523947685748807,0.029066707656126317
-0.12484343069089955,0.41665673055089913
-1.365802409315238,0.8093094594412914
1.4796103967845813,-1.0915456479243857
-0.5658291972879165,-0.5272354979812461
-0.43198069372199854,-0.9611022241414173
1.1048797247412674,-1.4601662521157077
-0.2679406918349787,0.6168857433387955
3.338059549442128,-0.8869267900163179
-0.8219032209028047,-0.5653583808262475
2.3029675919769512,0.7697037257837072
-1.2639241784338024,-0.30160542733004975
1.3918074869733215,2.6891769407971506
-1.9738748810110038,0.13989090762253054
-1.3488571042499329,1.1025983298185955
0.6838309880238385,1.5961418960929894
0.0035091447500381913,-0.3984170721216302
0.09049328675407887,-0.36668966592979163
-0.24445998691730192,-0.8706128101568581
-1.3557533533592745,0.47947211151947045
0.49562260054985363,-1.105403626038966
-0.5740503385916119,-0.5774682521146055
0.20870776412410477,0.46872160841045385
-0.14323509754701305,-0.5216455738101518
-1.3859745502765803,0.5429685028744106
-0.47423241740360333,-0.46976635642953607
1.491432499396611,0.13762799131236841
-1.189405893534963,0.07621387396632577
0.06314628103208374,-0.5842582820632939
-1.5456779500466105,0.24541898447390495
0.0889248087015265,0.9985648860158797
0.5057835080466091,-0.5552994053003475
-1.143803397211033,-1.4098330063587419
-0.4551840406080857,0.7006415648702407
0.0013060993371484249,-0.45639184751963735
-0.03131780330754313,0.2907951868009528
-1.6414954653684923,-0.43111542429871513
0.34891246970524614,-0.045484590108247874
0.554119671991203,0.04242975030432608
-0.9795181712316978,-0.46607790723536074
-0.970240274772044,-0.5772250574140422
1.0680008583450906,-0.7897666480260733
-1.1996278636106232,-2.0283980826398573
1.9029704889189136,-0.7540873022975224
-0.8920010244496686,-0.14396691444636628
0.21033638997320236,-0.9781728102036482
-0.2972250728934216,-0.15322804226418513
1.6273322340902054,0.03805285311672458
-1.5992746145532366,-0.8235405413111982
0.6706822386944097,1.348694134823076
-0.1298466663074991,-0.6655739551042733
-1.3406401992395878,0.5112044046306341
0.9396654544688376,-0.724189511980073
-0.6434364642320087,-1.126515021232455
-0.6927800374298901,1.5918846449500101
0.6289387302202312,1.4135445261355648
1.1699556015434942,0.35496778632157183
-0.7152527429724997,-2.961682637451331
-0.5195909434433882,0.5264564392970777
0.5493388305752236,0.09389662011884321
-1.1665365554767169,0.5739783077103314
-0.7271315767309179,0.59740220666468
-0.6085915768873469,-1.155915356444511
1.922912997596069,0.8283831820819537
-1.1477134038776091,0.2476388171310593
-0.07313523407306746,0.5698327344152784
-1.8309579244429806,0.2821467191611737
0.37344171026105333,2.249578796993719
-2.044882660837435,0.29008547879052
-0.38207851947570615,-1.8162391933769406
-0.7142914784823104,-1.537042074098527
-0.9653048662375433,0.5701225478466152
0.5094510487340638,3.3862201673548435
1.044523802786558,0.24150465059763684
2.129902312770249,-0.2717606410386382
0.04336029142808788,0.6763569586169612
-0.08237100566377817,-0.7929363551938424
-1.0150717797636093,-1.4826290162175337
-1.3406337454585062,-1.575407577251424
-0.0010251560249976714,1.2994274426691206
-1.4924234430642602,0.6886116428188584
0.5094533491075645,1.8662078576385108
-0.7158721127825814,-1.1346348101291794
0.13206189681112476,-1.4314635889897291
0.1051678583083129,0.8637720648319075
-0.016308284525666614,0.9466214788927905
0.30931120706484755,0.1310420705739983
2.5322747685333766,-0.02491950949219963
-0.8557355101648962,0.6145846340692568
-0.7533702710660832,1.013115551944104
-0.47037109117258163,-0.7087878543073021
-0.3689416367888114,0.5882574360102466
-1.4185344243075897,-0.2727960487231818
0.7352447275421382,-0.017105402195767522
3.034728148787475,-0.9769898963443554
-0.4312893728647576,0.24862269903094236
0.101424060567841,0.7963765408265069
-1.5211976536283816,1.6162575812812856
1.4632253032815854,0.1964079038128151
2.200437308991584,1.0214805556681605
-0.5737370291920569,-1.0544910353254184
-0.6430650336195896,2.9731809055586984
-0.5152249747854646,0.39664168808099254
-1.8510127594051673,0.6662779675726843
-0.004694497265366417,-0.028937129091038623
-0.6257581823901618,-0.880860906072939
-0.43920681976747494,-0.04116132514489258
3.7509210278345306,-0.18313465945301974
-0.6534470406000579,-0.02726393098240095
0.3859217212385091,0.3257280902359837
-0.33449147474617147,0.6053008622709654
-1.6229274972965937,1.740935392608379
0.2657849610196995,-0.24783854988881998
-1.456151988953046,-0.33896074964456147
-0.03643257416183075,0.7403013187227239
0.04235985127121793,0.10084969479443663
-0.7822843493569128,0.7716452907914787
2.3384210862718464,0.6653583334902015
-0.2462344436448282,0.44004586850226385
0.12016754514635447,2.3421577608365416
-1.4039631672264805,-0.13112048980546182
-1.604112802065687,0.7064749442252081
0.24438755268207482,0.12134257111637767
1.8032189098455804,-0.7582172017765958
-1.0075528289893132,-0.22625013676496528
2.493209740434213,-1.655910419616191
-0.4484232408066414,0.23645560794974163
-1.0133846886220395,-0.6228706967522151
1.6056887597465848,-0.25065740938366776
-0.5232838138624887,0.626899885781195
-0.6429846011188441,0.2665366074552377
2.5936408823102397,-2.339656606833194
-2.0525167685831103,2.1498642385710927
-1.6835330583891732,3.549397004644475
-1.3540726573649189,-0.7157888182076633
-1.3173061518488804,0.7896096051486093
0.2859678527126962,0.6113205039160489
-0.9811978811248895,0.9147061718451833
0.5168411764409813,-1.1710554090586494
2.9757034900013353,-1.4962863698472313
-0.44974515725430486,2.4406522279691623
-0.10428331753281266,0.5537254533810989
-0.6577670739130633,-0.021464965360929806
-0.34372225978348936,1.8092972430249676
-0.46370101882577275,0.7127113454250268
-1.4280214695685463,0.8524302753272037
-0.42961191690684675,-1.118836202535639
1.1312030977623941,0.3364940553407347
-0.5318449225763353,-0.4929308903645
-0.7145439615418923,1.6803590207391506
2.8866930242695266,1.3338974355745317
0.16609616317858905,-0.7781556971052576
-0.974878371310556,-1.0048785702548508
-0.29153592271122253,-1.1944066832061735
1.3290937764870736,-0.5467800774106303
0.8856791317846631,-0.27683011178945743
0.3840724337649608,1.0086453870147052
0.9427932312572983,0.10890432078862833
-2.0578655901403393,0.21696699372743808
-0.8310917103212232,0.318979748367802
-1.8248549520784914,0.944781420554706
-1.0612589988127794,0.3907897654807661
-1.6775590641710485,-0.08764439025392359
0.10823864489043641,0.4109286207730405
-0.4751290615884889,-1.2470453120048963
0.8641227280392308,0.977186005114637
1.9219417348555257,-0.050585345100201136
-0.5064013310033502,-0.6855056216145086
0.01769546003989996,-1.159322429637874
-0.7093432354588437,-0.429890808398535
-0.18198461312182945,0.05710966246506085
-1.2650306800392204,-0.08608332172223106
0.7904134133861676,-0.3321350564683797
0.8778939658066862,-1.2698750510694994
0.13794843400171233,-0.6166040206836528
-1.2118400231009971,0.16056055702404518
0.14786145027696082,-1.501103726139888
-1.2236294515426531,0.6676870035513158
-1.5104917672844123,-0.041208558135400614
-0.982309239009682,0.37174719270591705
2.0762346620452288,-1.1771844887045133
1.1103110664018128,-0.8653375687783548
1.2703833544251502,0.8808242539455979
-0.43018127319581145,1.4963840613870023
-0.7934620892166369,-0.8964697243190185
-0.9493579728859386,-0.5589718752944424
-0.22600455006841366,-1.0840297560039625
0.7507575277883435,-0.837539839158962
-0.46153397753502134,-0.49584769364979336
3.2359670768873565,-1.291083124524365
-0.4139641664769776,-0.8797926796417618
2.830462285065079,0.3695181895618758
-0.6278059620180956,0.9347179997717826
-0.7148753307705787,1.085888343118529
-0.2028317222462751,-0.15865556830030608
-0.2713788241244068,-0.14335225369512203
0.2275306592825597,-0.731045470454277
1.0939473239394946,-0.32174394194633016
-0.05762573622428108,-0.2786910670326521
-0.525157270738795,-1.1670900536712414
0.5231918312891801,-0.1990277904687442
-0.8143595114901016,-0.2915013020513048
-0.6740208937770574,0.09147296844859587
-0.8185314786420294,0.014134947567666088
-0.7053115785386708,-1.4261360357894453
1.0137870953950425,-0.9901840371154683
-0.9864936166626757,0.47544428939905914
0.636226441364486,-0.16528688178263887
-0.8032770947133429,1.9071463937828026
-1.1113216906513879,-0.6439184527763111
-0.9753387668317743,1.3087849925991
-1.2487943961848273,1.4470910560780639
-1.3481453393874403,0.17101936884368948
0.059202588301343,2.435967688574702
-0.5113204810445817,-0.5024282378041044
-0.8294533801511956,-1.6479753009619744
-1.0136772507563514,-0.8778172560639929
-0.6721497664802303,-2.068062285660344
-0.9649658236569324,2.5275482952873936
-0.5269056174190779,0.09299549312311894
-0.6326871983483322,0.078215339812323
-1.091777498512642,0.7893879822561093
-1.3121299437377711,-1.5604143639049393
-1.1279290992386644,-1.5376630427621671
0.11606675876377444,0.9226544344705071
0.10417029074892155,0.7279860295893761
-1.0326289651207672,-0.4834089161603489
1.5229889949160231,0.5432770408551281
-0.22448845720956973,1.2029360533568667
-0.8929843324245202,0.7944385141982749
-1.3007968844660114,0.5577877434910757
-0.9690210700025716,-1.3425392617436835
-0.2428444971436032,-0.529439889453092
-0.959533555998853,0.3151958926461287
-1.501310065864691,0.09743469778588476
-1.0661023760063038,-0.3820374682664527
-0.2376026579653637,-0.07337706403664104
0.06290459500898957,0.5022822305008442
-1.1039280734661596,0.934509926843415
-1.454981240531541,-0.9864913820941792
3.6725125214609746,1.3180215465977456
-1.9895056463624352,-0.24543276791531854
-0.31200171350411887,0.007856859704208918
0.49717583415880706,-0.34276415990800885
-0.011311094205290952,0.02671436998852542
-0.7239625620540865,0.23302423544847242
-1.0450977202949074,-0.5891231254047519
-1.596241930790518,-0.5463035263374394
1.06958257501236,-1.1171606102703477
-0.9324090425031722,0.3288458669610468
0.8209424432486704,-0.18781854886796173
-0.21570906916363597,-2.178941495761022
-0.10374215961893583,0.16605206795488225
-0.023508860073753135,-0.3625673433699631
0.7545164507602347,-1.4413975442109568
0.7834651999001518,2.3679402666257996
-1.8680358370181205,1.214291897016364
-0.9043763171215708,-0.601296722153443
0.9273127294290135,-2.019473401374769
-0.8448229625913267,1.001389720916532
-0.6494106101995203,-0.6605074303893971
0.7476494174488956,-1.7003950458720902
9.152636518017761,-1.1972753716833573
2.1593790437298663,-0.9996666395116818
1.410049399740601,0.3310559353849003
-1.7673079515382697,0.13108279888108001
-0.4484492523213195,0.8551911354837626
2.0093917307119753,0.1695966863834076
-0.7985618272609899,-0.12062696827025221
0.0004825303688139305,-0.9102055690690889
-1.3273178845668763,-1.2626127100164903
-1.101478256487298,0.7109005397785937
-0.3336908277346379,0.5644150184297578
-1.6349134671341239,-0.042523602269410835
-2.0428608837330793,0.6266922820213597
-1.239637092866985,1.342173374346501
0.15209158708152976,-1.3957810249125888
1.5605714901443948,0.1131525969683502
-0.906322321859529,-0.5359795164884282
1.603775544025837,-0.5803036883575909
1.5746727134886125,-0.5800671820210247
-0.4526094401783329,-0.882479479736985
-0.6073262634399258,-0.2940671598154879
-0.9338223582617967,1.4105118024449468
-0.9532445224898571,0.7790018808432478
-0.6404213116271181,0.2330072635390042
0.05094362510550365,1.352379004277967
-2.14235520916989,0.668068961166496
-1.508457527273702,0.011823214187343199
1.1042765275845152,0.2544326954268286
-1.2109295167358156,1.1025724319197947
-1.050674466704646,0.47379104402543903
-0.536084363365366,0.9785584610547664
-1.690998043748712,-1.250790732949557
-0.1676323284483208,0.8544998015310311
2.2677217213829692,0.7159679664699308
1.1753272772843488,0.9561195654034055
-1.3775960677625552,-0.27997756674461
-0.3157611151270278,-0.6733411579011389
-0.1697263137381888,-0.7103299902568008
-0.3594611593783091,-0.3624533302310893
-1.7149711832774208,-0.8737528440326918
2.269467528912789,-1.6483145899791705
-1.2440906909643137,0.9554047364495339
3.724788887687552,0.8223738244026533
0.38726785606879405,0.08179858100254886
0.1560144276408401,1.856741961225874
1.3166972620115351,-1.8440295935564892
0.7551452413525036,-0.5890930598017755
2.972002229244967,-0.5212263758739879
0.12081530071039123,-0.23142178350551434
0.3013759473560232,-0.5902521790586387
-0.3875346949618903,0.043609195970018694
-0.8391073339975892,-0.536044505089928
0.23467232196599047,0.5070564557604315
-0.08825695946007982,-1.064055334358929
1.325177415375268,0.28954977860481285
-1.1835940636978344,1.7404523558418654
3.4598971338102613,-0.13330401437036754
0.020702922327516728,-0.18154775392529907
-0.9062601231711868,-0.44614910464340257
0.2988613875593582,1.1599219243661198
-0.31728112596688146,-0.6240741684790988
1.3426604486892648,-2.4686466853496256
-0.9569480302537928,-0.8512541152376324
-1.5052944606787486,-0.11327921366376853
-0.7458314975861252,1.1807352957871453
-0.4922924692099697,-0.5040795249206387
3.6392921500754665,0.39615616512441426
0.27902087256259334,0.03834706754264301
-1.5065059403140864,2.058339601239803
-0.7571708705086728,0.4853637622444237
-1.5608306901672335,-0.5885721431487396
-1.0878743118172913,-1.2085274227496006
-0.315533366311413,-0.7973892480172972
0.1385668576593808,0.9386408871282965
-1.3874450717077615,0.3646283191331083
0.6391192010002006,0.3896817883323477
-1.5946388111848597,0.10502985429587301
-1.2676010035450385,-0.8564480632168978
-0.18433983924308905,0.016509303221739484
-0.3300709800487385,-1.4173338230017083
0.9493662914460247,0.38783230954627296
-0.47128670573185816,-2.124388477925325
-1.768735623701277,1.4611873397470163
-1.7624327428992652,0.4129661773310568
-2.0778093134434608,0.7175917259084582
-0.6060482600865504,0.9504967185496327
0.10375509438978107,-0.04093757585215444
-1.853333995549969,-1.2889691062414868
-1.2265397025553322,0.8169308701715418
-1.2219236122059423,-0.7965242320476507
0.34860439937807614,0.27429937863121295
-1.3880193351865098,-0.22124723182049025
-0.9023750744947172,-0.36225107571801074
-0.8328695591009448,0.5915173944921138
-0.1540115576639834,-1.4003036173155563
0.2129678700060863,-0.5025524938315218
1.9286296917627515,0.350101938022167
1.9934306302693228,1.099944795652895
3.0589374638535953,0.358592352966244
-1.2987946797588843,-0.76022082692143
-0.0893605675557849,0.3716314279971953
0.04136612471385447,-0.056659801439597035
-0.33957511919972005,-0.9529271103048428
1.7703434346597677,-1.5315963130210655
1.2305457359623764,-0.7577026764971665
-1.2000374634890758,-0.5298694030536867
0.028353176684359854,1.781540596067871
1.9307173964977797,-0.04718693340273893
-1.6254734658608663,1.1893118434009018
0.07776225561647855,-0.5779560471397849
0.09954552795501916,-1.043266455834658
-0.0884640577785336,-1.1029169089376418
-1.3572086380466786,0.6265168936075864
-0.0050852521611787,0.5256873152820983
-1.9082112428894282,2.2210212310706474
2.9607106968006485,2.752776796667869
-0.7841221711249305,-0.7057399301793618
0.3126074278986441,-2.85721394903673
0.49487677311871175,-0.6228873558912021
-2.033167729012091,2.91375083762864
0.49021470645769744,-1.398957059184285
2.4540422020282127,1.1570233982360747
-1.580939379248528,2.7908267489559235
-0.5138284151252593,-0.3804658664335977
-0.37900863048180344,0.40093644802156436
-0.36110481562812363,0.39123745721622727
4.709781653391908,0.45001899187746786
3.921274235788988,1.337810047096551
0.6838426412398358,-0.05113698456593947
-1.6552421044019665,1.230474876059449
-0.509174239234683,-0.8078476223445265
2.538375866152604,-0.5544821289523526
0.12864066467166832,-1.4989427761400567
-1.067144129118129,-0.8529725885861276
0.8649858542534439,0.29117512834723097
0.5998062520563542,0.6792949256214228
-1.5057458224210312,0.35799166436268853
-0.5760633035011185,-0.9109967375519703
-1.9108765054881036,-0.3493323129490319
-1.0089388509508417,0.857471268733479
-1.5399771109995817,-0.2535063907688348
0.636658970332561,-0.6562624971100616
1.112860002765296,-2.0494852653260485
-0.3415413304651385,0.47969653411128654
3.202707638162518,-1.4803328600504608
-0.2772198319205607,-0.12865869655236883
1.1974503626322737,-0.5358206234920633
-1.3075904059701922,-0.6793192611879517
0.7419616157803463,0.8836354277740008
0.5758028645482409,0.667567056979606
0.35532701462115396,-0.5094180733467326
1.227070501665048,1.119548775188584
0.5801474273595671,-0.44911218623385696
-1.7217490659053296,-0.8781719347730715
-2.2675526938351394,0.5488567530354512
0.9017323495703775,-1.222591598704238
0.8016211355322276,1.8858378886852776
-0.5212558193880157,3.189683180229127
-0.07763565100195724,-0.6551254055736064
0.3501600219706626,3.1772179525137685
0.22279904372987214,0.08983220570524922
-1.0942846814263212,0.04519783440015609
-0.5238382513863289,-1.3647566835238116
-1.3969535905873043,0.3636137304572958
-1.1595388182235813,-0.1581630694655649
2.056420795774013,0.07936931609821263
-0.6456464669027472,1.8511610615874436
-1.3565949052145043,0.1876835205905247
0.9298416342334525,1.0498919826112902
1.3397520490215318,-0.10873501325988122
-0.48090460859892226,0.8461055105771743
0.9794734545670027,0.17622406989732112
-0.8196330655654531,0.9704673405589155
0.29739715899531227,0.9442255318539414
-0.5864486774534429,0.25089743320101826
2.3019769272969017,-1.001137866039503
0.20095115604184763,1.6923793348438296
-2.0909080940477014,-0.9965768913533142
0.4686087243921724,-0.058875201606765196
0.25477835184056663,0.35347466401797717
-0.013044233263523263,-0.33838418231169987
-1.148446660179065,1.981685542392721
0.3761975413785588,0.21971610243065526
0.35923826795947944,0.6326373500230477
4.945072646203305,0.09566506492287233
1.482145308038834,0.9472173635196575
0.08640871157458445,-0.7114666615508322
2.0004113360903273,-1.147801146536374
-1.2365530011603698,-0.5980501718104194
0.1546912903247826,0.09650954811562924
0.3582141251220497,-0.45856304537022813
0.7169010219177598,1.431341501883626
-0.5292524077385543,0.42515651565321033
1.7000776015933237,-0.42340461219892134
1.3685510616379197,0.6810678300303197
1.3700976958673257,1.0483590863254992
-0.6650088065376616,1.4564008362094802
-0.5347660609596441,-0.3549271471615072
-1.8884209899602065,-0.8058351283485161
-1.1846359460791913,-0.505442394756017
2.922222957828772,-1.0367581274312707
3.6808730645566397,3.5457878402131313
0.5555070904885384,2.160136575712262
-0.8414028697878694,-0.274176422587578
-0.7317175243021661,-1.9162612251308193
0.5134769894224827,1.0040217228672443
2.090016626953144,1.0801174483255869
20.438215152798218,0.9026481404284046
0.49972717269066436,0.05629363884784444
1.3471221303435121,-0.7203916397620379
0.530632800504582,-1.178241137203971
-0.020951426979916796,-0.13067112685962876
0.40854327616152747,-0.03284902030238289
-0.570510878310996,0.870341759613607
-1.207010876696003,-0.07474013028187772
-0.21003865197841687,-0.19703186050016946
0.15899570911920266,1.1615262154599424
-0.6147335752516361,-0.055168368819581516
-1.105038833487134,0.18716010410725922
-0.33690366547027395,-0.4153956586728383
-0.9375353608925301,0.9524721394919039
-1.0283983931077663,0.5912097346416824
-0.485558224334986,0.40368771548897925
-0.4612432136340123,-0.32448925874590384
-0.9759622382795624,0.21113421289800818
-1.5669187717776163,-0.5937310223997762
-0.39664718825596673,0.8939527127770854
-0.9725781428987187,-1.1457385772140969
0.24203885596593364,-1.5077362598190382
-0.44236208733742266,0.004544181581168049
-1.8165410744911925,-0.7416688308922895
1.6274171165676532,-0.42982592930376173
1.781815946701808,0.9783625640252728
-0.9945290776953053,0.3353530183926446
1.8561377301495083,3.4770447482793463
-0.4563226466300954,-1.1826088075111985
-0.29031515814344483,-0.3627571304572873
-1.1699534720197633,-0.3214025014635436
-0.1308709300275875,-0.524121765307417
0.41297002499195123,1.562507145480137
-0.6225293957954181,2.116049458410148
2.359955960714135,-0.586393600393388
-0.059420995367956385,-0.11880415827185094
-0.29202458118002816,-0.9432596982580499
-1.2228944054746091,2.481536278776769
-0.6006947187775813,-0.9249146636006886
-1.7202297262636075,0.12242771264442232
0.13642657651428958,0.06208093429008824
-0.8284059210386145,0.8843106133964789
-0.363920025649348,0.768142307879861
-0.8027422407941358,-0.23378641921116824
-1.3605177632409653,0.4231265368200443
-0.32883083531074453,0.3464854549592594
-0.7122447627866273,-0.455659005946783
0.8350744493358602,-3.233405423567301
-1.3957410067711806,0.24145525716620692
1.145542442820042,1.3211978882005695
-1.5878978097449976,-0.10713883167587543
-1.1031901873165157,-0.8932651203728407
-1.539904956478283,0.4630427492272853
1.0309057310478003,0.3991744397408037
-1.5948106715334138,-0.7165516260816643
0.33562228614750206,-1.7239272487172839
-0.4831388412286905,1.688184650238305
-0.36324857920200115,-0.9306783731220046
0.1604658660780995,-0.4520978885594824
0.16847580071912552,1.162632096451075
-1.2747545063412675,-1.7722797716530714
-1.1968091718139229,1.0057956638286905
-0.37133992837710944,-2.1436450477741573
-1.717542206784552,1.0923575294164614
1.848302343736244,0.9142629049767225
-0.3725436915622117,-0.6023113575666909
-1.7392606700279882,-0.7128972927950002
-0.8373925060227947,0.5851033693730258
-0.7316156727464385,0.9711197258473465
0.5241907042659648,0.4447133932221101
-0.008101640821717928,1.120361690979189
0.16343936359214745,0.19704146678141599
-0.9337523109805518,1.0244800327619759
0.3162621000750454,-0.39130981156749023
-1.4557844515633955,0.37387447874295354
-1.1088343180647524,1.7395040994393591
-1.4101580541824426,-0.29288165597900817
-0.01871181397730778,-0.16300732398253406
-0.5445579252651057,-0.8483067432495195
-0.9157001397895086,-0.3709829004545638
0.9257951515458824,-1.7539245579467342
-0.7622635287601351,-0.26687803524964887
6.905337336738453,0.36735615437315927
-1.330808733018125,-1.0289274030051183
-1.0736483296103259,-1.2717942700851437
-0.9901415164067354,-0.8071114484624253
-1.654318819484747,0.5380313797479216
-0.15840649694613637,1.0981436216736498
-2.1147095977584818,-0.032308067857520745
-0.07697489548494162,0.5531339772209007
-0.6158199275304613,-0.36144744186136507
2.3710087595866782,-0.7804005995863121
1.337796890212299,1.1619803225437395
3.3703280804951805,-0.04102883622005124
-0.25176020878097544,-0.7563257355407239
-0.04435954577588918,0.509437901724219
-1.581504359780815,1.1407137115745756
-0.067308690688738,1.4232965248645495
1.6540584500822322,-2.149705243983216
0.4233018966876969,-0.22425066271909921
-1.165061122290012,0.8453789775856558
1.7742530469209394,0.13323780524508896
0.4704173940369248,0.007926737556624012
-0.2910218744030245,-0.5733234711607262
0.848192540249544,-0.4848425074046049
-1.4604716565947056,-1.6472811896689534
0.5951862128796968,-0.08253008977207527
3.7399959120945807,-0.5289218204024492
0.029335152663312346,1.0161937824795524
-0.05206360153396075,0.1253112118546624
0.4078472796644696,-0.6874938388322024
-0.4533393004745068,1.2770605840379543
-0.5978001695281021,0.02422960000273269
-1.2470356974165182,0.09862654720522605
2.6974871999241024,0.48291072001864527
-0.9078266337082934,1.0869142667693132
-0.7448875462418325,0.2763624026939407
1.8482860564221186,0.17900729899565332
0.06273630955666261,0.8644467561208102
-1.672567333385971,-1.0211129437135966
-0.457349676176728,0.7504939507563533
1.3913325026612213,-1.1519169573138894
0.11976324779038561,-0.7420936698862612
0.04794953790338562,-1.3944478340162876
3.067195005802672,-0.548286996269718
1.4121365621587558,-2.9121779520390096
1.2175686732284055,-2.5221841571528008
0.15831775865600364,-0.781368917817003
-1.2614435546132723,1.7860514746289506
-1.6987712180115344,0.34624003088549615
-0.470069706414549,-0.08465314008220666
0.2823455754595631,0.1381136160915533
-0.059422955217711494,-0.9258369065412364
0.024485982015174393,1.0975073225618102
0.21542373628319483,-1.102038940601426
-0.02653420767940947,-0.147130708565634
-1.65850877281028,-0.12706556370750838
-0.4779526408216647,0.703306602795437
-1.2391583858206259,-0.42399453421306815
-1.5250397851325936,-1.1210797201258296
-0.1454226428609741,0.9164335585677119
2.0982746064317364,-1.0508910926001982
-0.7131875421738881,-0.8182115308238328
-0.7833171055768788,0.12441472100016233
1.0001606916747197,-0.02513050075597379
0.8979956797518661,-0.17148245620647654
0.8640835281365781,-0.2979898234027062
2.4465109620425722,0.40470855208887996
-1.2282119963221578,0.643401969602699
-0.8258323681264292,1.3693830407157446
1.9632108954722813,-0.1584463206298005
-1.1126231840442329,-0.5366670470216315
-0.6925130439781453,0.7552506542855787
3.1068441958750155,-0.4201635159715862
0.8494276207664389,1.6701447117341317
0.5722664779999114,-1.4896003654769712
2.499447176174501,-1.7306260579502675
-1.185645284988277,0.3716564063368105
2.457709027803655,0.38463162725689437
0.002736350793860739,0.6736882485264285
2.0379614655916876,-0.7916025866376388
0.1412641940656555,-0.05625333049631363
1.3695396886737674,1.1836224148129046
1.0219137170097297,-0.24323941747442077
-1.895223974695786,-0.8161372601981471
0.3364756675859637,1.7247295495638277
-0.6932843915545749,-0.9346238813978391
-0.22012097796175,-0.6277059705570724
0.6209437284997493,-0.4869681203203775
-1.9832874504880365,-0.20349850575799855
1.60567343155004,-2.4803417157124867
-0.5023114882069488,0.8529151825338014
1.1221344558074395,1.0240381926440167
1.2034940309066988,-1.3161410889193188
-0.5418174529224979,-0.7718993982766572
0.0745863324585661,0.9922609347164347
-0.6560569417305786,-0.19314680459846678
0.528965453579226,0.9814760374752957
-1.581270711172436,0.9424080574988176
-1.8155182177133595,-1.0437149970352408
0.5018450142787807,-0.4487643025257933
0.12833367998158193,-1.17794622356545
-1.5983493439661915,-0.8217721522418315
-0.05468027944910746,-0.5472500051643481
0.7997004478076403,0.32533983199624733
-0.5057362001477056,-0.0818087675134221
0.35860757819020034,1.7971297467915328
0.1383966154832694,-1.2391254238711362
-1.4153102027449094,1.5465076191365248
2.2764595063277437,-0.9774882864009599
1.473194693720287,0.9074684125740927
-0.09936534698841502,1.4349270517728991
-1.3757953309887045,-0.024209739332253684
-1.2118211722846883,-0.27039422089898674
2.607290316022443,-1.3195346837943618
-1.2770604278647877,-0.09726661898661051
-0.021268487499241276,0.7637986029649797
-1.431311746855428,-0.2623743749643912
2.515747291216652,0.3502250010457468
-1.0948821704500076,-0.07248186062778167
-0.7323471250368266,0.9707849581850247
-0.17248833376868292,0.059285669915990394
-0.7784266661398972,2.689245609423114
1.6444153460930453,-1.6263691651786396
-1.5181562184993698,0.5049562310478334
-0.5781594539490995,-0.9134545377488651
0.48187001406377067,-0.7719260791685101
-1.2668212621736663,0.047373678848716634
-1.3007177682505533,-0.014275961633341702
-1.5543131892837072,0.8281033778164145
-0.29533616362044035,-0.3049364349042793
-0.8446967924059133,-0.7545041665609926
0.1447635968926415,0.02375394503990622
0.6822718938284156,-0.8003432117101673
-0.7091267582113302,0.021651731436175582
0.9882645906143841,1.1757312683294185
-1.0100338121885784,1.4181625537372766
0.713711962991256,0.14302540292725188
-0.0950368089056328,0.8398651329176775
1.4432254345244175,-0.4711435046973542
-0.9470652262931821,-1.1277485426766856
-0.6458651157800507,-0.8060361619559014
4.107659439889297,0.9836657147957505
-0.3449208829522611,-0.10428209612953404
-0.6196292952873389,-1.0720849228012679
0.6550606249722407,-0.6777216620450983
-0.8493981052372349,0.2850364990660908
0.8461662976986342,-0.9868445235119545
-0.7308939126509888,0.8971352547196659
-0.004278262564037592,-1.952908834117452
0.19196358642737918,0.11732081297914718
0.1662065249870575,0.4318344725084218
0.5780893465616341,0.7013352408994779
-1.899306166092925,-1.7735281513053354
-1.4503567051634014,-0.2522730521119433
3.2187925383813014,-2.0704364754160243
-0.2680339446023728,-0.20423053868949748
0.9318695188219231,-0.8213385562495079
1.1951425498076365,-0.9906164939242753
1.0246516375769443,0.260230324496654
1.1931377545462043,0.4198588943932359
-0.8134341742448938,-0.90305323604165
1.3181665812614596,-0.5175746324546895
-1.5539142628917864,1.0067119598260628
-1.267205208585233,-1.5369483991053954
1.7817555730530856,0.011621047045716567
3.429506715053853,0.8054501935856467
0.8316552856616888,0.48094808324302146
-0.28962329711352225,-1.028338731928762
0.12467935747870795,1.1310584575027658
0.6543208763546722,1.0946153645757408
-0.19837338085611192,0.012744656077997102
-0.560917117490285,0.6133489151753182
-0.4365865456053194,-0.4360432026271066
-1.7743005030344858,-0.8339887620813184
0.5720891026817944,-0.5976490220243996
-1.5105233152092619,0.5833913617535539
-1.3671404668954097,2.5853837788284104
-1.4848034315747225,-0.8304311725197742
6.884341623617418,0.5287840638051331
-0.32700611380054684,0.8098308220886254
2.581439271693351,0.08796513028974827
-0.887274457886369,-0.4293136323468263
0.007106595058385449,1.147417646015399
1.7374526121757945,-1.7780868807439392
4.590121153508239,-0.10860945905075044
-0.7100869478813346,0.8636540153631435
1.1634915533886243,-0.048001662600443785
0.9291749588235184,0.2808198218588809
-1.2069458261297572,0.8586786271363891
0.08301476944228071,-1.262746618380509
1.13517238634808,-0.6012674132759177
-0.18340453588020816,0.1766258501421877
1.380457851020162,-0.3765625395634001
-2.077471499169072,-0.5183712518672131
-0.4569882194921043,0.0007302727925328393
-0.9193546458357383,-0.8216892810662062
-0.39703553209645415,0.596033287580836
0.48144156571956986,-0.17348851502801835
-0.4662689573128119,0.27079588295234913
-0.8889168796626225,0.9645485786651953
2.1757380643954063,-0.047515946220780925
1.092148736511592,1.0954032521397676
-0.21065170156984914,-0.38516627957318883
-0.8430179347533923,2.19000477689603
-0.33747782307486435,0.4508955061724236
-0.3538862938389415,0.2834844155021331
-0.08235324767105688,0.2603955407212897
0.9975584555841116,0.2162804159984085
-0.9837389725082727,-0.08890405054463887
0.660027121939984,0.17502682457300708
-1.1342918672914502,-0.3185960906649709
0.13275549291290567,1.8156785534319673
0.3409176858309874,1.0279446154844432
-1.829896612843331,1.1236687368899418
-0.7482041406307776,-0.07897536623741509
0.5192661819331336,0.5834851512971584
-1.1614000171058467,0.41766399811249194
-1.827408084267609,-0.24435976810375795
-0.8823758734585339,-1.6862099379366662
1.316947556334832,0.8319044771585296
-1.575012395479108,-0.22335811081659832
0.8167418105718024,-1.7768516823794813
-0.5481910457870318,-1.1099782456916591
-0.7777500512950747,-1.1507723792508033
-1.2299743394766125,-0.228857774715239
1.839043069386591,-0.1180310701443492
-0.8968911606522009,-1.1273499566685994
0.11917206939106215,0.924005123614042
-0.4062565156159165,0.14615008681577432
2.3075957506269376,-2.1896285878160673
-2.228132796902955,-1.0085925380924183
0.3201459419458335,0.24324874254599088
2.729009759381637,1.374545817452894
1.1369977855120676,-1.986017478157643
-0.7968181914111812,-0.28214295524430094
0.4914319116152698,0.11902051772889002
-0.08815554034326716,0.8998662909546671
-0.8459731056679458,-0.2189591635484259
0.10238446045944416,0.3505319837731762
0.06741927765722582,0.05820855232558184
1.1074409783675914,-0.9607359265676106
1.5368877750494643,0.021964753742633306
2.228726676043122,0.830836281893135
1.5789454199905464,-1.6648230368623032
0.21554000031493376,1.895367447918467
-0.6458982758415943,-0.19452092228443726
-0.6861859354827016,0.619971450112665
-1.5413597985498189,0.015622299772673647
-1.2201939236152837,-0.06371160340729771
0.6829590089644838,0.5595648242742581
-1.2341745767226104,-0.8607939564888625
2.703307064057991,-2.568334386298224
3.479257288692523,-1.3046518158405245
1.2805970516662146,-0.21906771249716334
-1.0394066576050385,-0.4009962966287382
-1.3306072758589176,-0.29005465670873354
-0.7674119289466033,0.8929998399748139
-0.7256599523930832,-0.6710711164611469
-0.8297451432553871,-0.5236219318529908
-0.4847062005241201,-0.10783534828844644
0.3944449565447512,-0.5500676653718742
-0.7426928472351677,-0.37997893061134536
-0.7826408254542887,-0.550782447838817
-1.0855144291894945,0.886994792949494
-0.24487963680703648,-1.7464660511526076
2.2614787146221453,-1.0057785671377564
0.515443450981066,0.7469901622290522
-0.05373463531689595,1.3551969219563667
-1.4247972860293798,-0.7792575548352836
-0.36446128763915775,0.9133819468011297
0.8441194315586527,-0.20606538282359566
-0.3196935000259289,1.0375036124431107
-0.7453185613137163,-0.40935209204463807
-0.23343792619784945,-0.8721972773264647
-0.6676279135752897,0.8915698937234542
0.5712618927069897,-1.121563000993247
-2.244107591784158,-0.24961951769821109
-0.5148627539384661,-0.666874964454683
-1.3615109323237857,-0.7022082059639366
-0.6415258469395634,-1.8469902249435617
-0.43032863564232104,-0.10510087412532186
-1.108338996141612,-0.5036306408754886
-1.6021111701241013,-0.3923127006240712
-0.8089986266889034,-1.3242362705417041
-1.021486665861071,-1.045463694428444
-0.6658770151906263,1.7318936683718666
0.12212414246887555,-0.48120705835807626
-0.6710057754592659,0.07267899591716956
-0.5422392588137751,0.9528248532503553
-0.4155955710969539,0.24630502138620455
-1.0430479441475569,-0.43973964406601285
-1.4367605849244731,-1.0923911830420288
-1.904461244164507,-0.3375849539589658
-0.16575769980074476,-1.1310471966098228
-1.441256507243906,0.00843194214290838
-0.15714151653039554,-0.00784422504342625
1.0464804919222674,0.6571160258532224
2.5483368405522224,-1.0523575458093135
-1.5038264854078898,-1.042031601772754
-0.9863233991983468,0.059271670502770275
-1.7492289187789323,-0.2922067892251561
-2.083940733167304,0.5646041504571296
-0.22297589028417644,0.514475744534663
1.477721841166348,0.8332248128133364
-0.05753003303611223,-1.1269764808088976
0.10555887862809346,-0.45645913710913694
0.03469026907648307,0.5935292625587122
0.8861859088273261,2.3692675584213565
-0.934248083457422,1.4803642275094084
-1.8983843745055302,-1.5774936091901441
-1.2867679897406816,-1.5989923541420483
5.475670507158158,-1.8229987697348768
-0.3973809171791229,-0.6555811439037822
-0.002671221138688948,-0.23141634824223672
0.8902002778728376,0.5889579886102709
1.6150692419164285,0.36952597831930745
-0.7879326088151021,-0.18236171600951934
1.3538598323311637,-1.1672013013060156
-1.544827111344498,-1.1461084847666614
-1.0905592465506537,-0.3047259077071695
-0.8831192171548785,-0.09196682790740411
0.2575785155831294,-1.2111714903605766
-0.4250359779525402,-0.601973328023146
-0.9159620223015988,2.189805230470124
-1.1888805346242863,-1.2031054645703565
-0.761686924614416,0.1797604065617625
1.9159332010601489,0.38053464407846044
-0.707325493264164,0.12130491896514226
0.3510880254020959,0.5012693156724382
3.82418899147287,0.7798661460347796
2.686800615924948,-0.8479523388929001
-0.7716480790200276,-0.2417973986614419
0.6633826075036597,-0.9888941012753131
0.27114107262932996,-0.15733294069384063
-0.12551134860014063,1.6741560443049375
0.07992921406784831,-0.2603287013222887
-0.20538727248234917,0.31321143288853986
0.4037081800827812,-0.2152282387844314
-1.8896957093689342,-0.06743126234105494
0.004385367661911806,-0.7112851765019792
-0.26140050483794164,0.24048630502347776
-0.699927944880508,0.036905149765905136
-1.8601713704112457,1.3017054233736474
-0.6450201872739829,-0.19054861410525906
-1.0508628130402942,-0.5433478805407158
-0.36067271888868296,2.278540991578116
-0.25883951277253087,-2.1517559779006015
-0.16697923958674796,-0.4367297105806187
-1.2277380864345357,1.1923076746768275
-1.3048157876125692,0.5977823118365025
-1.552437466100931,-0.2532396015881904
-0.975099375481342,0.07544634152214236
-0.46955903900971685,0.0853636632719737
-1.2282189147338258,0.6237313183423072
1.4757277202397747,0.15046244826023406
-1.2702640787592228,1.2746163839834168
0.10450070005791919,0.8703306279097897
-1.1870405514353353,-0.6085951977442317
0.2756047914415836,-0.20900667771031398
0.292848510172248,2.9770117671844543
-1.7404341886922179,0.10736659991093996
0.46743926067956887,0.37147775011258716
1.456981016543863,0.46158393065888303
0.054584675875292206,3.983978100256021
0.21434727952781518,-1.1856686605104796
0.263599247296034,0.45568616785893495
0.42884785957594085,-1.5710548474742196
-0.3958172545774789,-0.08529803681367273
1.0471890128012156,-0.1062393584045079
-0.12406962963217431,0.5329436196069925
-1.348014299213108,-0.20721355398264793
-0.10719106489801769,0.41604838754838447
-1.4040517205354357,-1.48484419436323
1.9895787479836047,0.5378729070200461
-0.24681859476400544,2.2081644854723077
0.344008765501642,0.7161065933420864
-0.8863579558090814,-1.6100024069985304
0.3837858504224356,1.1935584330167626
5.025484794113271,2.2021113800686467
0.9109161610085319,0.5139834196684515
-1.3936669221507998,-0.41509409853952717
-1.3930966753983005,-0.10595041869128911
-1.7788739654663825,0.8097688133418832
1.709281663891875,-1.4186755310499886
0.8588240604066865,-1.1857713665662126
1.3911916483493427,-1.2622806100187645
-0.10901410678764716,1.602058127655312
0.23420151543602055,0.009906177127450266
-1.1277063184083964,0.3967118127798168
0.36893149355384497,1.4711223965877647
0.030841849963335034,-0.1301446078798739
0.4247985591089608,-1.2303894482315583
-1.5195414739763282,-0.9226994270502937
-0.6122758266933183,0.872895741801641
-0.4010854550193565,0.5978281085984621
2.605773570312865,-1.1697719754800189
2.9302139929858044,-0.3042733284111857
-1.5388326798929495,0.12605618180315065
1.2282692633541568,-0.26084481207883514
0.39307136341585963,0.6866713657636393
-1.4525644143923377,0.13457465239172064
1.8147436806072672,-0.33729510200557306
0.04044401329514662,1.0332517598433586
0.45982124197658547,2.5420464236283133
1.7960657640532818,-0.9244578195118577
0.7504597699689028,-2.244886396292132
-1.6706620972466188,-0.5264769447732268
1.2544941850461573,1.4989426937511108
-0.6635197086787014,-1.2995007282092268
1.5070531405411094,0.9689716028184555
0.20940862115370962,-0.6879468310639001
-0.672226561132034,-0.31347543359244
2.5033560439741547,-0.3658986564209669
-2.146360096725809,-0.846371902327486
-1.0409123614346691,0.44994731066038596
-1.4429664169139227,0.4020098487425465
0.6612549698722696,0.8070689272452447
3.8524092820145333,-2.6562449300717557
-1.556760127093403,-0.725546277615867
-1.0870263162341445,-0.5610164963533458
-0.967344983033226,0.6107610659609649
-1.2602011455435558,-0.9990366782918
-0.45273644580292893,1.7457845106556944
-0.6555322440465057,-0.29045729358304767
0.5250865709956887,-0.7018712629469085
-0.7184782998937346,0.767301215743796
0.8174057011793051,0.5963858164969775
-0.8771414497699085,-0.6351232675197764
1.2206293558812327,-0.7113011566904225
0.2284132563535985,-1.1912617803033558
-0.5115184309728357,-0.6058147107832781
-1.4546453259894765,-1.3029834346772007
0.24931500071564794,0.1847568997749375
0.3989692111876419,0.22624907867740915
-1.0891171102412889,0.959066762640116
-0.4579319395383437,-1.2013392104212295
-1.0761558092396641,-1.249480933507608
-1.2559429309893633,0.2888707794009961
-1.0842303434022247,0.7768507372741085
-1.9367144665628724,-0.07575091833385493
-0.944115934987322,-0.39105695250798955
1.2618948992453558,0.8240387337704971
0.26153103470709715,1.6863997677049776
0.5427383883648771,-0.741642320418564
-0.29320226459498594,1.2961317474124232
-1.1145970554092324,0.13002981508274922
0.059182977043129796,0.42344581480266863
-0.23798121643559625,-0.7129221125759984
0.8115541053313855,2.3961904235505735
0.02485381026637652,1.5339453547063018
0.34248518497664365,-1.1306337984398214
-0.750289767879545,0.9152336310907967
-0.2206575546081342,-0.45171204757030464
0.7711951441924537,0.6020879144786572
0.7093058702541081,-1.9715178894369163
-0.7110974886151992,2.245627230113338
-0.9870085612520532,-0.672166750980954
-0.1830265593044651,0.7226988737026205
0.5375110619450567,-0.4587273519742522
-0.008187787533085645,0.4159974732053905
-0.533053036752143,-1.2695312801621896
-1.682568506810613,1.111152289857596
1.747289707422203,1.102993417866543
1.0014687254462573,1.605715518009868
-1.5474425714632334,0.23815780957574728
0.5989857873034321,0.3300591952216913
5.3375916527950285,-1.9829946704323727
10.36004955300505,0.2543542908743338
0.7167520470874806,-1.4382354244281326
0.18240094450603844,-0.32083842393509315
-1.0192595721124194,-1.2949225192991063
3.256173646788653,-0.5057074427487122
4.922912159645516,-0.4180281527719399
-0.016110327930118816,0.754924662251079
0.4811030535563328,1.252252648294352
0.3281979049220123,0.35057811847120735
-2.040352962986477,0.27244557630637
-0.4781469335549338,-0.10147178700145358
0.45807930058228047,0.6476341592429581
2.1321730566196333,0.6280150350428637
-1.76787345883329,-1.388645700301278
2.9425373835110284,-0.728847487726158
-1.436973653236694,-1.6790723200823077
0.77662475697375,-0.7235489435202086
0.02041431602054841,-1.057647622899503
-0.7971823681801348,-1.0589438286077462
-0.33164978442625015,-0.1701536371173886
-1.0740529754631742,-0.3122993215676963
0.24833877875049826,0.36972786598672924
-1.3100232534131535,2.274007010416859
-2.056875647203706,-0.7053817569240076
5.090224426687885,1.3356675279106986
-0.13242507864855388,0.5252107577252263
-0.9263585290925657,1.1053606749811373
-0.8652099451546493,0.9818835831801845
0.9039347027174225,0.07029959535396137
0.461811074702239,-0.36957462595477447
0.21832515675619882,1.0729387373750012
0.4248715166429131,-1.2771933436055625
-0.07621681399398537,1.9841009506412637
-0.6602787141972433,-1.3154073704607288
-1.7222553846016382,0.20307500671927772
2.7358009722226666,-1.832058936643708
-1.9994356782553635,-0.48692942224384406
4.066021201019314,-0.2663862368852599
3.4794386001564828,0.5510365835439118
-1.3145106922357563,-0.12230662624128451
-0.6039048247499703,-1.7564834081135225
0.6286258277644521,-1.3153412560267947
1.0342837820669357,-1.534643629522735
-0.6498556959543148,-0.6889042723565563
-1.4598024213239522,0.9132649149764285
2.0066372465591384,-1.3418171164239643
-0.8987121612406749,-1.0537466017530506
-1.5077684444930428,0.11069507144435428
-0.6019903302526016,-1.4158632367589874
0.4316827539209989,0.044417365313527635
-1.1860082761378066,-0.4680105331787995
1.942921581203924,1.7639511394490928
-0.26251727963298094,0.3328528815388445
-0.2997844599151643,-2.151014345190273
-0.7289173679449386,-1.5601505744769266
0.07859647842258677,-0.28664016459973657
-2.2266165890805865,1.6794693775022624
1.706793788798905,2.5903383302509644
-1.3724912459038172,-0.8513414942940699
0.04100060164812794,-0.08903536591051199
0.1368660006393214,0.5912800075309722
-0.7133464836683391,-2.067919146708127
0.17830253691059872,-1.1096335726011366
0.7896242720864188,-1.0539917561772865
-0.06761931801692718,2.82704763626665
2.47979607756176,1.1395562676003559
0.36237110111071524,0.3194823664951015
-0.46361034916037386,-0.019458956733510124
-0.9744712743301982,-0.2387613971300393
-0.6233851745488624,0.03446841637390148
3.0233249387120256,-0.5909428827854444
-1.6202675343013297,0.2525293555139073
-0.20383907420506245,0.9984667981860509
4.410423304250646,-0.7572189043781856
-1.5231906009261094,0.1490511414514145
-0.4955055809060849,0.6170869472316767
-0.023835920138522086,0.5793410304043564
-1.487341388690739,0.20090253420900075
1.0412006033695873,-1.4788615174267492
2.309243330358306,-0.9278275698049497
-0.5811240713008974,-0.7464431969620196
-1.2191632637993617,0.5093940117058775
0.6404800238768594,-1.1388502899786297
-0.3125677724556965,-0.5710212602988672
4.228349238444725,0.005517071984209448
-0.6837652247517502,0.740062064297037
1.121607047977862,0.2883125722835786
1.3182241630049272,-1.3764434070572678
-1.447201599536022,0.28484151836575855
-0.17720979438205367,-0.5514000999440165
0.07605821658860941,-0.0371810035287249
-1.493644262292879,-0.34647655127517935
6.10287930716383,1.1773316141485293
-0.6509071363712203,-1.1558109680479347
0.825686213161478,-0.3902427149531694
-0.637528531395761,0.11673614756638295
-0.5112671363367837,0.45075987563078973
0.14479266048765532,-1.2620905407405087
0.9241562293105114,-1.2587446288240003
0.4675973581183737,-0.24921285025473278
-0.12098306296700427,-1.3211123310350337
-0.21618479911619778,1.440434552409312
-0.42697137247787154,1.9607903866391436
1.496461540745413,-0.24880780697311536
-0.4909479709715481,0.7449990853396067
0.7577816328030137,-0.815461734152463
0.11587614758689337,0.18326372321899542
3.8566186527030655,0.06975558594303788
-0.23533137667624507,2.501893204231823
1.84842260369803,-0.6969894369177113
-0.1645609521818314,-0.7047471805782853
-1.9437709804739507,0.6321818214477055
0.20733094293190354,-1.6898284789413742
-0.2571588570036869,-0.25372501759391913
2.687895707211535,-0.4960140820483937
3.2161503687527198,0.39638594820496464
-0.43348366780686437,-1.5985578621547147
-0.04579778444311712,-1.474755037045747
-0.144914296957775,-1.1834469118874484
-0.9027919429424937,-1.069387552061565
0.4328699678077703,0.25667827501459184
1.182645839805744,1.3251211973591883
0.352834421761111,0.4136375106914216
2.705882575619415,0.9128990324192577
-0.771013404197969,-0.2695660277620935
0.6164929778053166,1.3844531732344727
-0.3898487573644184,-0.605552665105142
-0.16704817960713284,2.9685174347645713
-1.7620330638613952,0.03550625059600147
-0.4604243358376006,0.4975487169085859
1.724069053682165,0.2792085671139438
-0.4129445770997759,0.4470425801849427
-0.5824955785661328,0.3553943819569888
0.26892459963584775,-1.0243675799571959
1.7253257463987577,0.7958480917367174
-1.2977443783235592,-1.183833999498717
-0.013529758618487223,1.0729711159601494
-0.02824532258159114,-0.3015109882092999
-1.324041427057306,-0.3640604951615692
-0.015451583049539357,1.009531103488452
-0.19851877834851403,-0.02817831060256129
-1.8629562082312403,-0.9046646000938732
0.5085469880294788,1.09325941024985
0.03893787650001085,0.5671489668918946
-1.019666910240271,-0.7900349171204142
1.5732534390934256,0.10267427850604208
0.5054909572366477,0.5191978873001414
-1.9171258938555422,0.02897289693480243
0.2648040172449726,0.9325623527035324
-0.5459104252814966,-0.8332428626690731
-0.680506102234859,-0.10259451289961194
-0.982508085850767,0.6864371242763972
0.09044870276044188,0.7372375892220472
-0.6901717728608311,0.22474233201137025
-0.06723984973885527,-1.0290832055142343
0.8133618458331018,0.7075010292353255
-0.8942052456576186,-1.6049865585960283
-1.7316611818804721,0.03154038250386878
-0.6151404222828113,-1.4463566549860374
-1.2338023072339606,-0.28678850180890203
0.05316514356138581,-0.1505858430211637
0.3663119120806899,-1.6556299238246477
-0.2129445354723185,0.1560478350591626
-0.3555541560723509,0.7799016912986687
0.21509281834233845,-0.41570048278545246
-0.8615571999262563,-0.8346014553892687
1.2445725581678626,3.0892860086434304
-1.1349768550972805,-0.518738763640698
0.884764948724461,-2.015442388825065
-1.3020579035657465,-0.5414355772751389
0.27676104662198364,-1.0561158542986993
0.4810766960699634,-0.5737423398259421
2.7516573614837325,-0.9994819408407065
-0.4622397032098912,-0.6660038983232116
-0.2736538384625883,-1.7490552203611274
0.17020775517940165,0.22419235103035898
2.484803018088839,-0.8147279064892153
0.28519839015632803,4.293816702588535
0.06559185995112751,-0.8192161165197732
-0.4479921962530786,-0.8944967698658288
0.5688645537108704,0.6277650461440392
0.15512124971278976,-0.7132138264737129
-0.3221302168057463,0.34073779993810605
-1.371310132159384,0.5401173123687101
-0.08425902567284323,-1.89025679967212
-0.6762645828960155,-1.4334901931241537
-1.1939975741286282,-0.776393997775556
2.8949022675042877,-1.3012792317790085
1.0983826723374883,0.1304952404829846
-1.9124907153726376,-0.6473840163203404
-1.2068554922540486,0.5263224079604649
-1.4750028018089902,-0.15778520643607044
-0.14771875004435994,-0.9431996516341357
-1.7965324024269536,0.20471897813619247
3.3762879634563303,0.812868323017244
-0.3047169486265724,1.390748242256162
-0.8688896474106482,-0.7723603673296711
-1.3824982973205335,0.08000588476489404
0.295837383972346,0.568591304146689
3.822024446462682,-0.7986623275272564
1.4026099638688831,0.39482880703913387
-1.210149271576799,0.3182564263067818
-1.6833165097629232,1.5758688814227444
-0.7211176198513023,1.3152732961019473
-1.9376501095633636,-1.0687472552288186
-1.4808892599083319,0.506144386335433
3.0288598272441027,-0.9600893773748621
-0.13571579503743933,1.179768403354812
-1.389865218008074,0.639951061928327
-0.8851908130646661,-0.6585397540278558
-1.0009397919075615,-0.19776751725860234
-1.033984006114846,-1.0634626545830157
-0.23356844960834558,-0.6953664993399096
0.2564280216179299,0.25000942494908895
-0.5735742875290747,0.11990764096063021
2.9889010191791967,-0.2777995780148346
1.0469065546024008,1.3224146389893752
-0.8388772555025407,0.7742606989648445
-0.898424993274989,-1.0036802635381838
3.503304350763665,-0.9209464151269039
-1.1835758633478148,-2.128087344418882
0.2845505503014415,-0.4019973864204486
0.5473380400909945,0.45403837001649194
-0.5185948650016102,0.8929943928259444
-1.3066446210572844,1.3366313033922903
-1.1876244505371958,0.243852119327894
-0.36242023680883123,-0.34278250577119207
1.8944084233556973,1.1012845688165245
-1.2136431427779462,-1.097449492600676
-1.0689662062402892,0.7418409433881871
-1.273927895343498,0.5243883814391757
-1.4728885053073018,-1.3710689417252628
-1.3845880813578324,-0.09930371159632348
-0.5210608422629878,-0.54034059408633
5.483877768927824,0.9978418742043819
-1.4885796515825516,-1.9495302092668734
-0.6593289242269611,-0.6151174094938054
-1.0336935978616462,-0.6080350971502438
0.6944543203598603,-0.518946400548288
0.06807489113209457,-0.23491463369676926
2.160414588251849,0.9950853665582949
4.163338670995678,0.6776975063864352
1.4228225029946384,0.7158690812144233
-1.071437095171093,0.9344048734862986
-1.9003641982327697,-0.2470552555477491
-1.377071378112695,0.4120207385533608
-1.368654217099689,-1.5125042399666915
-0.5917237740651698,0.40349866521206773
-1.8126292668618345,-0.4134584517077693
-1.7178050684243946,-0.5746869728816022
-1.4117242719992433,-0.888398458428183
-0.13828751410083315,-0.8208568689810574
2.178040668547717,0.8438299243822107
0.879994980568533,-0.878613627419511
1.3591436135695605,-0.6021019181731649
2.189588065579028,-1.1397715958967019
0.7874202367992181,-0.8229469679514566
-1.0121616886070044,0.016338483500217552
0.2965623099478583,-0.7938487496465706
-0.16405462436163246,0.36913308117076016
0.2149830975305416,0.1824331710530896
2.538643855823962,2.8287662013083565
-2.102641249225309,-0.38849204347051514
2.9747414304831667,-1.5368201269473272
5.674192025317268,1.446220056985617
-0.8568226833518294,-0.5752151907100183
0.6897330975182018,0.4068055125904597
-0.9001322418075459,0.3740069351515897
-1.39375437144907,-0.15764613573856812
2.1780317766979302,-0.5786553653168909
-0.967590077870973,0.8780363503927904
-0.3283822662488989,1.8738736350494962
-0.8519126012812231,0.10185565871638207
-1.6855612260719135,2.0444451406036914
-1.5549539059936206,-0.18732299576658984
-1.2509838839156393,-0.7179401068842869
3.736956196563004,0.8182774367207628
0.8009757183827635,-0.6242911928465658
-1.2395877271730524,0.8247253093814112
-1.3172512672601002,0.17302927613323726
1.957311539672309,-1.754952130453557
0.3714117557639406,3.2945125713025063
-2.020401757000691,-1.1738321610591942
0.9540552650181144,-1.6882441091905054
-0.09038507639911829,-0.48588793361354154
-0.8734994347683758,-0.009984628632515216
-1.0857249752332159,-0.3703382340237717
-1.82872615119352,-1.3218210382154991
1.189078260151631,-1.2948420046164093
-1.874590787535655,-0.47005721916129956
-1.4768985037157547,0.48331019160436084
0.3158089879164552,1.1124510466878674
3.1567777075652015,-0.9425065476177714
1.9850959166074136,0.7354592431268834
-1.8959350675450137,0.05013800596486618
0.049526949013050985,0.05388326993822351
-1.7387993784576765,-0.16826028103173266
-0.31704650951656854,-2.1675902201712476
-0.7720263623617869,-0.11896809702697553
0.32603867875323317,0.4121866934573282
0.12337285596230713,-1.12631939336109
-1.0046958450854047,-0.2947662827051106
-0.5922897735956455,1.061699591602054
-0.26943716404182577,-0.30216201048697167
-0.9180948806797354,-0.1883968784946296
-1.217501930145152,-0.8343812620751574
-1.0115095147493116,-0.7914004582726875
-0.21840408896730515,0.3558919219972309
-1.4923023436076133,-0.700419797003787
-1.3227572067952607,-0.4804351512368858
-1.4341885057649426,-0.5180503440437141
1.222967187558098,-0.6042132752082381
-0.009005831079521902,0.06658429024929778
2.602001626256311,-0.02606119233899131
-0.9912400037028555,0.659056476030698
-0.5082423101186969,-1.6575072255760732
-1.224155677980641,1.229253735197816
1.7864764657110845,0.7587790417570347
0.7137964963719577,0.037976047603440435
-1.0446214345199443,-0.06162145624835145
0.8307800709843386,-0.10964062316566012
0.4156944306941742,0.6569735362030773
2.2122083659412306,-0.4952320713634263
-0.43682710012444065,1.1880573879141454
-0.8408097366177011,0.5313415170319198
1.6778542410856354,0.07865622138678745
-0.22320057950467362,-0.4320001211350924
-0.1783606662281562,0.3791829159355591
1.5970628068841997,-0.8836090310963193
-1.6685472158013508,-0.5296943758306558
-0.5073830662769137,-1.4027990202867069
-1.266659873704158,0.02339214135905307
-0.12064343019697903,-1.4490923669326798
1.6122844461131831,0.0627809543797794
0.32510384692965255,-0.3460889840241758
-1.8016833072403442,0.2737742667401189
1.4515668894021816,-1.254859484000488
0.09842906676980508,0.3381203885761971
2.735360892035067,-0.5222270861163594
-1.6048325828325283,0.28991175879798475
-1.3112665901106544,-0.09308284321129519
0.5008810263730078,-0.713553685399605
0.7243648170157688,-0.7681889871586447
-0.253001620323354,0.07151864877600696
-0.2899253253745016,-0.24000324359137262
-0.46283841424304256,-1.0913763872102789
-1.6748894028997976,0.003311834479261829
-1.2313134987463954,1.4209468458981056
0.11679792800187062,-0.6952201722591757
-0.7428645240771681,-0.7543497437181815
1.4011852726692355,-1.4679960062047186
-1.0897566144898803,0.5521182884498514
-1.2008260410235794,0.9591891491387637
-0.8075793409750456,1.1141478737343415
0.6138946963593696,2.0381612102876945
0.7251419516703163,0.20938650638898187
-0.7296422586987409,-2.034180980414589
-1.2309725751374718,0.13532752545335064
-1.708199007389244,-0.8679046656109634
-1.4637702732905533,0.032082208474557485
-0.5982127338124534,0.7337086746602691
2.519431503467373,-0.1220118791021314
-0.08986115251987957,-1.1778162601228843
-0.9632782024669014,1.186997100029804
-0.4168928371360633,-0.7259735641416232
-0.2906451615193559,0.6679221047011691
-1.37380930747602,0.028208212699064206
2.660796081579951,-2.074214358154092
-1.3532517251723966,0.6592003214537645
-1.533760693129298,0.8895111773233787
0.42460851254065135,2.6427854713987298
0.24988911004288394,0.20417540410179677
0.9587380343905308,-0.2828533824879456
-0.34340824021835265,0.009249270332402013
0.327958221927639,0.4558957089471788
0.07470851216528823,-0.19786703549788795
-0.6321528263134617,2.092255273892772
-0.749987578671296,-1.8431781155429956
-0.5557478037184282,0.166657451364457
-1.6896865630639069,-1.0711376693409198
-0.09849986816178335,0.3352862978976168
-0.49055592110736157,-1.0788269422348113
0.20541210404061064,0.963524620694051
-0.2803979346638218,0.2903229768594781
-1.6109739345099625,-0.3983438064455085
-0.2387982268075018,0.49854284023838447
-0.6385051632750921,0.8861334241447961
0.14415861658548573,0.73865506122676
-1.2442158883118941,-1.5187861421135662
-0.0939062927397299,-1.2719015220631094
-1.3067777941833738,-0.08918869605749034
-0.7142684156979546,-0.47489190588754066
-0.30787740205435765,-0.14649587214618925
-1.4572298147929186,-0.794507040917141
2.047216871270529,-0.9518111651858783
-0.8744474550950694,3.408108937805995
-1.7559431673304715,-0.7177952530300595
3.9919942124915258,-0.6210585324132233
-0.22500869919601696,-0.6318221823808481
4.903212101264891,1.9719953243365613
0.47854974396056,0.10022862462904918
1.575457736684877,0.5979586539743841
4.515131893476325,-0.9992040298359894
-1.3404302559976102,2.607192935865035
-1.2041687537527492,-0.24900536011092997
0.8434524697030058,0.27097145425306624
-1.059318844617761,0.8075166901438492
1.0263078024475414,-1.4436466786245024
-0.7924427120312885,-0.30896852500604893
1.5850751464781123,1.0503999994595075
-0.6247427369621311,0.7358181894362911
-1.3347951030288374,1.919163844221747
-1.4838539498085812,1.014515744747753
-1.1928529182867689,0.08675457575766352
1.0101729847982428,-0.5653995109417755
-1.48831455535901,0.3298763079355384
-1.0233791458848613,-0.6409717090034275
-1.059666531130612,-0.7625188542393817
0.1895515551255417,-0.9457230722888166
0.6528103362778799,0.12863370432791552
3.4727826424729393,-1.1376132628370441
-1.7421816339269225,-0.11072053210949813
-0.12483694775888576,-1.461384695223147
0.6956932617165251,-0.06568807394264334
0.029698492761148044,-0.6689140498456372
-0.5631938149185344,0.3009434253750395
0.9620475162166294,1.0610483107370898
2.2950248102721997,-0.3341998600422489
-0.8386308434677737,-0.3781028007343935
-1.3394830729011447,-1.526809816314403
0.36295738000981553,0.02006171346765389
0.7278723194142536,-0.09672141890993577
-0.6508368484443535,-1.164986548981594
-0.775114024010621,-0.828623564608687
-0.978035159766754,-0.5748940091382696
-0.033685131437148456,-0.07244324434898136
-0.720541578844569,-0.18546108861635757
-0.005331235058721724,-1.2526838741198425
-1.7318433720497852,0.7880149041368063
-2.0191505217200714,-0.045171487423110016
-2.0378697700409725,-0.2796022351672651
2.0496620960554415,-1.5675489488372862
0.2042522706332008,0.9359579813913353
0.3481380673395795,-0.7483295127994843
-1.8330318926868563,0.42458183516922754
0.15860548787044332,2.2014859503006154
0.8061093407527457,-0.24433361762520353
-0.05099163328864958,0.08347733394451858
0.3289937187113522,-0.3121824382707958
-0.1987185837758272,-0.06656698753578288
0.2709351987051181,-0.03854219151818158
-1.1273958311216337,1.0890358299173244
-1.7375349400713909,-0.985961133963289
-1.4226024205941687,1.69134183853629
-0.8480930128278582,0.554402506672487
-0.8229835458018554,0.4037366977282664
-0.9191538060953829,-0.36009721320934096
-0.5452705764168662,-0.8556596412102276
2.3401935078641083,0.5503184359284888
-0.3006172009636084,-1.0039840022654782
-1.4298677266243203,-1.3028072634690382
-1.8750465112093235,-0.39994912826400986
-1.0186733888128636,0.3703244997722227
-1.0872350808400417,-1.5731099888927156
-0.5589012074605806,-0.3764453916489115
-0.3956653057707619,-0.5268176955859213
1.4159447696173042,0.6648467186791875
-1.568374788660297,0.3586520331237843
-0.4217802678724235,0.5350933283723085
-0.7406566059284967,0.598556164782559
0.8290763338712195,0.06279798991320748
1.776556079833097,1.573386603283062
-1.8029139880126557,-0.6751400339037475
2.8083192734444684,-0.36659661899028056
0.16201203200438635,1.8062374793913323
-0.014557053585365139,-1.2173585961700153
-0.7457618260563267,-0.26739320543793815
-0.8779814176257075,-0.8891892307053563
-1.669106291835668,-0.41118225609080955
1.6091713971357655,0.45693989695691833
-0.6924148358184097,-1.0179443749577746
0.826607176572954,0.45202827777297433
0.3912236927273262,-0.7758765122191261
0.06784509114352769,0.23636192715933776
2.0810659712088926,0.8251992953528533
-0.06330441302077502,0.47499544645342656
-0.8934106760732119,-0.6344975896301281
1.1887473048104613,-0.33930328461836223
-1.1706133429563494,0.6224805197805837
-0.03283029455516672,-0.8549742960157418
-1.2574369019833112,0.6704013165308144
0.7685908989965176,-2.2419508783190016
1.344096829314292,0.2546602578901895
-1.2669039614291229,1.1035190844175793
-1.8263818740743003,1.4467764421660738
1.0652511002560814,1.4806093753890908
-1.1771042830656964,-0.2333398664893625
-1.3939283640001827,-1.1292054862971705
-0.16434626163770638,-0.029097962303595085
-1.3401513970524441,-0.27007942755519443
3.740041612145311,0.38499697505373026
-0.6953092833129086,-1.057082481469933
-1.6156710402903312,0.7267255646095745
1.1723557089224812,-0.7327494608048042
-0.08704384058246786,0.3908349256163827
-0.7255242576775699,-0.2219881231571218
-1.0441313300572104,-0.3256481250352562
-1.267108436142626,0.4196420728408808
-1.743225152588892,-1.694862946804259
-1.4679725201856182,0.07229855486948232
-0.7165317087128277,2.4681564357104406
-1.7120968203611313,1.7149723925302693
-1.491180853611716,1.3031077646956621
-0.4839175489086021,-0.24518357643200292
-0.741344540942178,0.05999935309372456
0.8620053310124014,-0.13279590897785545
-1.1027107508735303,2.911224666434753
-0.0805223817471488,0.004982280080265356
3.6205540866014845,-0.7421575214862854
1.017891958507141,-0.5997654121769652
-0.4742343452789567,-1.2958832908528588
-1.4486443051139775,-0.716991080181348
-1.796315312309934,1.1735779693796335
-0.8823171691312025,1.9758463509243223
-0.358365592838138,-1.141222231834133
-0.0034760743883233526,-0.6566819400034233
0.22632710002666587,-0.2622090228617497
0.5149610101344955,0.19302774462537015
-1.1049480893921853,0.35940452010800905
-0.36075498957046936,-1.186707100788387
0.6821323828129335,-0.08673577587425021
-1.0270914897849166,-0.01762636221294653
0.6709422161469327,-0.9121708901625533
0.07668816068024177,1.3912253089176359
0.09037758375721094,0.3565657206929971
-0.7913817696515005,0.22737926040054532
6.933590950284671,-0.6905858009205723
-1.058959633589062,-0.08043991921529269
-1.4824970437982607,-0.7374489686148492
0.669584463528235,-1.2972071061845412
-0.27560294928125295,0.3170416072001068
6.404906454727568,-0.46261756483517474
-0.578573105669522,0.793349931098926
0.6409629203038096,-0.5937288831480977
-1.6210335649370293,1.629869534421187
0.12769281247424774,2.3803051879276222
-0.4660014382096157,0.5712541716059041
0.2818968619796642,-0.27201158815093174
-0.5495111820571338,-0.172520501636572
1.415054350948132,0.3875908526729615
-0.10881255172797777,-1.3747009244815924
1.6501678295916704,-0.08364058226056943
-1.24780951516047,0.8007055729986625
-1.0321184048242895,-0.06873203621553055
0.5753512065766494,-0.7623987167500272
-1.001566881602174,-1.8418728012733063
1.1065686122755003,0.08004972344941941
-1.3384782589631021,0.17577983475320214
2.7973587326993345,1.055294520765054
-0.5743409371182192,-1.3444080890588173
-0.6834519357776528,0.28984630580297405
-0.22412002739639514,-0.13279217807950908
-1.1955326478162747,-0.7976865419421639
0.4075642452569545,0.6589676183218337
0.30627333972541376,-0.28513558383248055
0.14066932216475422,0.7020104880051928
1.3908314024858321,-0.44371285125179094
2.0723838969876964,-3.060642363792331
-1.3592273593355622,-1.1235652064148207
0.07099362806814823,-1.1368660959674541
-0.8860852164849747,-0.6359868206566447
-0.1468803264403273,-1.2718612431072254
1.8064170396916885,1.52134917264396
-1.1735890312448511,0.8183003523117822
-0.29252739472372974,-0.7051570960871503
2.953143699973184,2.163411187710808
-1.7518137415343242,-0.13296536787215968
1.5097146595181914,-0.662546847255456
-0.06963085917856765,2.6283327597814035
-0.5887641620938601,-0.01403557039286357
-0.7608282405731158,-1.7465430400322872
0.6667537524124708,-2.569099716039626
0.34092924069979336,-0.5960588141041153
-1.2056227025129906,-0.2855724209830769
0.8610885998190816,-1.2516340878434484
0.21028018993511924,-0.2140540746906383
2.5081359732431445,1.7679648623320274
-0.9707432013903838,0.148964866854675
-1.3959172230213568,1.8478596030705805
0.0774128492077992,-0.7456532485268026
4.6431435763356435,0.9882117782056222
-0.803454166046431,0.12081577204756308
-0.49626668332747825,0.8681356183258061
-1.0980532229366602,-0.34322637592337363
2.631224970139013,0.48343368768417105
-0.4673142621736079,0.18147160237786322
-0.32786459368389176,-0.7593632822565736
-1.572551606116794,-0.8019011741703563
1.2017041085151472,-0.8232300159151775
0.9475093890453391,1.497710779855446
1.5211815492634873,1.1985840472837965
0.680556646676067,0.8528123595887463
-1.5867390149138199,-0.23995079126677346
-0.5411811903998831,-0.6216695255635872
1.3891551635965467,0.1651380464486334
0.4246401394169471,-1.5124026665553416
0.5738318139224384,0.8684213984398423
-0.17412591823190188,0.5571035212675811
0.10499411971200147,0.502765813859659
0.8976651292022171,-1.3388657223798146
6.200335984073177,-1.032145101961416
0.1795374378779827,-0.1805708563587485
-0.45302246558915854,-1.1496792645913134
-1.092550147440446,1.0587019799655863
-0.8266236371355163,0.9811766147036061
-1.2198635684760066,-0.4378440048162726
-0.6739229227669535,0.6128781415409886
-0.39657410883839656,1.8275727568565938
-0.8924262182996108,-0.7725942789952679
2.6500903971900795,-1.1752156607661628
-0.6787884183691772,0.2546569942924701
0.49641765984418834,0.23418333985954107
2.9925597533000765,1.2878740648652125
-1.749162982218254,0.777241415474616
-0.887256510150015,-0.7609509203488789
0.6047083765953915,0.9136264092529937
-1.3656163895373639,-0.024723426503477006
-0.5737274937279112,1.3650983441660431
-0.25087597627950897,0.5957277478838205
-1.9978138998520258,0.022282646011292744
0.44774876971721744,-0.034098969959841484
-1.1356837071993038,0.23303506317767
1.812265580603536,0.1386993300165912
-0.8698285456111464,-0.23063636225767628
-0.007821217091223196,-2.5962469523404206
0.7723766500396141,-1.5203971888347334
1.7174051729502269,2.5199038390447277
-0.9908404960257927,-2.5916076251447207
-0.6814317855696072,-1.9513357501722182
-0.11531647910686185,3.2078104016955913
3.226797133718054,0.19949048727767651
4.901674250447131,-0.1770094073848832
0.7042056602820868,-1.3146893219742666
1.624170247108572,-1.6805497078369396
-1.108113809932701,0.4708324426248033
0.4149697303158852,0.28411740649361855
1.2386787316406531,0.7166737215476872
-0.23420708099896873,0.14658744516444785
-1.2192278841692559,0.9657443337970417
0.4915257326112934,1.4472639449271505
0.567256755054907,0.8639608120088262
0.5601840454982033,3.2737731679411635
0.1688533700758097,-1.2489222798253001
1.3984234180180226,-0.12825260582652526
-1.2736146090085458,1.0419890985721747
-0.05407920870220322,-1.014960847027954
-0.47511377387098375,1.1864615150619577
0.966634282371629,-1.479127608836954
-0.39235441514154584,0.41036846068341637
0.25158359731221186,0.9125178812338257
-1.3576605629298268,-1.3178524760043544
0.9590115828329249,0.31434022818691076
0.72706113018923,1.0057970035366477
-1.5296808076737203,0.6605379518277523
-1.9067575408361832,0.09099689181273359
1.3605706453146014,-0.44471921378494156
0.969541694664088,0.9094654720374726
0.24668416386656608,-2.557356208096243
-1.66523091845254,-0.1814598804559704
0.3262175408586565,0.550056408820624
-1.986087896834941,2.2933789805723745
-1.5099425983843358,0.12222292364896103
-0.2785285326084612,2.7595354476709932
-0.6095878795532699,0.06164430864174198
0.816310135975008,-0.9401368388912202
-0.7454619418645007,1.7504849460798135
-0.7699501132091474,-1.0405487367215442
-1.1036580265019564,0.10512699153544593
-0.46421044782666016,-0.47793054710638905
0.28030762587494945,-1.3593886563919702
-1.6102407600173552,0.28341726036864
-0.6955294789156955,-1.2183660022858214
0.5963402042332564,1.213092246064993
1.2175944244796106,0.901601914366904
-0.7731364599821596,-0.2673119831508236
-1.63099967708553,0.29303801812629815
-0.3915326840898873,-0.04255438496592825
-1.2004056174076998,0.0677739040969706
4.837507014962576,0.5849820943329054
-0.30864278677677254,0.3052532629231995
0.2186038149854771,-1.3124551031895595
4.376596699749372,1.0132685697561865
0.38631737960198714,-0.3633987093419389
-1.6137771346693857,0.7657244669023814
-0.2363100923153383,0.8007777901089758
-0.39788493871745917,-0.33413309973903793
-0.6861204935557302,0.12895334174654774
-1.289780261078998,1.8197954086223718
1.4931852078852195,0.310348767232034
1.8722433717496583,-0.904363990788991
-1.6190339934590154,1.2197618721015178
0.792132820648756,0.13671082439863452
0.7549821066198474,0.36451313168983035
0.8141264210855779,0.42787550835231875
0.18274686747423954,1.426415066764061
-0.9346078029865366,-0.6893684820700549
0.5258058992830492,0.22260522753343379
-0.7083028285985475,-0.4019349673658633
2.357594944077842,-1.563104500035713
-0.7145129520531092,0.7392586504826896
-1.5966230250273399,0.5446433794364921
3.1230411158363935,1.9376546912097132
-1.3532616070265895,-0.29556974594484375
2.274134992429177,0.032621746489782465
-0.6909809002692896,0.0006677589623437241
-0.9384050593940755,0.7032611127847217
-0.2478976258659886,-2.7564491759757628
-1.917347776322964,-0.6116555323298816
0.19780945393799354,-1.5523648633318137
0.2808092707150395,-0.04981064011507729
0.9080081872745465,0.469672731654372
-0.2876542440491649,-0.12610995317367504
-1.7580863678089758,0.01056959830036267
-0.11114670047143199,0.15081713512635062
-1.133895986612242,0.18782344950749158
-1.3637337297303258,-0.38897514729130195
-0.01514352358822859,-0.12769673331078585
-1.3911992530005055,0.48324847468249016
2.3680570563193513,-0.3704311474620966
-0.2477087662203917,0.537422889855532
2.696408902977301,-1.1205647977603366
-0.25300489870799614,0.5086613595700342
1.0571066249778356,-1.2891130363546819
0.1191359387192548,0.30115399393126435
2.5864391356626055,0.6325697800261258
0.9140826609257705,1.72266705765509
-0.8837826386602513,-0.29126930227808173
0.879914873441298,1.6259066491223324
0.21193136607063867,-1.6893191209385743
0.37657419076992404,0.43475954917314824
0.5886696422519125,0.4493650516351175
-2.306438006710003,0.547216719508233
-0.9280368191895246,1.6299185492038135
-1.1475467915537112,-0.012091339501164805
-0.8785744538399749,-1.8950977146713668
-1.6474373093023142,-0.484933374508402
-1.0559865641374508,-2.2770864218774696
-1.0763091285652742,-0.9691861565541353
-0.37488281162588977,-0.10473358911016899
2.594534232100607,1.094356037472153
-1.2268458215306135,1.0758785582036134
-1.3930966768347912,-0.4430170445558795
-0.7245896894618935,0.8652088003513659
2.100538923669526,0.09042900705063547
-0.17020979886394283,-0.27773953993410766
3.5350275773022477,-0.8568198872262304
-0.3891420310968135,0.16558322229249323
-0.43154300947282004,1.6053067534727257
2.8449012120504995,-1.2960082004726394
-1.586088693252583,0.4772866947046258
0.9005519673686591,-0.6965992498782743
0.6518891894708821,-1.008688065012405
0.5805613753216792,0.19106680003496182
-0.8243170426686179,1.0209887227535106
-0.0032242544446860104,0.4865859689459398
0.9694409141189659,0.658249716065312
-0.47307366003327794,1.4698679813000146
-0.7306603290185317,-2.072713031995562
-0.7274885183682163,-0.3238627705598107
1.7586002485901142,0.6210184068757694
-1.1488488832723867,-1.1495774475538674
-1.0708854259343523,2.7509495178541776
-1.1341728661705899,-0.7346262648635397
0.5536209461208751,-1.309131764035537
0.2384249953297357,-1.9432114101505074
-0.2161211622539075,-1.0191405824858548
0.6292276652394421,-0.5056776532635677
0.5721516184438019,-0.31566546471437135
1.080749779154966,3.129391344334374
0.3179315699889474,-0.357159987410837
0.5306059738498123,-1.3365362386243087
-1.926557020257157,0.09941443706799681
-1.2747138610982807,-0.7329574922993489
0.325011434587762,-1.683720072002506
-1.8886398748884217,-0.6671224183929423
-1.9256196480618264,0.059935997440258244
2.1595506427219426,0.8354199983336567
-0.6861380645374812,0.5880411705268144
-0.9070752701440083,-0.635452720118288
-0.1894920006614793,-0.9367207706246805
-0.5445792920189845,-0.06825152084162002
-1.5751731513282077,-0.8261280430900785
-0.9112990123356394,-0.30922124792883887
-0.9715632968590129,-1.0067532697906894
0.2206607759021534,1.3579052265959957
-1.348375013023508,0.3370063084090038
0.39554276481341,-1.1712385141846502
3.2281194921716465,-1.4180824482675383
1.1185527535918962,-1.726825853819404
-1.444811223262783,0.43404994654565665
0.31808066848117567,0.3323231165367467
-0.28752968960168096,-1.1175072531235595
-1.5868008841499128,-0.889967253596738
-1.1436653881881411,-0.440751575688336
2.212657808716513,1.060073523999125
-0.46218008592739473,0.14225465265179116
0.23550658603494717,-0.30876046210597474
-0.28414777631542226,-0.9507326515124174
-1.0837419320852402,-1.6511940640772726
3.9851581877549513,-1.3164109133421726
-1.5635752851434805,-0.9247087211338676
3.2688354800951998,1.9773154376336821
-0.41908196040349055,2.1247060770804973
-1.029093692827784,0.026523809603624056
0.5569540380810867,-0.7126619039302626
-1.708096232045355,-0.2944816085466057
-1.396930205155565,-0.8161188793376596
0.2860403313231745,-0.7189385074775907
-1.1956139917118724,-1.3215822888771078
-0.8827666897208345,0.5114137511726662
-0.8970495525526265,-0.8616331045026873
-1.1616929302808152,-0.5765014582861955
-1.2364579361997627,-0.866213488764783
-1.264623131305474,0.36933823004466804
0.36226451864440723,-0.4723065841389308
-0.20016258610870316,-0.5170774183248489
6.463136929137755,1.376292654959173
-0.518108175376297,1.2298684825359483
-0.8613459049339602,-0.20599408737166378
-0.18651440216990486,0.3769626556593737
-0.37530670740403754,0.8179425515659838
-1.1525057742680702,-1.5275923721507367
0.45336906574714886,-0.41712469311435824
-0.6476353412529232,1.022235205972346
-1.4743873791701698,-0.025328731895551775
1.23796062317197,-1.5158515090723896
-0.27732808136294396,-1.6934733894322376
0.19144489547396087,0.5677000225781094
-0.6129539231310228,0.5465052054782168
0.09868061216717343,-0.9893418142032105
8.371723734693294,0.8918555964697583
0.8149344687640921,0.48585784650579533
-0.1998670418038818,-1.0409989276468967
0.4731719615510883,-0.6368754867779216
4.823105692531064,0.13650043486358873
-0.8099013381165373,0.7894273266662305
-1.0173837093336136,0.8394478763381961
-0.9549367083888317,1.8816830082694247
-2.033486787272989,-1.3295205173778228
-0.21931983556751675,2.7168916102852054
-1.5636894907342278,-0.8087695339027018
0.7498434362372502,-0.23334154647363436
0.9881249857272105,-1.4680105520013733
-1.8982044747413203,-1.3808056403061575
-1.1758387843814064,0.02113558101176201
0.6235654456466804,-0.2671986972195131
0.20085577596634335,-0.22588160692183706
1.7614409682766112,-1.2057484737603696
2.131654635833583,0.7474083381543645
-0.1924797622493772,-1.0950694282317128
0.31337319723491847,0.39528435789687844
2.0761746891808155,1.0470969268310784
1.4135616351134443,0.012184834611893874
-0.9567280398779725,0.9897076736835758
-1.9121528117236661,0.2383376177413628
-1.780293397957349,-0.03969739833996456
0.3098324741648332,0.7545479507468615
0.02649670886788607,1.1018499289212955
4.460385316056606,0.8235494226728582
-1.0886869487816881,-1.0523078356254958
-0.9972181851236049,-1.9422326697974017
0.735570828471658,-0.7648009375520968
-1.7034644056530601,-1.703939167576771
-0.07297292527840304,2.2878191369001093
0.0534413360620359,0.08063346909223158
0.2700441073226324,-0.9289929428582814
-0.5991865043210866,1.0111352490079
-0.27707463940649757,0.7732721855428056
-0.887624571445829,1.0577917715748513
-1.5447061554916797,0.9256035792664005
-1.055323793096543,-0.9390401743803894
-0.07772244122873818,0.16954626266866699
0.04831885488908542,0.07505081648226919
-1.173173125798385,-0.21779702609005228
0.9547152117041938,0.7485291161136476
-0.4446429629950103,-1.406470670786091
0.5528259934496189,0.06721531416806743
-1.0227708502324575,-1.2658534106196002
1.6832706871361587,0.24564857123522674
1.3155378458872564,1.0586166883669748
0.12634916873790067,0.41943278152386865
-0.26236827743860164,0.27593047733191023
-0.9539056184251006,-1.0541922075686998
-1.3458745990785461,0.4474115351439277
0.5616571558100829,0.5698843617636109
-1.5567665002259645,0.7934430332581213
3.03519671675047,0.3379165932626638
0.20630815684395848,-2.5396082941168996
0.8609005693630472,-0.7368393391593504
-1.8700266589745245,0.19738973152562445
0.10938623746705403,-1.3285932597145849
1.2051492916578161,-1.430478544344531
-1.0673858498467086,-0.9037700098951688
-1.120933103861415,-0.08901154479095337
0.14033601074418703,-0.012952575448511888
-0.5510097965662158,-1.0542288453821924
-1.2253847334732417,-0.5849685646848017
2.1386094130947346,-1.5417774047462678
-0.29521159701067246,-0.18292891476183826
0.515291304831049,1.4463944623443112
-0.556144223231242,0.12164763209525384
-0.6593271503578609,2.208711195322326
-0.4565542564421331,-1.0817141465847306
-0.6313735027782759,-1.1550785284721659
4.195571242261151,0.6391300694332449
-0.7496974359536127,-0.9989651729590445
-1.3165142075877831,3.9701835926247906
0.6094328058482985,1.4548990193045341
-1.7099198253789403,1.1731957906424153
-0.2025391398911908,-0.4040450526147093
0.37069910840325676,0.8698093424414224
0.396100019629067,0.44513528567068217
2.5989323313217403,-0.2281948776134255
2.2093524901813044,3.248141408553409
1.1647689300380804,-0.4041219242726225
-0.619238983647448,1.4981140163190911
3.2910095416173752,0.6731827084610394
-0.4982232834870911,-1.493102829557316
-1.5331998591803828,0.25909672929620187
1.1264296805910985,-0.8061907324431447
-0.8713631917365334,-0.3509347162653268
-1.4105982727304625,0.20012150868362
-0.12129971258221817,-0.38062242988377887
-0.9273773465389484,1.9537533583485667
0.43466806747002595,-0.3600407226453242
-0.018113094639720988,-0.4874968925126829
-1.2582344970207775,-0.6052243744278626
-0.7110754884672008,-0.6372734258383127
-1.3250494319121982,1.6188837223179129
-1.273805485907435,1.044534909440712
4.5030612227342965,0.417668639683127
-0.6391236339173402,-1.7758383813641192
-0.8821946510235105,-0.16892442492854004
-0.31199699191397495,-0.04523296890673862
3.101657489545559,0.5638380568693884
0.3110318585475461,-0.5510531559801698
1.9851471412112152,-0.8270888024744637
0.8867952844338741,0.6082988194943706
-1.8725944041110973,-0.03774627037991772
0.39711343122366033,-0.5548975362988151
-1.1727498850039957,0.5365341848826989
1.0214259623547177,0.037452689118350965
1.1837448209446955,-1.0103411937921223
-0.7336342780814296,0.4568690471285472
0.057644012050584274,-0.02734746837118345
-1.7695500347802358,-1.357138659955181
-0.21477210129049282,-1.3412438818824752
0.36839082414186664,-0.9445805116354128
0.3274186033934105,0.6369181606400491
-0.16831968519685256,-0.5617495715752914
-0.6797366627107874,-0.11278739102460811
-0.5123727346526209,-0.2363489633967485
-1.873770070943274,-1.191133524444492
-1.200135825444765,-0.38643100786623164
-0.7807787319072241,-0.8682901963764653
5.219528559592505,1.0772067247887116
-1.448242803336378,-1.2721501505740465
-0.5759735183904227,-0.8042649334788073
-1.4896178424714894,0.6392806391645552
0.32648388076810037,1.694051600644003
0.004815288439352337,2.186550559263779
0.11261578490560016,-2.0622841357270705
-1.1588533045462257,0.12840257148242634
1.1548515096107934,2.521839779921521
0.2983427814089726,-1.2888613160781823
0.39224858159720716,0.23460407453421825
-1.6732259447518716,0.39525514939164114
-0.7607043486081354,0.38313165776381597
-1.0092466372991888,-0.18137564909997544
0.9061353644180346,-0.4772196059895046
-0.7334551447527687,-1.3871475200434886
-0.3341448104633499,-1.413227194083539
-1.5728606016301694,-0.6727066775894559
-0.8230299360692748,-0.6956245742859718
-0.006227436013682877,1.2817211646636482
-0.7218402550996241,-1.2344176082218445
0.2802802500850905,1.17554256936532
1.6870328199169289,0.8609077883690973
-0.8495563042478399,-0.29821772757851356
-0.3584915020574247,-1.071833691688859
-1.68680571364418,0.2899353059650901
-1.7820172782242336,-0.4451784661825778
2.5987661131760817,0.056134324929711765
0.13917228912629517,0.1855222657233343
2.597946606149821,-0.0759674789363855
-1.3896783826114385,-0.5286830548013562
-0.3862614055788822,-2.0484027698087877
0.8978220825552053,-0.9515367065137401
-0.5192707179122399,0.7010016699459966
0.7563190519645874,-0.026193954552669197
3.3183076572324675,0.5364704650893884
-1.3983486706724078,0.9631827164957425
-0.46946802837268253,-0.36758599428019234
-1.0215766529051316,0.19564133212854495
-1.4254229326245529,0.7097886710444673
-1.076600438301752,0.6242290328439268
-1.2675156506287548,1.8189127438170751
1.813521427378372,0.08278201469931612
-1.026637020455232,-0.8929197312450725
-1.678759114299245,-0.42405265669542125
-0.08404299295118937,1.1673810646060456
-0.6799313777962526,-0.8167606301046556
-1.0794923333994004,-0.6987647091085337
0.21647517343330022,0.08956113139917624
-1.802369657548344,0.10845207477152805
2.5513169302222005,-1.7579039652942738
-1.031119816638701,-1.0870293069871648
0.03106643268899083,1.6247773449494562
-1.061555774979527,-0.5390569799569994
-0.6109210365760883,0.857179037057483
-1.1670655369509588,1.3712613579051711
-1.5845367370565095,-0.6970754270009525
-0.31815258127425317,1.739662270206512
1.509771350502189,1.4371489051583364
-0.07744986272709442,0.46610203672288864
1.1589568283071925,-1.5069011241012595
0.30895519992339293,-1.0630977138030326
-0.733698013664574,0.5351738204485624
-0.6679449437725415,-0.8274559089601998
-1.6220038170245243,2.746175797618015
-0.9533898767004158,-0.3663436339981168
-0.7497511124303722,0.36734454868740635
2.780785778502462,1.6671904608728898
3.6465110472893967,-0.5969498267519887
2.2599466378089694,1.4083559906083567
-0.6952032587877764,-0.3436952753840658
4.02992496721128,-0.01554468553749563
0.3972274085424548,-0.8958440807043834
0.9813423581172767,-0.5333641373527943
-0.30467119846491886,0.25736181366665617
-1.8036468083620831,0.18544552893651586
-0.9667349909102748,-1.2080642481051422
-0.5750708939596052,-0.4467737283232958
-0.9867019571936235,1.345932949232528
0.12475968235167133,0.5845908872741233
0.46431341747494925,-0.09374650682011358
-0.374501846485386,-0.43016127043073854
-0.8389055471164019,-0.12038876615897208
0.09981619584007916,-1.8183421724595124
-0.7208816228391021,-0.23737255717121017
-0.5455704385465999,0.5999638511446959
1.500403401431128,0.2887602016767033
-0.05736646961615819,0.6244142836414269
0.0371177865972916,0.3182319340022355
0.2461791041958133,-0.6878569468904323
-0.8517431495078159,0.7624986039971735
-1.2688842974719032,-0.3041888482675728
-0.6439401673825359,-0.3272835336796045
-1.0847311540713316,0.888188192655666
-0.8199786354618065,0.2181658649530139
-0.9555284248233947,-0.41076114571099903
-1.3299053662493026,0.6792978438474792
0.859429960198403,0.5610562108610803
0.4897985101568364,0.8724887096170795
-0.5059034192898164,-0.9481896810758775
2.1618301181497945,-0.6559388043851392
0.8573844266933599,-0.9223337243712617
0.02335564194376793,1.0956345272850367
-0.5888972686953089,1.9702665844228593
2.1930417681262515,-1.3237378344513975
-0.847929508552498,-0.22856836650108467
-0.9012833340860616,0.742608048096333
-0.6788594841696904,0.07080379714028012
0.34027027046567837,0.7076408936248657
-0.87895594218036,-1.1966205649398851
0.17643985370131526,0.36962138590562293
-1.0041509814684035,-0.6333989757012994
-0.9088023723369913,0.09885613395409638
-1.4485568941142468,-0.7327445706664174
-0.9675116219218216,0.3551494110171803
-0.3296677272979359,-0.8665619412809752
0.06707048941929318,0.5673977603011184
-0.8117784866163937,-1.7486394177240352
-0.8499463687862431,0.14038175636018213
0.5862894531864566,0.5078853144520474
0.7065290436630514,-1.9886904049911507
-0.6381625080975604,-0.9467140903288069
1.6258982777823512,2.8071154533458196
0.32034494469721014,0.5397085238397253
-1.5473669943494224,-1.35092855197194
-1.3579261341236435,-0.33289485695134297
0.30339758534883765,1.4137863365104184
-0.6982112170568683,2.3469583537870724
-0.5157555226200894,-0.44628724199204584
1.032170757597862,-1.4845050644299507
-1.3451283172282344,-0.712742665003868
-0.47503718152171936,-0.970697621313716
0.3132788937265039,-1.5309643325994942
-1.014008510401422,-0.38468454582741496
1.593677021517035,1.8502357242497993
2.4898893308124563,1.4480358748659752
-0.9624189954986017,-0.2410416972854311
-2.0089401111267757,-0.39859260331046914
2.686193407228458,-0.6107992645212872
-0.6851050338889297,-1.66696466829899
-0.2520946728610308,-2.12629149844426
-0.34088358346379594,-0.23345460700795662
-1.2136193883059199,0.4921642274775574
-0.4521726520838524,0.8292281543641157
1.4617100839833055,0.35067641403901634
1.4443652677118763,0.8620170890568682
0.8193675786644944,0.5835863438240486
-0.7471732497747076,-0.2657412694268756
0.31006560210202183,0.7721706832720928
1.0101444260483632,0.7250963469012287
-0.672933412590115,-0.46405292141313087
-0.6492351013994457,-0.2509214549865452
-1.6137521913985085,0.2262923944907912
-1.930777789352877,0.881546871129065
-1.285775961478436,1.1454316953458237
-1.795003746671938,1.7683514776768878
-0.5573617060612774,-0.11519124797110739
-0.29445198762076663,-0.06591288500671423
0.3069982212783145,0.9841075524442431
-0.6052891434636034,2.558983080992858
-1.4312949056022848,0.11910472462542304
-0.917022419890787,-0.026846567551184513
0.45527702116681334,-1.4301256497823687
-0.19607953587885854,-0.13659376904898254
0.15286127879448105,0.3552648181457608
-0.816154148013272,1.126026123244825
0.12167002941966694,-0.9989678161634669
-1.5769113602577012,-1.7837941637312458
-0.8573230818369035,0.5328479279346449
-1.1521842252580896,0.7371324159296986
-1.006423071760609,2.1808481728984437
2.3764443967891076,-0.3480003068142834
-1.0993757464328529,0.38209095546310423
1.2802879551850213,1.8911406767886394
-0.003495190068293139,-3.02468424514644
0.2945691520333542,0.18735752153897742
0.9701418272806863,0.03149114839780652
-0.47584640080235296,-1.3144957648620303
-0.17092041048554538,0.011545006280990006
0.12696190379003355,-1.013143361537323
0.6865638790983262,0.9294296105193515
-0.12405582407029406,2.527471716517947
1.8925080369297902,-0.4814276431139705
-0.02258815907042835,2.300537221317562
0.3892099058559937,-0.2561811969786247
-0.868301330439304,0.1350468848148355
-0.8417355717840556,0.8507724676347814
1.092870030054737,-0.5333848262139207
0.7546146397522666,-0.2123720927809343
-0.19014823609656714,-0.8010863536527985
-0.8629570293283091,3.620729885204948
-0.5391214045983271,0.901642474774694
-1.369559303200157,-1.6742542776458007
-1.7513913804284398,0.5355304608067287
-0.499854429992531,2.0329179127399217
1.694517065798311,-0.5496941801856435
0.636937135454357,-0.7232406343615871
-0.7711273134001014,2.1435730730744282
0.26731854736994937,0.29394799004243594
6.244767439302897,2.0441271081789005
-0.5198920766723698,-0.45017815202253547
-1.793522558799329,1.3451372303995555
-1.246473675532998,0.6169618955817887
-1.348824636011375,-0.6716346472289597
-2.0951795484347056,0.1698832900393915
-0.3114851974261628,-0.11285754279962942
0.2410337562520395,0.18460694534151426
0.8815279684522223,0.06186984764026668
-1.0750453339109263,0.002264090576873605
1.7987054472164388,1.6084539362197492
-1.051023028548282,-0.08348082359525663
3.132128942672679,-0.5504127590895511
-0.6807290652356167,-0.43219467794975014
-0.2626957709788142,-0.9995118720342593
1.3619332550092509,-0.6407181939322452
-0.37551137526948697,0.5088174887330302
-1.4264156456217874,1.0206289677162577
-1.1617314406931407,0.8790030271496252
0.7222642910620769,-1.366805231150425
1.2563161671382814,2.4013392614691695
4.421176779225224,0.2872386707027508
-0.7695354071700617,0.5304737803326947
-0.5960315929739136,1.962516977280104
-0.8990829721247022,-0.6365584176280336
-1.211475384039699,2.0092269811668086
3.448432401795584,-1.487659715906538
1.1539311714724474,0.5344782735930471
0.15769915689587383,-1.129602948070547
-0.3634077073556195,0.07696939589390087
-1.4922676224961695,0.7431260399420148
1.5982932618838073,-0.2143628324118938
-0.22907367828657446,-0.009576242878886441
-0.26641041192950843,-0.8490643430239389
1.38342102833287,-0.8984492886281957
-0.8317982060989537,-2.3086231929815852
-0.43296887466578227,0.24453384925287228
-1.6326818169989386,1.0196513875238142
-0.618916181928101,0.6275413156445994
3.146105028018189,0.7456593960956244
0.48380511520852637,-0.6439601758343899
-0.4563654382706062,-1.6620068223769227
0.6418598430203525,-0.4833243919274318
1.0209329652576589,0.4452012007341069
3.8273357356093185,-0.6969859137795638
-1.6353137856474416,0.017016088811903585
-0.4983095271682394,-1.4168292400111775
0.26795115364572486,-1.3137777200342329
-0.46142027983864964,-0.14195903890066333
0.9595671563095173,1.0643129897976795
1.2798218752283774,0.7210082329151847
-0.9532304097237478,0.8921907004792826
-1.5487708656142838,-1.0536003268782392
-1.2008887848236807,-0.6434346160974921
0.07875272902099541,-0.8056013540437003
-0.31760167486641266,0.7471081199871108
0.1284376635362729,1.7686098246551496
-0.8763343686665264,-0.719056077879456
-0.3170567784591185,0.15951952802357225
-1.0380402365223562,-0.303618199592309
-1.6684206595783284,0.49825545975379576
-1.1256853745669089,0.559406137195977
-0.6114941454439969,1.1619376604419864
-0.813714083880872,-0.1407949096553603
-1.4802053176852847,0.45848114612755536
-1.9450933322864203,-0.3076465686983865
0.5266519677759633,0.4574383951113229
-1.5108883822446877,-0.09128256016865995
3.8707953121228407,-0.14696056003081703
-0.9510808148920565,0.9628145153562201
-1.7868352898377817,-0.3943756989562416
-1.905086112980024,-0.19307155829174175
-0.18519219285723948,1.4080111734052316
3.980952616396734,-1.5889719087022707
-0.09992777330536837,0.7550873205099119
-0.9293806035462171,0.25620604205963204
-0.9936808089496987,2.015336252540981
-0.833679778946705,-0.4335535675103272
-1.4239394089726138,1.356303679961922
0.5616192428837727,-0.5970285657692133
-1.1922187790051213,1.012149016934872
0.33948245791282766,0.3798481879360656
-0.8270239139975901,1.1805354314938168
0.988919872856296,-0.4655791425902943
-1.1067369213835636,0.12872394753981742
0.7770497227705708,0.08959455744803796
0.33274611178919156,-0.9601559298215464
-1.1933002865269522,-0.3342086871620961
-0.4695058990346908,-1.0353948758097007
0.34560415442274,-1.190867454199269
-1.0987825695565157,-1.2739768821296282
1.9818198831049236,0.8544610187587695
-0.6556340330460614,0.8485586237645963
-0.047039852993280847,-2.546968875359984
-0.2678876161060022,-0.7137627154213583
-1.1195457947102125,-0.16101540645281615
0.28608114587564215,-1.376909584018557
-1.6474984859014714,0.9700105536793225
-1.0881246032485954,0.21970058361528175
0.3052574057354982,0.7743473276557167
3.216084968397052,2.749181220365266
-1.5050945668305222,2.2492054772595216
-0.8799532910171927,0.8122903169901203
1.9157006731654977,1.0371776292402701
-1.4522991773874148,0.06595599935677737
1.1219021737363168,-0.9789601130974469
-1.0174532593454721,0.18558335492361902
-0.6181704187483243,0.053712493652094316
0.8080951601339164,1.1214355485085505
-1.143142675717208,0.509398621836368
0.8265248704968976,-0.08165139774866927
2.000218786978476,1.875502336847226
1.2365418097325014,1.2964027657617654
0.9609676668638106,1.1862433690057825
0.8084899701115775,-2.9427932047290786
1.3035488545960465,0.1250314727580426
-0.5511546443207473,-0.43831306226310135
1.3041283041071567,-0.8038899552350676
-1.545513114876052,1.082492059303378
-0.5209919783703937,0.003860723545966501
-1.456387489701288,1.5797327342992478
-1.626820334380903,-0.6554147620482951
0.8098533486711749,0.9425964955242203
-0.6583184092953475,0.6206124945093486
-0.16902598334941876,-0.5795142253769798
-1.0887520463004863,0.14805996527266949
0.8816435773268474,0.17445201161773347
-1.5866369932098805,0.8852777590911208
9.055264882816074,-1.1316686868309638
0.08312332316285947,0.3329536861952475
0.7725329540475449,0.6528760516128996
-1.546821680461597,-0.7999371338736461
-0.48984279337378434,-0.4547230511837518
0.7304208415543257,-1.7631644905533854
1.0047940789567502,0.057940143652214
0.5307809364159957,0.25705514047119166
-0.9478439022886237,0.6669247669852919
-0.11651528691101225,-0.7668464158103491
-1.5225267757630547,0.20725968504481482
-0.07449477631669445,0.6527657879596235
-1.4152255300282006,-0.030672437368319094
5.165503199307307,1.8696980219311632
1.4624153094219468,-0.19308819143823389
-0.09393979575399422,-1.0697705696247324
0.36353521486261814,-0.9014042290338509
-0.046619888380243224,-0.5489516931269992
-1.3030337091467927,0.6148886246476353
-0.6469771031822418,-1.2687992483909154
0.02586737640119023,-0.49176962389728385
0.8794022191137375,-1.2577992236938864
-0.09121855846325427,-1.1738076105199013
-1.4396676809643336,-0.9147358303481058
0.10298212844254209,-0.03183386486441981
-0.938100026832983,1.3273840628268032
-0.8107060841932731,-0.3422539015784631
-1.3427757254010322,0.24748243005516424
0.671875553514413,-0.6034438150320645
-0.5684649773834362,-1.0389416291567994
-0.6163473635661575,0.18527227822732653
-0.31595893238981054,-0.21584035920887937
-0.04755963527608021,-0.030371600097045596
2.8187305345472824,1.0780943366628355
-0.2774877905913039,-1.371711013331328
-0.718184629294296,0.3659977461278797
1.6697781251133395,-0.11098012433066415
-2.1540922847583355,-0.48383466857946433
1.6096663580006805,-0.13040752739309242
0.5172079629339134,0.10505170203325538
0.21202247714281774,-0.06729736196123806
-1.128678487114393,0.41750675324821573
-1.827208882882483,-0.8289153673502747
-0.901455424836413,0.4808980615447761
-0.1415649643905903,-1.0158001331446387
-0.06977294310812525,-0.5897740126952269
-0.7519236000320269,-1.71446816443732
-0.43182070391014604,0.6603396340068477
-1.0603027895303065,1.9352220487086935
0.09665740422261687,0.0305803993233591
0.9693261443889014,-0.9112979456359472
1.0132894677314868,-2.8677306888102794
-0.3611555402747958,0.33349753900234086
0.19253110890983166,-1.3520474575367074
-0.7516986906174441,0.4178227812243825
-0.721685479626934,-0.8776592946886977
1.3270950114039806,0.43303889361058456
0.3460659688259526,-1.494693100259008
0.7653528474940797,1.4243534215975724
-0.6926510712741705,1.2823384371782292
-0.07042449427236079,0.41571374122197624
1.391451495918845,-0.6341651242656445
0.2620879622187449,-0.34343107852932203
-2.11913377357723,-0.8772532121601107
-0.47438454929456414,1.7950454546741441
-1.378015068881165,-1.1231658728382758
2.041968170589551,-0.050661557568995014
-0.0011319853821588398,0.128043868010982
-0.868213521969596,-0.6500717466830858
1.1290470245840785,0.24777522780299296
0.734912907810856,-0.2524486838912949
-0.1996835184831832,1.536852721071354
-0.44759710309247513,0.16912985328116129
-0.32043534648982674,-0.04830841113627697
-0.8504211677486451,0.7530292814520005
-0.857549233109445,-0.5226766879938312
0.21516915215498775,0.03517685693955431
0.6796665895681846,0.4728644957169871
-1.3850514065552808,-0.13841311121067656
-1.0213696346446284,-1.0321370938719756
-2.016383482763361,-0.8674770274512876
1.1561388429657733,-0.3227432519049333
0.289975643719681,-0.6232523359600732
2.610693086549365,-0.2090120875063099
-1.2607729437463027,-1.428764024640799
-1.456534467638739,-1.0364638967542406
0.7892755910132676,0.29962249563126075
-1.8342410821453075,0.03877940840089629
1.5622594885200618,-0.09344104745137342
-0.482762216139617,1.2759129126801803
0.8766223096104575,-0.3936371182508582
2.5868323832873195,-2.6382090940730656
3.442030958190641,0.7190368797987805
-0.04035508168572548,1.070315921030202
-1.1121183599731992,0.22807943120415605
-1.68012847735735,1.1464673763919908
4.700566988933553,0.5947067530764237
0.25223143037432166,2.2021248566192475
-1.0681841429377794,0.31079577426393556
-0.4362378085755094,0.8253331357256936
-0.29993275208102915,1.0544876130088225
1.0114826087218836,0.019078314926082328
2.3016987453777316,0.4185359779071216
-1.2523233581930042,0.6938477013783007
-0.7297518557194049,1.7929599107122678
1.8278054113463555,2.1033192223936936
-0.9691464643968509,-1.0805176236847442
1.127140662568819,0.6633345848985006
0.9691688483938906,0.01922425421219994
2.9606966031471287,0.0652593733152383
-2.029356603269956,0.7366012937880572
0.32153288249785783,2.15772350480461
-1.8008277253837657,0.34879213875169895
0.20786326058885574,-0.1305136693596573
2.0390829803447077,0.5474836176722678
-0.6121019812373828,2.2233144501188917
-0.49986757911751806,-1.278759893862628
0.4386014798343216,-1.4089725470388565
-2.445389829211094,0.3900712454874333
0.8766098784571116,-1.1577113104738126
-0.3259811032561331,2.3458003018472664
-0.6639480070774323,-0.29197349245791687
1.1424405059408564,-0.055371596698957325
3.0751351521220633,-1.9932792539972448
-0.6158509263260596,0.2281301611528031
-1.6297166543612847,1.8962132987358042
-1.3252383962037868,-0.24947170894283363
-0.5678434304632737,-1.210467384883678
1.533611596878043,-2.2608922485274694
3.543934738070481,0.2449643208409184
-1.5074908717904347,-0.7567643307882257
-0.5823587798151776,1.6402192092339674
-0.006587920352076949,-0.03944342840325229
0.12154931189563756,1.2301056475569891
0.5958833197217878,0.5039662485711931
1.0089859014121558,-1.1702098070601528
1.232670874553169,1.1688468275093127
-0.32478300666325344,1.5349161465235082
0.26858716069454064,0.287143382767837
2.2848492663193296,1.4658682130626741
2.1791664059684024,2.754173130082771
-0.9830801439175287,0.15075986368261982
0.19790267709376788,-0.6114101327828355
2.306056752920188,0.5717394522686687
0.3370834080811054,2.1702866104037506
-1.9372895290726526,-0.6916142852741688
-0.7930806532890854,-0.6329888650331423
4.016215097037057,0.7959210807343476
-0.6300387884399032,0.6193858108944245
-2.069630687492998,-0.9171607428133374
-0.321808664190407,0.19710467490422526
3.395079025231349,-0.8607763927089384
-0.12556013296547572,0.6428642717994597
-1.723576895397092,-0.24021753680380087
1.5818232194189632,0.6014834445535883
-0.9511832283367321,1.2272675254662155
-0.22086007622566498,0.3073814442770868
-0.6392789569685929,-0.6744195475233761
-0.24785150525280883,-1.8333494980663816
-1.512590619630409,-0.7871253546942163
-1.5494236223205695,0.45727987823937954
0.3167493004035063,-0.667214131316789
-1.766487469896997,1.9811768138061023
-1.6788350339954725,-0.4053538977574219
2.950244151795785,-0.5410860290773957
0.2771155869261811,0.7199990362393838
0.881232286198775,-1.8972742832225553
-0.17776175606204034,-1.010910199312556
-0.9953025828037523,-0.8794516435180608
-1.5894591716321322,-0.269767039367635
1.1581262014078666,0.4526406006676546
-1.0553168854676476,2.1629902436238595
-0.27160737231670273,0.06358868991232566
0.1040329994575325,-0.7518211556033177
0.3018844441726151,0.17170422563279605
0.3800066233865385,0.6889946842015235
-0.4516383180352666,-0.6481665576884941
1.0132079121502517,-1.0369392806422182
1.7161663411416894,0.4836473407638332
0.17356454673246802,-0.16479572511525806
0.2039368090643431,-0.020709576457610387
-1.1729471842254766,-1.495919666161422
0.4406381847966817,-0.708438882418834
0.011837168262042438,-0.2993978686909658
2.4261060582169565,0.4520153104069173
0.022506623614157936,-0.26190478767712705
2.4997253847473124,-0.8753579155082841
-1.3530990346210285,-0.4153489822377927
0.1623641514622319,0.25064364617940615
-0.01432320740156081,0.1265879545110002
-0.7801550601567285,-1.1635696040820294
-1.0611473002137999,-0.6911397785930568
-0.4811728903774744,-1.2506721542875905
-0.4010146446568346,-1.5975173329191346
-0.17046073048061736,-2.571906502711389
-1.0880109767704373,2.492663282034762
0.28028182910589994,-0.8212958457462773
1.5459253712627616,-2.0983810238986202
-0.6257340575980431,0.14385145074161135
-0.46148108344118016,1.4539798284013823
1.325317864281814,0.27741166317973776
-0.23319724849381274,-2.66541514672197
0.7079265233399716,1.060830595753931
-0.6013453634296418,-0.692580402734596
1.14580559274308,-1.1323638082287983
-0.5595914690470454,0.2200145237546098
2.897028698556756,1.0404758549862219
-1.459892080264768,-0.26610647527823095
-0.6776138276502585,0.4196327624888831
-1.1363861795392642,0.795890049330363
3.611232083676937,-1.1528688302855088
-0.8119397328709593,-0.8547919153108717
0.049213504385225405,-1.4487407581465728
-0.9590251862703153,-1.682767127685004
-1.003865170548559,-0.31365098041456946
-0.05346327373198436,-0.9748297888769266
0.05758508801410004,-0.7318910675082388
-1.363265966124211,0.31443568175273334
0.8875874197341002,1.237116671277296
1.9551234058291587,0.6356054630556106
-0.9115188843832871,-0.8845808350234494
0.10209340512575169,0.7549492230720611
-1.3401465355096547,-0.6434572632659271
1.5569865589193421,-0.21867504437736665
2.1439774843502115,-2.5365616052026856
-1.0689360782994242,1.2823662425605784
-0.44785302985077063,0.2995920848145204
-0.751491357735837,-1.0034300337273105
0.41876287855515876,2.8059170495971544
-0.5301098035273492,0.12939823493080993
-0.4673667599394541,0.46637819327308033
-0.7799119099836592,-0.9211354554525367
1.0787976398963746,-0.057133814272681126
-0.22951155771606155,-1.585788960868453
-1.1400796900120034,0.6819746073553886
1.7393825025072946,-2.1850754041485185
0.9707002376172883,0.5417111283318132
-0.010909135226482089,0.3221413942315564
-0.7652446843398094,0.06400595124147158
-0.7211336407895165,-1.5819935340276803
-1.2194594211190222,-0.941476209044395
-0.16695215652275866,1.1285246640608897
-1.6292425012990757,0.9208837858565235
-0.33222141002967986,-1.4224986885489297
0.9181365356312362,0.5227712270450768
-0.9394877621997905,-1.36785971301129
1.8714147197402624,0.756121494245781
2.024733086917962,-0.07004035608695633
2.6357986985121173,0.13080795345659782
-1.430431419861254,-0.4342905775681941
-0.28555153575611125,0.9232466087638816
1.1174435207318645,1.1897988864970404
-1.5247699016061038,1.3470370295304406
-0.6590214666495083,0.6763890604201457
1.1623704983922227,1.1347875444860052
-1.2716071180518806,0.9334572776917761
-1.8382776424002143,1.0665231261619608
-1.2779372663347188,0.7161698936985613
-0.6636622714543259,-1.0845452163775038
-1.7012011637592588,1.2593164316779752
-0.5477847612877873,-0.41151549395314035
-1.4233504496886824,0.5969945115718441
-0.8434349489418382,0.12060335568246282
2.087454082241722,1.046134841553831
0.8377739256933435,1.1538713189419014
1.0910273571612188,0.38044883049131745
1.5424577914279005,-0.8007616893246309
-1.4548171215967838,0.1036285740581096
-1.3131270930965762,0.17520384349718346
1.9943676653663205,-3.0358715313877895
-1.2411168246932653,0.3801929368269792
-0.6490113518615618,0.5512580385944625
0.575053962958249,-1.0516139982099153
-0.3745666408227962,1.1648073949011795
-1.8966715009222403,1.284064282972991
-0.6301566714288523,-0.17679197689798945
-1.1802268936397204,-1.0236973302438737
-1.2072417298005664,-0.48082219702809353
-1.0510210392590884,-0.5358377186078915
0.34108235623106736,-0.40878047897569186
-0.750170433405283,-0.11939976203633139
2.509819562883805,0.5983748043661324
-0.3253318324284385,-0.5498461645084504
-1.0354242770572435,-0.4150125134039319
-0.12009321184247453,0.5754881385743071
0.262705823015122,-1.2175367362644522
0.14071240294470863,1.4159494771878014
-0.8969830819193374,1.122012758941868
-1.88774826328383,-0.45228001922872063
-1.3043654854314735,0.7265080375851373
0.5827157889788613,1.5628481183293954
0.07745741792116675,3.101825715756439
-1.7922359638821093,1.4269645623596332
0.3414724572048815,0.2520967385594665
-0.0978609646881604,2.712165568449984
-1.597314848696923,1.6298609706341656
0.8178043244508175,1.6000202482578014
-0.49536365499231155,0.2103869190656489
-1.5675370574214382,-0.9603733437874279
0.1867549578846001,-1.2244578508716006
0.561687334053206,0.10707843540959923
-1.58367832770652,0.7305465104710834
-1.1650887011038318,-0.7969026770483062
0.11563456934743124,2.3251160743495203
1.4969581084442052,-0.39964831105193466
0.8145867051277097,0.14105056721863166
-0.6845566203681556,-0.7607312225339657
-0.5561128505529405,0.5053039086101536
-0.8557022412193103,0.42669484184346373
-0.36941998164277395,-0.07939093130115409
-1.0688836008096618,-1.4888784494536258
-0.37829481607149845,0.792088335140538
0.4942183855243074,1.097787343902966
-0.47443941252931543,-1.9332331881953486
-1.8740769582511094,1.0557590795513463
-0.41763483187966594,-0.6520577888327268
1.0041759687499958,-1.7804438273025553
0.24043509285517162,-0.9195707987190765
-0.6402916842179913,0.5632840905488885
-0.8470666625846544,1.1603941334988779
-0.035066329420743336,1.2629963736946799
2.985677616881517,-0.4905567187608392
-1.269155500720784,0.8017684708926623
0.7360792527719914,1.0302262582871384
-1.4220245988007651,0.15289602673917252
0.968370269775995,1.6667674007601754
2.5211844113082225,0.2560746612299978
-1.4143540922996132,-0.6900052054917652
2.261832392802945,-1.1287585628912031
1.3415508133168965,1.327027774973498
-0.5548937608875563,-0.22741155750185124
0.009005403336698132,-0.6434909095610751
-2.0550854716721534,0.11536831197609987
1.190445858242973,-0.7096757092510861
-0.26616131078990773,0.7163798242116323
12.66672324646938,0.030286780373403273
1.4603072859089028,-2.10425788347688
-0.26440511360625524,0.964936140639207
3.0815615156254617,-0.7639297471651291
0.8558889410453047,-1.0766646829441822
1.3600141339056593,0.310260408191951
-1.1688357749289224,2.781070094557325
-0.9356891456606149,-0.41933847590731255
0.027295807450155404,0.6669986310336138
-1.6178324034538112,-0.4161177405115732
-1.6363452077606113,0.06802850415745267
-0.783381840119755,-0.12074975402901213
2.6273118275532243,1.71951236740544
5.31099935353565,0.2777899298443417
0.3490177056055401,-1.5846471784971998
-0.6213712317853333,0.274825459875911
-0.6623818926957169,-0.42811752019579585
-0.6601861009989612,0.38831037359889536
0.00523508025353654,-2.6590593780016794
0.02057839356174078,0.17561003028759897
-0.7083340065627496,1.6724828047979232
-1.62565253561297,1.288800951593896
-1.056252464396256,0.050345058674291385
2.1650471975833105,-0.6171527959612676
-0.5582204067713115,0.0022683672306706847
-0.5294903972736102,-0.49152971718843375
-0.08801321463805867,-1.620288429944962
-1.2457830509267802,-1.2492509513759669
-1.0820379523472778,0.3789914943089957
-1.3037569224075967,-0.0349884522807845
-0.5971481653506169,-0.8862993253095917
1.718687915514086,1.3714675849928406
-0.2059469046462656,-0.08923099078323117
0.5381221346673668,-0.8340748001178447
-1.409388880729726,-0.7050212599839346
-1.7084854252831536,0.34600332153330615
0.5803450536154423,0.3463945918724144
1.119225321665674,0.12382384829037607
-1.0669075005491993,-0.5060218607589699
-0.7148734997499872,1.071769425443812
-1.734515674607845,0.7447590741758561
-0.1752840614481511,-0.595431172291471
2.1061645729953016,1.3688751919661228
-0.8855915677016749,-0.18515137107203422
-0.33050545082996535,-0.44258043090095434
-0.8814478949175847,-0.33049807541057996
-0.7327827094243162,0.46732126249428263
-1.376956819278726,1.0831139589336887
-1.7304945071764422,1.6669024738094425
0.8782576424239347,0.5420124457978726
-0.8583898381682042,-1.0132370410740166
0.8732828600088243,0.4493971299664493
-1.5203045469454037,0.6597286599543616
0.7903004496861372,0.5562470050310737
-1.130194987280166,-1.4481355427854743
2.1896296001915374,-1.077133735661574
4.097910056640556,-0.06114039134225118
0.9132158888598447,-1.6636629396389055
-0.715305584891555,-0.040247492987711436
0.14918107587144283,2.5087214510955507
-0.6995780801186728,-0.008589799470782783
-1.0537659894628746,-0.5047338532255004
-0.19183432687104035,-0.6530797006304387
1.4159141622382432,0.7377488705284755
1.4386028026063702,2.819832342965474
0.0676773269973266,-0.26712110231106073
-0.6578062856686714,0.815746982697066
-0.3263184538174691,-1.4749933050978772
0.49339443215297474,0.09520202388344291
-0.9185101041702082,-0.6791740595787243
-0.5958512485882085,-1.1270264579104916
3.5201244766546638,0.6228486351469752
0.5109555626488763,-0.7986574750853416
-0.8372533783747554,-1.487811561138817
-1.3608219684295306,-0.7691398863198371
-1.590525942989932,0.38912815228923414
-0.5042541716818855,-0.4194709158071151
-0.49982318257384556,1.4514702921606717
0.9739760927647879,-0.27205596948339295
2.9226544808291472,0.01094944425365424
-1.4433873959962402,1.1656368583315468
-0.6558702278922917,-1.0672617254075263
0.13395567184422463,0.4398498752176999
-1.1002225842387277,-0.8909286088630582
2.4863179657490937,-0.3989670329926403
-0.37609456776544115,-0.26353352086203663
0.580864830103051,-0.5122530236789046
1.6379673226448743,-0.3158929855747981
-0.49628851396388807,-0.35401663933511157
-0.2246051390404441,2.192607957871934
-1.1381749676051118,1.161053631068613
4.157591773194605,-1.2676505733093422
-1.1816814443658712,-0.9556079031699226
0.3102966644893605,1.059608261451032
0.035244146150106063,-0.20656606918573364
-0.7101894444127335,-0.89836829653861
-0.4429777161961853,0.27273185459490074
1.2270221721330783,-1.3757978111568623
-0.4397750560091771,0.18351006618507065
-0.9642636541797579,0.7621020108919839
2.2094792419281193,0.6688522624944939
1.6047569404198276,-0.531633588333716
-0.538947209626162,0.043691390810732575
0.8761465601640103,2.962342740862165
-0.26000824277940837,0.8159872470134784
1.0513849194392932,0.4900352511516676
6.512057883372849,-0.04225401423224978
2.9719451143221858,-0.05697038513628669
2.276400596055815,-0.5857608872056965
-1.2642626315259664,-0.9464293145480788
-1.249040369756424,2.400932198947075
2.244658056764692,-0.5814753644291203
-0.8578696244062891,0.3461128004018809
0.29353778273391473,0.7032902723129335
-0.39778709131876494,0.19354698475389304
-0.4010764392634228,-1.5777612547388775
3.3872925902118323,2.752833871307348
-0.7753311495849802,0.9470189433696901
-0.7954120502471533,0.681157121183541
1.4616813680534624,-2.3276062402819804
-1.4071221502714422,1.3531360174115206
-1.5152587258769812,-0.3289312974537721
1.3570286822188653,0.036682297472374344
-2.153299574426044,-0.6165090469020131
-1.4586348665676339,2.3577711065462137
0.13022448307094195,1.0002557714205687
-1.771497390668345,0.4111395206853505
-0.40762600184100023,-1.4441245292205394
3.8808629825471357,2.4452678862653734
1.877573765119471,-0.9069249850305257
-1.1267916651990268,0.042459116041005794
0.4687126592922255,-0.5345423246236682
1.166079624974073,-1.6727105872437253
0.1164552514414354,1.3197949123357464
1.821609275920291,-1.1832510648217127
-1.2513388837043413,1.3178624857536974
0.45515447259097,-0.1952277382874578
-0.38201197372276535,-0.6156780158276319
0.23490807042553108,-0.5141159659212357
-0.9451176133299745,-0.03848786066622031
-0.6666193553878853,-0.7044434464707312
-0.644424934560794,-0.3079243801901006
-1.5240205704088863,0.4376842476436902
-0.20269527675836,2.1055901667848005
-1.6389212655104615,-0.027865959075585096
-1.47609477966256,-0.19892395181474593
-1.7261264710326591,0.8614267727687869
4.135367129184747,2.8222810445471556
0.6912069837868612,-1.267603192646387
-1.5416947274155868,0.20464297164645087
-0.3577822357958922,-0.38510376878052555
-1.6027422614590314,1.0129745905029008
-1.377529579438348,-0.11584919219310699
1.222259014084001,0.35967226101889743
-0.3592322493325277,0.31820900343248487
0.9682679155451208,1.657815602207431
-0.21880256288811933,-0.4422109915688285
-1.129882516419862,0.003336865644277444
-0.06095377613996952,-0.1945601707103925
-1.2362869847826403,0.25433227842760253
-0.016340155698011997,-1.963302980474323
-1.405804556248942,0.5224208614485741
-1.0997969109947123,-1.1395359734264112
-1.5636877607667632,1.300755832471392
1.6207421196338114,-0.083142286422899
-0.4632964917459047,0.13985643028599062
-2.0357339447955045,-0.10402421004001818
-1.2317439333379996,0.38496265181493317
-1.038963451977754,-0.6660423731675101
0.634072273414977,0.5456602452555822
-1.1675169677665136,-1.1154170901586562
-0.6782906759345538,0.37438850920814376
-0.6444758824101832,0.14651441890158395
1.89697715796393,-0.675340578871877
1.2886924114659546,-0.4093848562765453
-0.8451363153476171,0.4221284565184633
0.0948056296536172,-1.6922173976266912
-1.0624619546463352,-1.6124935365024151
-1.7076141399439293,1.3064327689553261
0.6121935952059714,-0.10235113903515354
-1.628705757877883,-0.29097003843111263
-1.4937466472659222,-0.6401446546018552
-1.251796336771536,-0.22802649412434384
-0.5221219063497173,0.5268246311856369
-0.09198850878877114,2.8217778955107677
-1.5019507828359087,-0.3275188934991587
1.3101079459155816,-0.2333332407725041
-1.0122778400862005,0.2996773974110862
-0.9941715845553774,-0.0386376746470618
-0.9256329684093001,0.32185915590602276
-2.177794479621967,-1.0826898185381022
-1.9513851845183934,-0.36996348570848564
-0.6065326135704255,0.9897918910352728
-0.31866277299028806,-0.45709452629579017
-0.026179098812249956,0.23062341221401358
-1.8125184864484307,-0.5092745450355456
-0.81067366452754,1.3642170917615755
0.21464689175413496,-0.6463476454305015
1.0206298192103567,-0.6274086896898887
0.012556108553614083,-1.3268772340187227
0.14538194255177142,-1.842760114853011
0.9150256854067732,3.496076422632553
-0.5192633521709545,-0.6733450532589644
0.9706534387181848,0.7738844017526255
-0.6743699542760749,0.9439055863887005
-0.542171260901359,0.44108476223688897
-0.8529317026995492,0.5530539695150183
-0.5757553769546493,0.2971962678783721
-2.038095761725692,-0.24892951181488582
-0.6953345825010269,3.095852968183681
0.09988588271976753,0.8846717599855176
-0.8645578751043429,-0.6255216151686105
-1.8033503635085368,-0.3036554659010351
-0.5362882934446872,-1.772550124518163
0.14867023770038437,1.5311752728820631
-0.6656536972352681,0.15473296223791805
0.13402296749680606,-0.35617526800769717
-0.9634311472798489,0.03508417429295568
3.1969164612763863,0.513955726564036
0.36219232412247315,-0.2801170546326866
-0.7450433028793012,2.874500710703911
-0.35719486595459693,-1.838119531610269
0.17056830539341702,-1.0213062150913268
0.7993594627914902,0.9546689087555905
-1.2967309882426232,-0.1660431377589242
-1.0725591756073873,-0.959677400674531
-0.7304910987360342,0.17777805543190947
-0.3181763444546583,0.5072142732517388
-0.7677376860308072,0.24495467405260965
0.25867341781761377,0.23592951972119972
2.6854200645337976,0.2087273426924126
-0.8380375074818649,-1.1718549120656572
0.9339580531403658,3.224871333573438
-0.8816177997012082,0.6649156766422801
0.2606960396278574,0.4188703690281059
-0.5239075647488312,0.31287450654227306
-0.40531026091578914,-1.2336418026364306
-0.6581130644508244,0.4708674561841546
-0.9329718069655827,-0.533662715813743
-1.5301710209257913,-1.4842194532859008
-1.5005876481625364,3.3187732802092293
-0.6518357282689831,0.8059767628249747
-1.485236478034079,-0.3491597649339529
-1.6571625125342002,0.18387956262338362
2.072124364890287,0.4819403967554553
-0.678765044340324,1.5850449790042878
-1.028834275066664,1.7429068994166428
-0.8727994461727214,-0.7739776198811026
-1.5472774135663607,0.9008462833596026
0.3126690233930444,0.9402877208582784
-0.1311264494477168,-1.2551369224974032
-0.29969142271347127,-0.8355892860985012
-1.2607759375594785,0.2413053697554751
-0.27330082720671717,-0.11584301145071499
-0.6439023221073918,-0.6753379340121888
-1.082151779437537,1.4137215124793283
-1.1038230249536733,-1.3393774582882343
-0.21734269946435805,1.7838474520147232
-1.349682220216687,-1.3182473742202658
-0.7763683894524418,0.7631737457214004
-0.48840844075442763,0.7798199818994276
-0.4509527774285225,0.03212870915002736
-0.1639141731694689,-0.24891850941731186
-0.16870490515612338,-0.834698852395302
-1.0915800772958684,-0.5057703173285476
1.1592870661217634,0.12029691292054931
6.774267456890462,-1.5326804260986682
5.306125726670893,-1.1728029081723121
3.2573038454130363,-0.6707275960901515
-1.1019881676190355,-1.2646681069727883
0.058038798155158985,2.6097274269225865
-1.4754227160202555,-0.8297087716853355
-1.2899049757081922,-0.4925147150895008
-1.2147515215989662,2.089873676330777
-0.5889367229721157,-0.13853134933299058
-1.7764204632899228,-1.1976390910241834
-1.0597215599076342,3.0571517810413646
-0.6008895153810626,1.091456539594219
-0.26078155035335565,0.6026636189301088
-0.2529379210816207,-0.015349005843091049
-1.3764457749949723,-0.8887602183438776
-0.060188097232165026,-0.7269558048883186
-1.1451149036963588,-0.6548305326696272
2.173941964620965,0.0944566457822628
1.588957457093449,0.1425444633147185
-0.8968680347473041,-0.6876693997346033
1.3196199564352098,3.7766081757596157
-1.2636776666134821,1.141478020645086
-1.2287291034435837,0.6214301358156649
0.03844616267594232,1.7204911263181177
-0.42967708567857177,0.4912490032524869
3.278921597212559,1.1587309631310054
-1.0447904369608734,-0.3994567967595343
0.044448513535903775,1.5387194170858072
6.257712365553952,-0.7150244357148318
-0.5104366337090336,0.4523278493889554
-1.8251107007610456,1.494485107259248
5.360672519724777,-0.23841849782891925
-1.9541211154828053,-0.09213585695177245
-2.1594708749195433,-0.0070465771085128906
-0.9037232665044284,-0.432114623274688
0.29128135874257205,0.9670946430618704
-1.6891343171471678,1.358320296235638
-0.6808797012641475,-0.40849358863999363
-1.8522038275241859,0.6101725670282713
-1.6769075055433142,0.07355386698924259
0.7226955889698407,0.6382452439393932
0.9398743010355671,1.1620645770824343
1.6544300932461355,-1.6017579592033993
0.8248545017538174,-1.313298368272294
-1.8482652250486153,0.4134623963449339
-0.11494851288230909,-0.4994964459820769
2.4945631262189583,1.468701179286419
0.7325405530317647,-1.1239463199587159
0.12850863443002794,-1.1679896037163773
-0.38008953885296326,-1.6186575719587892
2.48199088307646,0.03844044441271535
0.24479211307388088,-0.034774800263778494
-1.090625626351135,-0.09111888473173152
0.4142163103351152,0.14396691444555798
0.17079322549995643,0.7825045075055141
-2.0457402714142714,-0.623590925003067
-1.777747116899897,-0.9312080626168595
-1.4043512143084456,0.5892786348821094
0.73310268404405,0.08865246164391577
0.620589584321037,-0.19578775606329854
-0.3676055584127351,-0.6740818495315867
-1.186172154230222,0.21695805291189948
-1.0763519975489428,1.3796890355687192
1.6259452053068275,0.43408758565492167
0.5983736831506797,0.28954178409917275
-1.8869188531107595,0.901784681523313
0.8194424590962732,-0.6575523025763408
-1.8265823671334407,-1.0344105728649657
-1.810162746370172,1.4340505192094708
1.6853777399868506,-0.5253893301432215
-0.2207703598755164,0.3082386603778095
-1.0613192677667207,1.2183634971431931
-0.7802286961541393,-0.38721049504905064
-0.7735648847062078,-1.9930736175703776
1.9659497137839725,-0.791097375476197
0.9841342158472787,0.0642795152847354
-0.7653852782114474,0.07933900603807084
-0.043584595640243314,-0.5137660111354759
-0.4429674311582207,-1.6768157623697657
1.7881044145151521,0.3304470771270859
0.21295346551860542,0.05865616957406343
0.009618058397694779,-0.34893724440997775
-0.6109610573535492,-1.3481359785044582
-1.1140482348343448,-0.9340725758596089
-0.37311202586303305,0.14576438972502861
-0.6930485627154865,-0.6604787685823855
1.1613105101808714,1.0236623944073282
1.9210966721623086,0.9948699710821504
-0.457180875811565,-0.412861868093916
1.3302275828756291,-0.4457307856615591
-0.8662576077850251,0.24263343090440645
-0.24869313156729883,0.08418931706490931
-1.6182018270436902,-0.21837427397360437
-0.3901102875314562,0.48329484411631546
-1.5848959367848943,-0.45103701274749414
1.684936626905275,-0.04033120417665676
1.9876934817271739,0.7458844852432892
1.0561624374173266,-0.09435569614415336
-1.266489340180777,-0.2517950145013963
3.818399609321999,2.231642960896283
-0.7594601612443731,-1.129674318603762
3.3874872053023846,-0.47434604619013154
-1.3246317778543921,0.7147034627517233
-0.8767400714078885,0.03789016719355669
1.5489474472261964,0.3575045011618648
0.2988174741307202,-1.0761595692271242
-0.9450043720166654,-0.20737228937245233
-0.2666945003024707,-0.28483929965484744
0.5855937909994222,1.9098914167161718
-1.3378497240644192,1.024837985921835
0.5953959187599096,0.11250766267968926
-1.7278127935914218,-0.3685136103368396
-0.4897518958305457,3.0093623579610806
-0.020695110353621413,0.5283475012766636
-1.614274433154433,3.6974296090915724
1.7341528794390881,-1.3773442757145558
-0.13931544977606153,-0.0041300244454694005
-1.2330963595734274,0.6912110954919614
-1.1421139723776494,2.4083551151474714
-0.652817667670032,-1.0668456279694516
0.17951634790045612,1.912271488873871
-0.7523302876626413,0.801973926047386
-0.9916394877524528,-1.7991708412474827
-0.8679281593009556,-0.988484439324379
-1.2234517670988974,-0.5997080464070104
0.35115007311416746,1.3068059026088634
0.7481046380683338,-0.4876170449693606
-1.3115937516578184,0.5682613154439142
-1.2531391219523345,-1.164427994227465
1.2396301606802278,1.3763828596957435
-0.2423644947296321,-0.057373385281646774
-1.7437633301573603,0.4030917844497939
0.4159985141713196,0.6753170137502593
1.3160801382528406,-0.7551855019075447
-0.318279092504924,-0.8497114914377639
0.24412032959756338,0.6885811116712385
-0.008160278662399358,1.0812990179090674
0.17705651820393448,0.5635659273661733
-1.0477413946578538,0.24491451604696676
-1.5218104269219284,0.2931904892884222
-2.0387275748686524,-1.039870721540122
0.5632515367421032,0.8841256282144921
0.5316325383057767,0.31996328071012636
-2.0228559680931646,1.8992080542000038
0.6624738393977808,-0.1917261990817473
0.5667079209087086,0.14130770106546442
-1.1552615995908253,0.2758640002182333
-0.9232700574284537,0.19806772905990225
-1.6372695255391632,-0.3302781155010018
0.15897197360671927,-0.6028036253947697
2.0740023412392254,-0.4186218468349868
-0.3162223059302634,1.212053456023853
-0.04664490466716696,-0.30177386872825596
1.921009641525847,-0.08299551806312933
-0.22515309042291795,0.4487776457208612
1.756580269672526,-0.8344922114522885
0.6919539681902694,-0.26578929636098336
-1.5707150430378456,0.2956239709938458
-0.22852186129206173,1.112039845558168
1.5269552290216195,0.615074667845372
-1.2769740703112311,-0.9876471888517246
-1.207460545487136,1.7294988575731896
-0.05517885668244281,-1.4821308462419458
1.9094860725947675,0.913508582321811
-0.7744457454048336,-0.8210946070362792
-1.7359255272570953,-0.0421239885084579
0.5773897641991895,2.3769048203128174
-1.2365914157498745,1.6900932705567715
-2.2129453643958796,0.48651078507755624
0.01579932068681429,-0.37527182664902725
0.26616125781002586,1.1921660527111821
-0.27638372535479167,0.33990703825751295
-0.03094291245302184,-2.604659762760816
1.5375005820995358,0.8470639625005684
-0.33672634984010197,0.8254132944275941
-1.4950740429681686,0.09915710236891562
-0.6194367603826859,-1.641160326297676
-0.6491448562137845,-1.200171832968161
-1.2162265741682876,-0.7498621892202245
-1.691528073926878,-0.5016034763552464
-0.5644518293126419,0.009472278702417427
-0.44125626289535624,-0.15003484935932437
-0.4215873146239465,2.7591886734770115
0.10437568605727973,-0.6662665775324136
-0.3087941636347751,-1.4081667354413143
0.08881189962163862,-0.14109347510353926
-2.115478063797021,-1.516409647900726
1.0770201182028873,0.959672596706133
0.5606996949002427,0.31642361783509576
-0.9758413815774662,0.2766155726636746
-0.6392234999424051,0.07492644436310371
0.36783526825541296,1.4974349851309676
-1.3715788504938238,0.6376874808947895
-0.37181471829844864,0.0912122198741796
-0.8054999485379927,-0.44472196980642237
-2.395361201164378,0.15240058951223814
-0.45991237985353295,0.435980800439851
-1.1976323984792727,-0.18313059356672506
-1.9775775908018756,-0.7095383222079321
-0.7452233770283462,-0.22238615122157013
-0.6211209821366531,0.2355807669519022
-1.4790791752553059,-0.0991023383478303
-0.46992607536770653,0.3058818777450826
-0.10375539366788887,0.8453312596589978
1.8058640036111346,0.012530258813806627
-0.05777033405196449,2.6715253688258085
-0.3866900783534283,-0.7010702401262392
0.435660775188521,0.7016552145896527
-0.8688313117030658,0.5555293086331391
-0.6070954009665618,0.9589856321696061
-0.23791983656407867,0.5037886786471947
1.3488356365684215,1.320745060978223
5.446135228605047,-0.9537431704722397
-0.8778573942703468,-1.4677490395485053
0.10502323596422163,0.4648037266056042
1.477129011281295,-0.1055602490329816
-0.45848049934825624,-1.4532681660940965
1.0904724088178714,-0.8426363467829796
-0.394887678277775,0.6970467279288255
1.6103181367040929,-0.21935491939246063
0.8743395719750976,-0.12326203097675752
-0.22380147886029522,0.9206078122665475
-0.380988062135716,0.2130547553066756
-1.4535109057969842,0.9444500618657642
-1.0357740801337276,0.3052505006239988
0.2780984367861481,-1.03617799338173
-1.5811092186607856,-0.0313221559318533
0.4197859436803138,-0.06257835224326508
3.289429974527014,0.46676354862078717
0.7805648739271844,-0.2649843710159764
-0.998192972981556,-1.682421808713351
0.10308413168609341,0.05107189908267212
-1.1396924254531935,-0.5658009723613246
1.2087525654698847,1.2427476562055249
0.6153353642056592,-0.43515882246740567
0.09914548514538737,0.9537235638757406
-1.2781162705623106,-1.4381804645588836
-0.6812914204026094,0.07110128817480581
-1.5312906742794528,0.39752825366196815
-0.6049095007740212,-0.9450981314210306
-0.0549243325469424,0.012820789028520822
-0.8578791600316514,-1.0775377170085345
3.4200658944093014,0.03232829086369016
1.0975061446140137,0.37133758906144865
2.89095336207355,2.3882585346795504
0.9979583615365023,-0.965083021166719
0.8123084026743392,-0.5505410022178612
-0.8264102003566993,-0.6510786762172327
-0.8483981758188315,-0.7552385308271359
-0.5750779039156694,0.6470049978467416
1.0408777613509177,0.4625068762548023
0.4292500410097866,-0.29163988077676223
-1.433211097824754,-0.27006877059747564
-0.6314599734331019,-0.2565659219674705
-0.7697358172112175,2.0701016759852116
1.512499006028307,-1.4395176994452092
0.6762219241836237,1.2150863891066839
0.3244407699175846,1.8086343992083294
-0.2766622713786356,0.14160771704138575
1.713701002689757,1.0292998994364602
-1.2621851418218413,-1.0945815152312164
-0.685902344192262,1.0309461235019817
0.5955033630665567,-2.496961766912853
0.2487544861963541,-0.35623771270751947
-1.4178743935128961,-0.10255017891171352
0.3867816786051087,-0.024086028579463417
-0.6490637808591054,-0.23618701940050155
-1.3175135092494372,-0.8363057389982259
3.1259513105524652,0.1822409570626577
0.778078471924402,0.9779983367337709
2.5129364490208155,-1.767177914314967
4.516035882810101,0.5621486352532571
1.7233532440066563,-1.349725284469826
1.779623001111903,0.35606487091650946
-0.6849702362665518,-0.9960187001854373
-0.6888052436819425,-0.6231855157621181
-2.261308906856425,-0.11219117820247822
-0.14890729109043058,-0.7730936718286306
1.0776138086526357,-0.66716924927622
0.32672360309527826,-1.8686051135795372
-1.2165372431996293,1.5060397458284822
-1.3026997477772415,-0.8284778830989697
-2.1771977279994315,-0.5727088735716944
-1.1621028232274087,0.599116003794598
-0.566164120737256,1.0846687301436326
-0.3565140524876908,0.4730524401447544
0.3127460432380463,-0.18136645657839834
-0.01847423632085256,0.03622770348215256
0.7122524630523606,0.1013827143031952
1.4971585666147367,-0.42369407564754563
0.5691475445471755,0.2457904325519041
-0.7582893432596195,-0.6544195352200172
-1.0352268568001999,-0.7114274518994833
0.45676290506303113,-0.7686187123394124
-1.5174105694072457,-1.2825441395220132
-0.391150723139749,-1.2265300909792534
0.021521212346411592,0.3715187421132487
-0.04081773254306785,-0.7688030648914996
-0.7891706218093841,1.5644442511096064
2.5594970552014376,2.1953028222835793
2.027483745295937,-0.452942053439555
-0.9592144581914925,0.17905451764105512
0.6624841963540745,-0.9309728707253953
0.4279066954715489,0.9657451248205303
-1.0904488916823323,0.0906000788100261
-0.8061667916676513,-0.9909045072209133
-0.5555243996151215,-0.9271596256154895
0.4893476814021753,1.2883668964869208
-0.50439674936769,1.4303789633179347
0.42550091696230335,-1.337821417638275
-1.273630008559379,-0.46234461830853235
0.7365821817849112,1.6205011574184625
3.855316116292932,1.8175808688715076
1.3886850445561454,-0.7996471671169384
3.6115927360554205,-0.8818048735602774
-0.6485214132862672,0.5794944362738615
0.2174575059989695,0.5993668094305
-0.4458356079394622,0.6817786223552386
2.1959707369405557,-0.09972253423196029
-0.3818708683494929,0.6629589722604259
-1.4910666761840394,0.09097408013763887
-0.4673608297463674,1.2819915148188559
0.46462104832496565,-1.2420447702192554
-0.29232523844697605,-0.0669958655092643
-1.48650593414526,-0.685141808651919
0.9952188445135665,-1.1326236318249738
-0.9279187330644333,-1.4828408926189103
-1.4190106030766947,0.051351541185858114
-1.3288904102741805,-0.0032019120918088907
-1.7402411214416,-1.519885138080747
1.4404389101508617,0.2892321861964754
-1.0599132945396745,0.20043240872182383
2.804441195512523,1.3199300373468195
1.6824966087431594,0.801671617045657
-0.6061543200233677,-0.03995190993236698
-0.8762614876387301,-1.2263004370635546
-0.9009665062538538,0.7872383805518266
-0.5306597013106813,-0.5881718149818498
-2.006951004742134,-0.11539017844196608
-1.9275388925726153,0.11589855703326317
-1.1521518688577923,-0.1461587340375829
-0.5745071575884203,-0.8298185577695568
-1.416063467269987,-0.5033392599693822
-0.6670264703998563,-1.5081186645939049
2.723751900880127,0.678158630812986
-0.23198932531228567,-0.4765378953318306
-0.5114925628691172,0.5813315063833182
0.3280673585227282,-0.5486367196349364
-0.2614107468763954,0.7248530167311691
0.39219345105557635,-2.2049659769648526
-0.33277233378303134,2.9191877090846536
-1.0153110179703753,0.1449136132039543
1.41573789579107,2.3945040379630655
2.9279097751772625,-0.893292043392798
-1.1906157106449249,1.8530929072073892
1.8385248602255342,1.0344698610282022
-0.3949020913355392,-0.519369646404273
-0.3739301052265234,-0.4421360658937046
-1.22321697182217,0.7036383091329852
-0.8527818292592488,0.27268451839020824
0.3789762122984106,0.034915135269471764
-1.0285026021355643,-0.053008406471067165
0.9237131575322719,0.85850327181204
0.7536207329749454,1.6697542199527062
0.11801679063954279,-0.7278995740569726
-1.8344932150223232,1.0399747466449685
0.4000145806654032,-1.3928254759160184
2.70692004580273,-0.20379006135862074
0.07725609258289798,-0.1348588241046053
1.5109133593157422,-2.5796154098374426
0.015071197353116529,-1.9435790675045708
-0.6445123511573678,-0.3012390114012141
-1.1162931700023901,-1.4574039868971764
-1.3082081509087733,-0.49460325889308115
0.8754234899115556,-0.12141788985756033
1.4482879045799633,0.0829052036132076
0.4670215589914787,-0.8775194075659779
2.794024655188684,0.7637421162501563
0.46951614509807965,-0.6042785657143578
-0.9338744169365303,-0.2092652266926449
-0.11408262308266018,-1.116323352789005
5.2876168189208395,0.2732714281503191
1.958499625398009,0.1793171230760696
-0.9438805545616753,0.838154963309929
1.4664122861080495,0.009138648833656548
-0.8169236759465716,-0.18095790930115377
-1.3276208096057625,1.8774453682550523
0.14781321734973707,-0.9826144942781814
-1.342991389283682,0.42548432507960987
0.5753798138476942,0.023249117073469626
1.1386004246619408,-0.37992299236375937
2.2622425525042837,-0.5637785751763681
-0.5697774795042896,-0.5317602946414761
0.829089103396029,0.38748533135378527
-1.9100789304244976,-1.354341218531598
0.20906923854793166,0.6210447603385374
-0.7805825825948638,0.3227377909552784
-0.05909749886918482,0.6120557481279649
1.3147510557328574,-0.5380479150702058
0.8258266587407354,0.21160707657461958
1.1539521149330056,-0.7616862625514266
-1.6054963730503284,-1.1143118470239184
-0.7913711910494192,-0.45766851315628165
2.2874213148362212,-1.244370457186556
-1.2435221465652355,0.7444999755809429
-0.6718418674765949,-1.4762368745329553
-0.8317147117432253,3.5335145595233515
0.48276825299035886,0.7821227820117271
-0.6498160463910905,-1.5835005729964402
1.019984549833554,-1.4927011616568675
3.869406754652395,1.3271857371928535
-1.2685194249699474,-0.737759315201014
-0.08646748156079444,1.3879897343774477
-0.325482672564989,-0.9643521540065114
-0.4722660447231316,-0.17697956602954049
-0.076789509616873,1.0013488482573194
-0.17684112790711495,0.8392020110897098
-1.976138633404528,-0.9291020490723415
-0.44764686116231034,0.9556438042227186
-0.7697062381452509,0.07360055075621097
0.5937206904879535,0.14948659421001745
2.446604893107135,-0.6275795385922105
-0.465578455523104,0.9851032206980064
1.2212333293323854,-0.0010294595948996783
0.21922757463793083,0.045929273411407866
0.1416858146976727,0.6025005733253921
2.2815079230746913,-1.1851045833255192
0.4721017181576018,-0.7207863085286039
8.849943783400612,1.670962669386876
-0.5745190013929375,-0.5655672027861057
1.3763011176392874,0.48440388914128796
-0.6515544996399215,0.6444503717044844
-1.4424136249507904,0.2656639346845045
-0.17320541594438385,-0.5088540099281846
-0.178746768571553,-1.8186087381205813
1.0954417948472392,-0.5297273585081743
-1.7803623872142678,-0.1874033885698079
-1.080104656234436,0.9076377577320093
-0.46259508495652474,0.008394962268510248
-0.912618858160994,1.1047016826786131
-0.4340637105241504,-0.8700233676900873
0.12790875603843005,-2.0148129645449027
-1.5876146794677333,1.3122305090521047
3.519362558846112,0.3917659876776875
-0.4030805734601138,-0.5375241397611822
-0.4677459190385308,0.19035224393698633
6.083979649574041,2.901728161709838
0.7709123883467266,-0.5083151590008815
0.618680419251072,0.2696201703354883
1.3853163701002662,0.08040617315531864
0.006797293269265935,-1.001859945239981
-1.689114395016669,-1.6565622422692088
-1.6380778808009708,0.12238076048568024
-0.6865785544589195,-0.11819604418292835
-0.4890406952478366,-0.30379823724664695
-0.48770254118261297,-1.0656816717558706
0.33408647324975127,1.550953400867927
-0.23317366612558774,0.1400366678078213
-1.0234002907180948,1.2817773570790711
0.27043842482600366,0.4910531175940943
-0.8781402211179042,1.6365976953780015
-0.5071327450743705,-1.0726340549866105
-0.35208617252420615,-0.009310717282467318
-0.0013581880258014692,0.6858260896413665
-0.6983112449533316,0.701417823112758
-0.46295279776577375,-1.3247291764433735
0.24749674922726317,-0.17261106821328878
0.9116261502936801,-0.06814238111972841
-1.3899463598493862,0.7575839206232624
-1.1937075464630933,-1.583902811307186
-1.4100332818144876,1.6029039925213218
3.0733215565314373,1.1991722136552438
4.765021202711217,-0.7145406266643319
-1.3686752452983455,0.3779639186443407
-1.2203478214426688,-0.186384301873364
-0.2286070823698821,0.40235294144758477
0.618762712364528,-0.7858052875712771
-0.3145114144420228,0.47495796972424603
-0.21316377214828658,2.108131294600013
2.1116941881523856,-0.8229663288717025
-2.0481069000798837,0.39506886701545235
-0.18485446918624673,-1.0113575828631445
0.5153575769438236,-1.3870721935259755
-0.8052025274555535,0.33180088850698863
-1.3124377434219094,-1.5187141186872581
-0.8653642260553397,-1.0770893455697106
1.6666007164376218,0.9065665083412459
0.10393881369123456,0.16393061481388263
-1.4947829576608487,-0.7826224834864015
-1.72258187580447,-0.8124841515314156
1.5121535905118366,1.4563475176274536
-0.8896206967055879,0.0676180405696795
-1.4692788994101917,0.003162272845973696
-0.2564636923257945,0.5663310843654188
-0.6416915485945269,-0.7665968014130272
1.3266941278920739,-1.4720940367925082
-0.4671273609686625,0.12314880534758862
-1.220808647958659,-0.21090606187633948
1.0526188328173507,-1.776445709702308
0.46640219433664065,-0.27771944171079394
0.06164681334008232,0.5539878322268864
-0.6704483294456843,-2.2856477057896045
-0.9623547927017658,-0.4294410551820441
2.0138089993079196,-1.5432127043387107
4.369261343950883,0.4355817436823956
-0.7365077120072221,-0.058626297001610164
-0.8005710294511607,-0.06340210555463528
-0.2635825751635384,0.8426667776560387
2.406888541297793,-0.9874635331301516
-0.9613085342030906,-1.246689890579054
2.7392576475226993,1.1622342221067783
0.4177554907174076,0.43692142855900945
-1.7132295735188923,-0.2618349318579921
-0.46232826419833184,-1.2874645751035196
-0.49690098547118083,-1.2314854649149252
-1.532294067051492,0.018290944271307515
-0.7094648495929358,-2.8501300826735725
-1.5871687586109144,1.3128251844490109
-0.31828640177913137,1.0146469392899893
-0.13381945805528025,-0.32944860398273407
-0.5881619199885711,1.0066827243212833
-0.8252201735136119,0.6543333845030276
-0.5716612409166419,0.6723853778416824
-0.4190227236924205,0.500682338717261
-0.12864880475060855,-1.1483034465359607
0.6087569487153934,0.8373321710364566
-0.9695260692355658,0.12096170655678429
-1.559952016970404,0.67398094581416
-1.9438811578239557,1.5356796729086222
0.8679336138548193,-1.356385403247651
-0.39121090956979315,-0.8794024374400793
0.25266439476009306,2.0390331050606667
1.0009363469714871,-1.199605963591944
-0.9103294587694778,1.8151985174680645
0.40301825555137266,-0.12284700141974786
-0.697274915866995,-0.36067015382074546
3.4638664360788605,-0.1302059773337605
-1.5175135601865153,-0.5132266709955634
0.3836632180580859,0.06163945639294248
1.814267172159794,-0.49727799485431234
0.4179885356519765,-0.6851269430045963
-0.7577823064267216,1.1622450085020866
5.415306877100755,0.012113157688213338
1.0685641791267968,2.9864604101862597
-0.619952892694651,-0.17319930265435798
-1.937631047905683,-0.7315770547599073
1.5812608556097407,-0.6083168742145912
-0.5952745611943598,0.444052417004927
-0.15777103832767328,0.04539558072722775
-0.14612449742082226,-0.9629919868925162
0.01788187299526849,0.4561294464332898
1.4885966526222607,0.5020476795027742
-0.2722843138406456,-0.13260709916982713
-1.5924249663346284,0.9585747713709246
4.276463552134613,0.5932758719093674
-1.5419175377446563,0.011331131021198523
0.2195816738360905,-0.6900094555821201
0.20935403905992517,0.12492055502095611
1.5344473579281699,-1.2180794016980558
-1.360446726751224,-0.4661372897241447
-0.7219168030148111,0.285954975703273
-0.5250570066734875,0.24071637391383097
-0.7992236399168671,-1.09323345139222
-1.6973488305609745,-0.10402108713834834
-0.8870364116354255,-0.40768245094670835
-1.3403634113639809,0.863032480217064
-0.59313309694053,-0.018844458459082537
-0.32526734801338575,0.027178268710274265
-0.40851351216718096,-2.578009475632786
-0.06371110322186466,1.0706956200301934
-1.6131273544027251,-0.3629134948196449
-1.3916443266670084,-0.09112183743445708
0.1784386743073545,-0.7087591788969794
1.6615468178789456,-0.36190365924533985
2.679229479534479,0.5331925776761609
-0.10861317833926298,0.9445787567890623
-1.1038721334075976,0.3521497640443452
-1.0536375621842766,0.03063198308882814
-0.7250056232326151,0.8459006967384822
-1.9945636388312116,-0.3704158851717902
0.6685888239197567,-0.12551205457999512
-1.7362806459843467,-1.3198029537433942
-1.3321370747970416,-0.4639968024849804
-0.4198609856344309,-1.2893403093041358
1.3350845855764661,0.48513514633601584
-1.812890120261714,-0.5161929738585352
-0.06003589456642173,0.9505498440797695
0.12018222628109722,-1.0493461793997916
5.600712444971025,-0.8093700960368868
-0.9394355028669013,-1.077869418723014
-1.9306009276217782,0.09536935151632643
-0.3095160814634276,-0.8132727852929642
-0.5271233586825433,-0.751226348059414
-1.015879186785328,-0.6541180319407349
0.0031242513854845893,-0.3526153785354898
-1.2525615064270204,-0.4463749082590261
-1.8484365273310273,0.6424885403802155
-0.5683183148110359,0.703591205315762
-1.6419027989507495,0.756894929538494
0.5417657042085335,-2.057095775749294
-1.9886784234124062,-0.5926152150502833
0.02126237868085614,0.7725635794095979
0.19645299476255015,-0.5581350132648992
0.5737851043443668,-0.9480608476217558
1.6391123189907721,0.8763739520928379
-1.6119456753912056,0.24647356647575624
0.21348979936772927,-1.9149420026790964
-0.7948832453776492,0.5801171889759692
-0.49101564261036973,0.07137041312420217
0.6779158446073537,0.9473573452391599
-0.8267410053802708,-0.7496941080663834
3.185826983577463,-0.0655604942096581
-0.06551563945379203,-0.22221550776304877
-0.8988907774694217,-0.06696913637091315
1.706025332887197,-0.58270719317347
-1.7514383891688923,0.9081137986727996
0.7057950265906964,0.6157777624121594
0.7204595826641473,-2.7178285106580207
1.3334770853294085,0.9517206606631903
-0.6727315391104498,-0.8324377624103155
-0.26640128094013177,-0.8258035367345693
0.17293732244130525,1.0518754562763684
-0.5585505250559095,-1.8859733117255708
-0.5748348096064908,1.334541272113472
-0.8225523409579644,0.20157517443986245
-0.3435491811111392,0.041164869181765804
-1.2065714778532382,-1.6757878679297695
3.637827104391088,1.8150962716433738
-0.2988677466458972,0.4380950219092072
-0.141248063273111,-1.5308017330398522
-0.1408365823228745,-1.0087696603836713
0.5302671973124365,0.8939346953700629
1.8153417774601137,-0.5256593393636739
0.1634064516609745,-1.0971901149844294
-0.207194000046292,-1.2064985418686225
0.1916904678449749,-0.19381252987003197
-1.1765282396786398,-0.3525134545948108
-1.093115350873053,-1.0039529418809798
2.0538794379182015,3.234568013422324
-0.048801872722723086,0.9432297026762178
2.221153145768875,1.1694770748941639
0.03665372048210281,0.16485583670447287
-0.7639794383942945,0.6203004736124901
-1.1322222831139535,-1.030720853586425
-1.8018276041965482,-0.49132345074824535
-1.5300731868419302,0.021880576814413296
-1.3734709265918321,0.3439647972318016
-1.1184866092219587,-1.4302642814523812
-0.33016472147119724,-1.5288193423862788
-0.8438073284837829,-0.9593350736116505
1.6561392630554137,0.13668375075979705
-0.7394762882855217,-0.6936546790055247
-0.8094709940109165,2.580129899059712
-0.8913177564753372,-0.9494934942965471
-0.8923408730945404,0.09915243266758983
-1.7920482029521332,0.760916041824921
-1.2740484112197694,0.01790020915336115
-0.25770706650039404,-1.0303410011119174
-0.6318795542086686,-0.7287853672640714
-1.1406433145431654,-0.7766441096541299
-1.0411091498208742,-1.0556836819762039
-0.8881297776770833,0.6267999395533222
-1.28518334845996,-0.27685615280345144
-0.04505544072264267,0.6019623000510033
-0.7771173482982682,-0.4645453449419058
-0.36470221587874163,0.8268354052921825
-1.3145683146186349,-0.22084373237023425
-0.24296138109965507,-0.2966972244605104
-0.6209718581290906,-0.14610997756570712
0.7652289816554709,0.40430138180164704
-0.2124124690805026,0.39772273721871065
2.978594901356629,0.39371107835770514
-0.31630398198480014,1.1179156516803785
-1.5136011038273902,-0.2908637728993723
2.308503627054182,-0.01923090206011225
-1.8081543859710245,-0.8434727740066983
-1.7828629735578752,0.43943968250115045
1.2329838735682639,0.03888414064414011
-0.19906859521043332,-0.8825983587297863
0.2044673616257764,-0.2590252452861989
-1.3774934184158325,-0.2933158455970334
-0.3714130747778823,-0.5749298569098201
1.0446030347292188,1.2958266408686272
1.4710291473378767,-0.013602691146720027
-1.0680297516337636,0.34297073846936155
1.8767258765705945,0.490789071227719
0.898826653979613,-0.48032337578077605
1.6156510044769918,-2.166132443071863
-1.2870736451843854,-1.467848154143625
-1.0062324635335556,0.5329855740250377
-0.9934395696878056,-0.28759716767861127
0.6111880816990579,0.2859465887266507
-1.4068860692544365,0.8292875108165034
4.3098707603334425,1.2636196176473657
1.6123117381878298,-1.1755394394898535
-1.939224739095824,0.653968450307983
-2.3887504887266755,-0.993745384398162
-0.7934007683334563,1.5574921757841051
-1.0159743488599802,-0.9285529565225481
-1.9957296506533133,-0.900668688416586
0.3195715120736361,0.5710303280360018
-0.7724772199049358,1.0940755003830356
2.7785196333656494,2.480975334805087
-1.2176925805414494,-0.1765015627388811
-0.7789202240013204,0.45823364816546386
-0.7936351567668427,-1.1104433954237616
-0.86709460859848,-2.010400048520731
0.6885787241168883,0.9824068431347192
2.779384167601178,0.681661707159296
-1.1363248560366657,1.1899621530584714
-0.7567368922802226,0.5147882550494881
0.2762621575294887,-0.9193471448301905
0.0018209702926645225,0.41453097296860664
-1.9526885730137538,-0.7203804766865228
-0.8438558298002855,-2.499043356883134
-0.7709438390644257,-1.4958357317762117
-0.8632133672675174,-1.2734728876995423
-0.925812138832086,-0.26700781426490827
-1.1262040992881088,0.8587757252540758
-1.6851768598662238,-0.12437338139428976
1.5644533730484131,-0.22359918360723802
0.8260575889742937,-0.6914752881160756
0.6549487014019073,-0.48753303672090303
-0.912277953311918,0.2575004978037279
0.4507076542743652,-0.2593204510383795
-0.42622360951956473,0.1660021468457453
-0.6830554978637685,-0.11814211491147793
1.0907329290441852,-0.17999523827773087
-0.6239681454814348,-1.5609131224413775
1.396481681256141,0.2658120620990902
2.3861837404842516,-0.3973094426076738
-0.27364908584602704,2.5684525134843996
-1.765582195227629,1.0765240200904704
-0.266307095287426,0.42188179114319485
0.10134632279166417,0.008205817737013345
0.09303160317487641,-0.3427502203591252
-0.2450972910017464,-0.16524533499646896
0.2336821650741785,-0.4819864625663695
0.4464120071228879,-0.15977948028473588
0.7424716982522943,-0.8557022864711238
1.5030556042992458,1.3055228852338923
0.8636405538831171,1.7895172022158718
2.664483459172447,-0.08346378334907734
-1.9266938050680913,0.1625018269507463
-0.33211430330750175,1.0766739172520974
-1.5987251544389673,0.5797674437934315
0.24127287021494237,-1.3274238682037844
-0.6215251705280411,-0.07807440078016144
0.8476459589300845,-0.16898177707294
-1.387300536627702,-0.5787039786131105
-1.1653482448217285,-0.7076918341714585
-0.45524809438683095,-0.6834756459044566
-1.2410317021405526,1.2938983014977323
-0.42688684942878946,0.2866701966442425
1.1762980493608366,0.2037589770930576
1.7833967277537262,0.4891756510824107
-0.6613738944593234,1.4949444093356088
4.625824721313726,-0.6359584023378989
-0.5244706248632999,-0.9217103856637042
-1.661874714449941,1.0254713058512441
0.31490048250480945,-2.07302909135112
0.9099152732103954,-0.0695633597829426
-1.7575043529883434,0.24189742646259124
0.29430014815482625,1.1564245586670003
0.5116917073146184,-0.7709760124045327
-1.2636774068593386,-0.07550396217810208
0.7569648823723804,-0.6375670688872267
-0.594430358171833,0.3228777742280644
0.000513283495919411,-3.0660300940089336
-1.3935673572612262,1.3887024193045021
-0.6164083383538386,-1.1920787888032724
-0.56113447754323,0.8657754743312691
-0.43174586815280347,-0.6122278193693816
1.7661300091411205,0.40274663112494374
-0.6190193621896009,1.1869513564205756
1.8858645420354023,0.18382786498291015
-1.2117801597352647,4.520442845282856e-05
1.6078819122376717,-0.7917153215937413
-0.9072432633643789,-0.3486735449536447
0.5220937107030366,-1.155566277281687
-1.3034527277324994,1.2995728031508171
-0.5188112489045714,0.06514233715380982
-0.38495715905218236,0.7113580184969797
1.0546087267493975,-0.8347088569466498
-0.701087700718088,2.285172086011365
-0.9237817810133999,-1.8221588226198635
0.9359545607227213,0.8046417099280067
-0.4784446563165349,-0.9651233154663041
0.36614094142888526,-0.15422881711543085
-0.47125595094879547,-0.33654716807032653
-1.212970300807754,-0.7518270912508367
-1.5881141974025825,-0.2291708242620094
0.31199430928766925,-0.1359356790270132
-1.4278797235487817,1.5242497198474974
-0.8572004412919566,-0.8891153469691528
1.0526210329245616,1.4272311636798938
1.5653487392123064,0.5744925314450321
0.11277307330054134,-0.8070509571434533
1.168188340798687,-0.32658620181605497
0.910828111921867,0.6402231324378199
0.2541711626965538,0.009093761928313572
0.2891425340711345,0.13680548561289194
-0.3906725844341565,-0.2826359824183047
-0.8583267454287291,-0.854632709100733
-0.457507953725435,-1.143392976245107
-0.20144448152798214,0.9151795371214885
-0.3416962680153348,-0.9897469827434854
0.9672488209446213,-0.9060867080833366
0.6690989964946377,-0.3459472516009414
0.6623212817941915,-0.19948665602055402
1.6550481004812938,-1.7192091743457107
2.1532664668458827,-1.168750630848208
-1.032637661289135,-0.4381105912979613
2.050341849447672,0.5510208177762905
-1.3367759057874404,-0.10282993365261209
2.453926168860566,0.32208400101143403
-0.3783972723418487,-1.7706371564888963
-1.0996666752675146,-0.5602289976884218
-0.615784065652053,0.6300191305525437
-1.098107592826638,-0.14334960435454408
-1.872186506989246,-1.2327306732254208
0.023505736500990512,-1.043366697584327
1.19068841375328,-1.4974510409872548
-0.29855551563017463,-0.32248019455796895
-1.2539565977069005,0.35781570501517396
-1.7848106158057289,-0.9933588976810858
-2.027096061344739,0.40722966508325287
-1.0252399820371305,-1.3918420849615718
1.5471443702990801,0.2796740625035089
0.3543123915818629,-0.6006648958182044
-1.8476022818712237,0.11864802981686973
1.0627456388917287,-1.8162981782410763
0.03681884135940842,-0.4400414232938316
-1.676163579385409,1.6562294113652893
-0.15432747177006567,0.14692444854739528
0.9612923521880212,-1.0950578365087893
4.960141173099731,-1.90894587611869
-0.8639893028315,1.2469029504767428
2.066879668359885,0.5909299698546658
-0.030250296789658383,2.312639157680666
0.6987422476501693,0.12965362029784572
-1.0285465253912092,0.9574138466824039
-0.2047138016901612,0.8019974990131009
-0.807814654117808,-0.07478341374785782
-1.7118523027988584,0.558171746500589
-0.45961511468845695,0.10276239599329631
1.2726758647769276,-0.42108858270986216
-1.837752795988524,2.401947448524229
-0.864347248370893,-1.6299824833171013
-0.14744318806841178,0.2738186069261209
-1.2761173674867312,-0.05189675564178273
-0.5098655647181058,-1.1660929580191572
-0.7620128113851309,0.6703626904519459
3.110256702888309,-0.41553660257032043
0.5159335654848862,0.8829516416758614
-0.7847196732327947,-0.06425005927536412
-1.2078772810120175,1.507851138976295
-1.497433045919609,-0.09372802847950856
0.03543254453888328,1.2280615837316915
2.720226064858135,-0.44542553503942206
-0.9824695768244067,-1.0723183098213396
-0.6399443243707021,1.8019197711043853
-2.184038204599938,1.917351261160259
-1.6230422583704756,0.6904607518122392
-0.07547474080123762,1.0317148118923671
-1.1286536365218922,0.28998586377601354
0.42713331160521706,0.24192937710198234
-0.6868834737922654,0.114182886285059
-1.8057064769327043,1.1670681450857927
-0.03248794694218671,-0.5766087365732403
-1.3195411128012478,0.4366093932731524
-0.4811602256309671,1.2048323475959108
-1.5853060368399077,1.0198277825040167
-0.5547799311825095,-0.43689308645753966
-0.7163266758143457,-0.6276821974610111
1.8048027356909115,1.0219468695203533
-1.6831152878785076,1.1406932657379707
-1.0659213340887095,0.6852451400567617
-0.6578489056899649,-0.5964506880126639
-1.0929429998261408,0.7913922687069023
-1.0219561360504967,0.9514609926025951
-0.07979294966787075,-0.181301758092556
2.2874522081459294,1.444501160662616
0.17136541105100483,-0.8503905581615339
-0.6857200417386469,0.18684691865506167
-0.6666345361300904,0.44700420773345934
-0.034400286321182326,-0.9243021304649017
2.9647586867803364,0.9957622436223269
-0.1187591033479536,1.2933169339544897
-2.089412357729649,-0.03588700689786322
1.0414977250410729,-2.7124602746856223
0.5035358504793294,0.7280898636054585
-0.14799602250509555,-1.4098486630398768
-0.9983860362710019,-1.3560088005184392
-0.9785267991325788,0.26855623387150035
0.042508881469666436,1.0159942097079602
-0.7541259216655981,-0.2848295848987431
0.46799324864419617,-0.3317488339449965
-0.7929219833132194,0.333854432785103
1.991507715340338,-1.064823320725457
-0.1934367459038879,-0.5904885801093588
1.894884835841352,-0.893659148552056
-0.6873920182057176,-0.029483691607388323
-1.1725038290236856,2.3983079131201257
1.3873122654645604,-1.1365644967540902
-0.7008253796078557,0.5217424383046351
2.848729504493509,1.3865328362333806
-1.443381491462208,1.2637310460790365
-0.7467449488060514,0.6556409913687686
0.5108226868308334,-0.20210202405100575
5.733857407874159,-0.7486113097173289
-0.029782190853600767,-1.6212395299455462
0.7398393456409572,0.16744229150295112
1.584664927494614,0.20847331042644587
-0.8416541130478656,-1.5826855725291835
1.5103891680707677,-1.1059810979698652
-0.5346963487720571,0.45670957616003904
0.13609317664832601,-0.4242077242154594
0.30343737859526304,0.21168030199685142
0.9716772055238485,0.47848211163343696
-0.7656989699256168,-1.7570737707482873
-0.6391482491790067,-0.5800948460756593
-0.8726526763853498,-1.7908844438356426
1.7295308474465638,0.020694531588570732
-0.10961838282286507,-0.7217083422298467
-1.5141411716514739,-0.18299748089077672
-0.7041762112993566,-0.2288698246497132
0.2570913946038223,1.172293523709998
0.5781277900559794,3.3370476690513455
1.908478681475186,1.503693927853567
-0.06410097941825459,0.8245541747485395
1.0333460587077825,0.3059544323847108
-1.4310277154680784,2.0409505664015866
-0.17708545176392873,-0.8357074205513257
-0.5548493580661911,0.2854091311094513
-0.8615012072557017,0.6304085543310088
0.6829736234876,0.2104573016672741
-0.5162962945702473,2.407957211757843
0.5331774824256615,-0.632922527141466
-1.165130664089106,1.471125672100735
-0.6728989691277275,-0.7029804759899851
-1.1064882585201947,0.2638217830621577
3.0468275785167953,2.2742871794830197
0.25097053771465966,0.1141175178709263
-0.5434217479509829,-0.40610875478187836
1.293144284068698,-0.5688614017322563
0.6979396238442691,-0.5654942978158958
-1.1567494742789244,1.3312289002625632
-0.8819188320797806,-0.9733262338854881
1.288300164279777,0.5710385021699842
-0.9037553105146904,-0.6216131009182597
1.323446263005162,0.43169031520735135
0.29247032070925744,2.609742698701039
-0.7021602795008123,1.7328487397574328
-0.6518641185381231,-0.3401468638200346
-0.6910906216506184,-0.6718467830688184
-0.9905828230356732,2.2923392695262064
0.10561809566443671,-0.4325192349465036
-0.8138808310666164,-1.8276461059447375
0.2680266959256479,-1.5781928209637976
-1.0312129953263154,0.7096296435919435
-1.4114559828530704,0.03135352941938505
-0.45847422237840224,-0.5054884839274995
-1.0540300163072125,-0.5555297695624475
1.277471593028571,0.6783076631281697
0.5372604540797,-0.20503739572948337
-0.8877843197042722,2.221313032235186
-0.033555223405453416,-1.449832334027827
-1.6799553661893813,-0.9090122314326247
0.7951795171237291,-0.9089203094196496
0.13886641245637452,0.15584449844138668
0.1595237295221587,-0.09012584774084081
4.569060666026102,0.7991636059939823
-0.4421248036064995,-1.8098422597353678
-0.614121286282739,-1.6446401367424155
1.130878676115736,0.28396838240710354
-0.9188513528032688,-0.30383518618989025
1.8119834631563003,-0.5096300462462408
0.3248030323764702,-0.5914223014945932
3.124429234811046,-0.3730617290131504
-0.4585619620206633,-2.2163355649543077
-1.2714989203470974,-0.9681532883567305
4.595473654178715,-0.5525531584390032
-1.0135952555747496,0.011543824651106573
-1.0782689806420345,-0.3797655673642029
-1.6618591744387614,0.872607600004684
-0.34112577758864016,0.5670525378658897
0.04541254566218459,1.1528314918810192
-0.019071622054356405,-1.5582887957060436
0.3683916723149202,0.33391446529159446
0.8079012220955935,0.7178120618259306
-0.16389091708572168,-0.15401586644873122
-1.8209238571889925,0.7469058487448254
-1.203176722553493,1.4008320172563762
-0.08936877771251747,0.19742487759989774
0.27072788745503884,-0.6333537230880014
0.6405622705441257,-0.8599073992104409
0.07791657012048613,2.376477222908453
0.9352932467785899,0.38835124278514693
-0.5360813017514511,0.18613640160196218
2.942580173075517,1.0649492365777784
-0.15679605589318224,0.53734077084292
-0.3238901749944482,1.2409464466729543
-1.442252436494008,-0.6453589264622219
-1.0632982482737225,-1.3266132980700471
0.39202767141165556,1.810002427690264
3.3648732629853058,0.24490778678266004
2.2114981208590216,0.5710648295820416
2.712830510826087,0.25242633893671407
-0.9893792668079129,-1.018902621222025
-0.11733567722606324,0.37527775468344826
0.0008268675142409439,0.29442436140340317
-1.3745443720329795,2.9948806615096815
-0.44532471635347315,0.0648321534447547
-0.8545559915870319,0.36996632197718105
0.32913139661724305,-1.458563012829064
-0.18280469304300598,-0.8699623283921056
0.08344141802976464,2.424499257957818
0.09131455077979045,0.05352305580712331
-0.7252016386367935,-0.5455602319824308
0.6870189479774647,0.8572976793119025
-0.15240587549037793,-0.8356236527145162
-1.8483098218842648,-0.852673420083134
-0.3698289605871705,0.7253128830199077
0.5166562489974964,1.328515973364812
2.942290660526903,-0.32000938484454994
0.7754152832597928,1.5008351302302214
0.9412715543696365,1.9677133575162706
-1.014415027601688,-0.7670718725628015
-1.5941114560660727,0.04506362296377743
4.864245842878479,0.8072404844763749
-0.16900785920646413,-2.0942567896689726
-0.24413759195014972,0.6774330140027582
3.9414293707800887,-0.19712302449798616
-0.6258450246983183,-0.14194586910214352
-0.937007391851835,1.0422629689978964
-0.16921883145433164,-0.5600248817021375
-0.009677170005546966,0.8085626004168777
-0.42137639438284086,1.2090469213617159
1.5421873384326854,-0.40931345489632914
-1.469327921718944,0.8214737359863398
-0.8694227789992558,-1.697783116415838
-0.492647590286091,-0.02653888916900923
-0.831746076831715,1.1473352795548324
-1.2410561641112303,-0.11798872540446098
2.441257550293904,0.6513393133301563
3.4980755743805467,1.759813043857138
-0.8054954931999515,0.27476690133819603
-0.370036287515626,0.9659814039831417
-0.7855928817631722,1.0354368881272882
3.1722346220444315,-0.14644513681314603
-0.20222445223157734,-1.2754422668632495
-0.6675007419948161,-0.11782001781884488
-0.3161161817206375,0.0704412564238099
-0.6981289545845885,-0.04800554011279771
-0.10647821714077367,1.9296165759278299
0.03488465039477216,0.014031421743857618
-0.1452975666007358,0.8496477468643955
1.9064424072763826,0.8799300340181228
0.8520968197791731,3.609975061434998
-0.777711246380161,-0.8307225614428323
-1.0604461064487385,0.9238864314282478
3.2567715855854846,-0.8932171008497815
-0.9301338694029014,-0.854961977093904
-1.6682526669459166,-0.3399126964289833
-0.42997156780427687,-0.05826280924097366
0.0015278885211643986,-1.7356384851987114
-1.6589307211910969,-1.1541350563578787
0.7522073972156782,2.7933770943898786
0.8978374174317327,1.2957540548186997
0.4409298208494976,0.8708265241741735
0.06497834173469734,-0.9528473436463418
-1.2708684101929233,0.0511923446303854
3.96124707963019,0.9440377230158179
-0.6247906438463356,0.8550171610487975
-0.7762845268683058,-1.887471858606556
-0.9552316295247107,0.7174949003693707
-0.5173564254877568,0.8356225800399327
-0.24644403250062233,0.8927336253856023
0.24605085840890809,-0.036241420460656426
1.065428699173177,-0.3574468733504083
-0.027183319851872022,-0.8809228714861735
-0.33542866462063575,-1.6038942482995668
-0.7900961019006232,-0.29900396679657393
0.18157455833682967,0.37138277710915824
-0.4569840830357895,-0.6580006334011415
0.0863175290287394,-1.243498217515946
0.42003943068260957,1.2354833500207802
0.6312540991639338,0.7743059838854494
-1.1553749348707623,-1.071211468737193
7.018866661405295,-1.004488905556818
-1.7022604644176724,2.1901452555631344
-1.4776176988980363,-1.785351459357659
-1.0832935044033853,-0.6679933442373058
-1.846148203268515,0.5896112253604815
0.21832563158143545,-0.48162785692817156
-1.5304699594983473,-0.5868015815008528
1.4217237123259214,-0.8698736892342986
-0.6262839252672933,-0.6645297045918245
-1.434755276658725,1.2328800199391252
-0.2202804104311705,1.3790506644706944
0.4736756670280846,1.0184213539413456
-1.6379387318720728,0.00896724385449719
-0.9643448498318068,0.14092364181689004
0.21978996122371103,-0.9944141592458021
-1.0724613576593203,0.6776282694192137
1.0723385558976284,-0.06055083194961598
3.295007823800085,-0.4067011023189248
-0.8515289102564344,-0.9005260475188996
-0.18889403159122006,0.3497903821835888
1.366389155149105,1.1413152856328823
0.050786661328272864,-0.37892307266202946
-1.3893498851949502,0.352387025053404
-0.4731912913912933,-0.30841813039681754
0.05343232395368257,-1.2893025083664897
0.25752764935846506,-0.37018890978590185
-0.07744627935736646,0.2561186559923809
-0.3272071628604195,0.6271302458899289
0.47462134142043544,-0.8747139314861505
2.635492456756025,-0.31437005908967675
1.0943627852684166,0.08961892512285945
1.1227611959358885,0.8049254581332567
-0.7208759766257189,-1.1746737060940506
0.17190218461053494,1.3189489015466942
-1.4250386054871225,-0.47186334769033983
-0.27581318462493337,-0.5565784545880313
-0.9833191631404264,-0.3363251207704914
-0.3496780724615659,-0.7222047486143874
1.3035204922147048,-1.2257471664780242
3.585057844868268,-0.46695439959266116
-1.1828862969867704,0.8529549681456405
-0.8664122953073323,0.36554867317173756
0.05080038411275342,0.3625966034351615
0.9874215330584953,-0.018880513018709258
-1.4105986991900124,-0.5043814079323116
2.5722771962171365,-1.1010008990418112
4.4000685416792455,-0.18342452261124453
-0.516909387701541,-0.7184052691890661
1.3759757029461823,0.31294285506911423
-1.4119535969962003,2.3900766835876546
-0.6582387102809236,0.6260651996717127
-1.299144007026252,-0.21863214224843425
-1.3257929275967528,1.75123413437096
-1.677143438324313,0.12646028204610485
-0.5242863591674252,-0.7650669098907906
0.5624764281226847,-1.5731132279599478
-1.6370527214134267,-1.3118011756191494
0.0749314849520949,-0.7684933195599647
-0.07991074302901857,0.6217195817116921
-1.0326775134977495,0.15511258945234765
-0.3632267710341107,1.5181950735633147
0.1717593405789485,0.12749675700311322
-0.2018129063314491,-1.1776173932741882
5.180466742802512,0.35783469368773896
0.9972581047638539,1.0682797936508235
-1.2013765776654752,-0.5584990193179159
-0.40059205643324935,1.1132473972614731
-0.5487525152003719,-0.8764191741068975
-1.561939550385513,0.8976651436859062
-0.3840107444792052,-0.32604908773056757
-1.7666448925011236,-0.784607507219255
-0.7893343707276654,-0.6267877407139428
1.232614581170603,-0.9713107906554534
-0.6497869600490151,0.335974583803454
-0.16212337523454468,-0.6849988774661653
-0.8264503674784974,-0.5465291843955452
0.041689265823405965,1.4203439632919244
-1.3170629591344545,2.8293039432817655
-0.3063284485094727,0.5090785820564374
-1.3947531734379197,-0.05289133097969397
0.929738215557321,-0.3150526814260581
-1.118177840311174,-1.7728269977798867
1.4820031262675915,0.49345659742849957
0.04503121139058955,-0.846072365097949
-1.2419489317038113,0.3852675637652163
-0.15768748420523573,1.5952891029710778
1.8324994638735637,0.1599221361266963
-0.9119939850158835,-0.6363283121514217
-0.4246787249563849,-0.3194787948196893
-1.0359510938871455,-0.4943242787032556
0.35409076576133613,-0.9555601854555738
-0.9008417906299795,-1.091076873356705
-0.6974664429825816,-0.8447797806463861
-1.736691717437976,-0.29255108818228104
-0.5610620892285406,0.12947929109271009
-1.4337359864482357,0.27549554749891164
-1.394746651404121,0.2511516457505017
0.862294350333406,1.454259813929592
-2.011384520145601,1.2121748690260699
0.713319748444668,-0.19180992310986114
-0.7095487837235956,-0.5663356041594155
-0.01815913372866839,0.3928606542059704
1.9454815593849109,-0.7939487350392236
-1.4924018713746627,2.023924117714372
-2.0718854354810166,0.03437021113933352
2.13812094979273,-0.7440492776029737
-0.9688931557684349,-0.24355768300069894
-0.23786489547897416,1.0902227346023967
-1.6614143204114515,0.950363586437217
1.9042780777047728,-0.8663428309069556
0.6106584040118404,-2.5054290862646424
-0.43829557198337077,-0.5647767648912608
0.14998499549084107,1.6801221269343105
-0.2631093081590984,-1.4955006887632973
0.8137050811612326,-0.28244243494043475
-2.0211484412161353,-0.9520466428999408
0.1196804754604589,0.2811569145819172
-0.3489703842744936,-2.467607681901197
0.6351585462032407,0.3281525510210204
1.1597406036628748,-0.9243057883407416
-1.2574887347538257,0.6330778061291585
-0.5817578590142368,1.4915463003888325
-0.626842928135399,-0.9606165759457228
-0.1915781003073512,-0.47231056749389094
1.1065555873540107,0.42772249817882246
-0.7754002099324925,0.20191578987337197
-0.7347190137061618,0.6854062211337371
-0.4777850397071369,-0.4918935913382752
4.3127739008752535,1.2222659931106363
-1.7565802773039678,-0.2517839131143188
-0.9943468137192271,-0.3471307436963505
0.4697623618245764,-1.0197115518283812
2.566988261015605,-0.187307277367476
1.1310837451261755,0.8580857286516542
0.8197314131893271,0.48682076112130346
-0.5033179568881124,-1.2979590458206742
0.07426377371427398,0.1924104729069609
-1.1676198679628775,-0.9479874448550861
-0.6908139054363945,0.3936572664592332
0.9528331917286105,2.1647284449023894
-1.5919508278839958,-0.24712042021702357
-0.9560689006910584,0.02637594021379462
-1.029590885239749,-1.1101954010547626
-0.322637716737223,-0.674678547315288
0.15207679955029796,0.49601590942866247
-1.131406829452873,-0.4447705591112008
-1.5597857819251817,1.0078844454345135
4.423598777303348,0.7507519944939206
-1.23205603560719,-0.3142162899593462
-0.7932708400825663,0.5996390855443614
-1.6568652549960963,0.15787895412984534
1.2958933257095193,-1.011929844373873
-1.0196207670872974,1.1783536094082585
-0.357521735319111,-0.6756619460816358
0.650124935826962,0.7550628098896479
-0.542425246821887,0.326604891638822
-1.8176431038543128,3.105044067020053
-0.9023653963786465,-0.6732745677168532
0.39815209578352967,-0.9525833945541209
1.618863712585973,-0.30437126996903624
-1.2598477516968594,1.9493416558821441
-1.1953400331883097,1.5313150860328175
-1.3820850801596412,-1.1303511234628074
-1.8485025635372312,0.032825173461664595
-0.6737938668536462,-0.9989188880258001
-1.4227395570202923,-2.147865630800297
-0.5543861745200247,-0.32044943123042074
-0.9757598670079773,-0.43248665417838505
-0.9505609437897298,-0.4394149383359891
-0.2914077187678425,-0.7236763656438623
-1.5748062014740565,0.9932328399907399
-0.4095535811279703,0.4931103736788548
1.6692835467690381,0.37319208487549654
-1.4670860329160718,-0.5758332559703266
0.9361461220222905,-1.2475508107708513
-1.015556601367136,0.5484323112514368
5.103540306253871,0.004268435713705364
-0.3548070754966067,-0.3560851194428873
-0.3007846402618939,-0.23367712395203888
-0.34338178404068265,0.41204063604679914
0.3474707121557426,-1.2231638881927571
-0.13476208502450246,0.17306597411040683
-0.6550877851906184,-0.8723989798078737
-0.6258389301030285,-0.11494767166556219
-0.9315199056685903,0.15210966041760587
-0.8595998042552895,-1.5355733570291916
0.7343049094337896,-0.29060981563186045
-1.2073250705395768,-0.28065077693782586
-1.332466285353904,-1.593490735262731
-1.089296375697797,0.579279949003214
1.8207051565634353,2.5638682917056634
1.4516825033066127,1.2208908302216068
-1.6546821603024011,1.0297684461565078
1.0620239046498288,0.0891655774434316
-1.2353770059199436,-0.1575317617104914
0.5477113165487358,-0.3314888066032515
-0.7552451799591443,0.07070592782574783
0.40977887075658836,0.8799073996738812
-0.33329382073348784,0.26027929671073563
-1.5135549320376045,0.5182157500351229
-0.8900186669072696,0.8284062337570525
-1.5511521025015584,-0.029710178093148767
-1.4268356769196078,-0.01658788063743287
-0.7524069437112056,-0.8944548842903217
-0.33673398739132426,0.38919559682077715
0.33760719101009656,0.778763909795437
-0.2512665359248873,0.531390493295823
0.3892945812949612,-0.25301913506728946
0.6429220903881058,0.2197230768323007
0.33159623105672137,0.45138994171145874
2.9713345763736787,2.9334122462231957
0.8750314279999081,-0.4909859578203754
1.696846531532332,-0.0005547204956345639
-1.3675087327336861,0.02521342051723601
-1.448930588828303,-0.8856936501355561
-0.6740592121949287,-0.45916586770366064
-0.5870449335831942,0.6547713519381059
-0.009487522337536003,-0.7267454004317168
0.7562138011421276,0.12646183495984512
-1.0619000897402964,0.4451119232422044
0.41763008645511007,1.4640469162559107
-1.1334777780603396,-1.3280369212402103
-1.4564179774981532,1.3652640602725
-0.7688490514720843,0.16244756526306744
-1.8670985042114172,-1.1993886202956265
-0.5029358893216103,1.0735110407118869
-0.38327276983682546,-0.5352741363016184
0.8164335725235211,1.5097057946538797
0.23909377877523258,-0.5242489562086025
0.4243203438241125,-0.30461108940558734
-0.5905494531214327,1.2658351873766207
-1.7086421600182193,-0.38136962529544505
-0.6014725446951406,-0.8595987698994589
0.036428571048655455,0.23376199787786667
-0.22894621008077023,0.425587963319124
-1.9800968691564371,0.23178475697825368
-1.3497462293568725,-0.49212926227867354
-0.7892216843049129,0.3709294087717198
0.2719463675150099,-0.05699191180456746
-1.2755134289444692,0.6915226720910838
-1.3876712756412333,-0.22884517841162402
7.227445449732464,-0.41879447785486684
-1.9714140371846678,-0.5351980486690562
-0.8746491676705079,-0.31090093045704115
-1.5710097634724116,0.9956368335020797
-1.5147045833049515,0.16551496602787522
-1.9380440616086487,-0.3081929621972068
-0.7391084154524564,0.38438149169386215
-0.5468399712830551,-0.45879708399786184
-0.10049075160257258,-0.5060201670510137
0.8896372758375886,-0.06123196047635468
-1.0918591636473318,1.3067015935543764
2.032576057026608,-0.8607390891969705
-0.2502045376615179,0.2689327131069731
0.8522329543587214,0.36046959275202656
-1.193429634445713,-1.237100079155597
-1.1883633427250087,-0.17770953158827588
2.982609885730737,-0.5350157799182832
0.9839597671938326,1.1138316409078373
-1.189011809195361,0.32219530108791977
-0.8171442746983828,0.30655826588284535
0.27699904611237863,0.09251441094828673
-1.9542402300378505,-0.5123906126761688
-0.8190537547435526,1.8237223031498766
0.06420816317601989,1.5362362647504222
-1.0651044499183346,-0.2083155028167132
-0.6569489752285522,2.0064153837256335
-1.6385981149354507,2.4251380414064436
-0.2149187505701916,-0.402142280102187
-0.20185323050382037,1.649791640086084
1.0662555748706863,1.196745252133447
-0.10318271001437482,-0.9759830645853022
-0.20957726858193976,0.5024843301377743
-1.0789978125417559,-0.605447968051919
4.243135451529577,-1.2565267510541063
0.994066509833345,-1.1156488456485725
-1.5336112059011,0.31990872078228366
-1.0223579989126232,1.7151188688339654
1.634827087697821,0.41612767508118
2.258392552680868,-0.43161479356537963
-0.2766190109312939,-0.25242131790279176
-0.8423324356004097,-0.1829675572436662
0.9512256519554194,-0.48647480633632034
2.4478730431915063,-0.15597330895442932
0.6227410758138,-0.26627109161842044
-1.536697916206493,-0.7574781774273724
-0.8382279729513532,-0.64981126038163
-1.3386900980031078,-0.3940156593319574
1.4910080708120483,-0.28623630310840614
-0.3637443225915489,-0.15829613823318522
-0.4942649555012557,0.6081025371077013
-0.1843425936060697,1.4558080148104484
-0.5176133558555688,-0.08482308244644794
0.1965824332399107,0.008883560416174196
-1.3117425817438424,0.5178902359849791
-1.602883687371402,0.5185415911928823
1.1426874145063621,-1.1276704112291278
0.18373987887204712,-0.7787726062406601
1.029433155126391,-0.5106726413723733
-0.5233383248088187,-0.09232309354344649
-0.37906583170230845,-0.5059062281187838
1.1256062799106619,-2.0494156949623292
-0.24579496503445705,1.4888721257558795
0.4855057084676927,-0.18294650392537934
-1.1897321934840048,0.6028051283514363
-1.7274324231161662,0.732339572282946
-1.1832573161941613,-0.7579134591223025
1.735772587208552,-0.7295179849627329
0.6737299724448875,2.292248006773331
-0.6049844109715922,-1.9963848825404478
2.9523918490974137,0.018536509382334122
-1.7724605879024946,0.1465675704151179
-1.066519612788555,0.7997656782043691
-1.901355108106406,-1.4441991687592126
0.5442116709422039,-1.6259752279902049
1.398721607491432,-0.828199749956241
-1.009377636340445,-0.96053064969686
0.11105052602984916,2.2140787881148922
4.8641721895080945,0.5288637922095196
6.6830653334056835,-0.48942808801508925
1.0587924028300375,-1.6359923306838984
0.20316415546024302,0.3458175239682479
-1.536526133352869,0.41512018310214926
-0.18697080990051132,-0.344542066032279
0.03873286439107727,-0.5357086170072668
0.3581297826854845,-0.5131849560203959
-1.0742718293703915,-0.084227126506298
1.7900306895605531,-1.7408681738653475
-0.4675177961016951,-2.676761190221205
-0.7123793319936029,-0.4420248832409111
-0.9743680791830888,0.8575969810775632
-0.14429850322141524,0.8253314029765069
1.1176182810907342,-2.073091695717247
0.2619435851795967,0.005638797550726664
2.1380655062253973,0.39285996310742455
0.7175939563135773,-1.6820456540751767
1.040954006949451,-0.1728924973627848
-0.48780358135628465,-1.7934716177536192
0.561817340639665,3.498161852792591
-1.3125973483433762,0.17893959469568435
-1.7424236591637683,-1.1058845574237868
-0.6066907416535541,-0.2519109807687166
0.9016524210943828,0.1834381539068033
-0.4127703439565393,-0.37152082015394383
4.967283767870533,-1.059217988663997
-0.867355083447443,-1.7855922739377126
0.1082091296451846,-0.36809691334334343
-0.7295038221954049,0.21545005606650738
-0.7416649048484337,1.3770710599489455
-0.17675456635193496,0.21532269498561443
-1.2692172405098194,0.4407214915035269
-0.8462847395492823,0.6585358952902973
3.455027920716333,0.4151683969157489
-1.2120566045568477,-0.0002710384391502498
-1.0924024721856231,0.12284599124387792
1.2654244959004073,-0.5704743411982633
-1.2247114689924479,-0.1918966572086426
0.11851467657265041,-0.3889657002871853
0.9979149972985824,0.287092353370392
0.06820623998672684,-0.2805418890520616
-1.4314742000495289,-0.10019628798966865
-1.3379609358375422,0.5860132483336657
0.5819117618112618,0.6924186031650283
-0.40781612679035145,0.1419566360079905
-0.04076265709997638,0.5534335449247823
5.4951669897725015,1.2265260144583534
-0.9569431637577306,-1.5597188641789939
-1.6426877955610715,1.9478694888325367
0.2456625496907033,0.13193728615979602
3.834319312859904,1.8259277267581784
-0.39944118736206013,-0.6753877257268842
-0.6996995225674065,-1.8269789853881317
0.16871439219559958,1.4108300905415134
1.492189257057056,0.7351407643303371
-1.5755370784675748,0.8822039926011727
2.0710920113464004,0.6363886083509438
2.6843683105822658,0.22698550725972544
-0.20185866345029274,-0.4079926814023384
3.6256833538654085,2.136461192572733
0.3822498654153215,-0.2662465034505822
-1.248401017500425,-0.301772400535223
-1.4911681975052467,0.595895369837482
-0.7234192391172491,0.46863012806686416
-1.733012905698058,1.249835554178534
-1.2471091636488767,0.7559735869958661
0.24822006176945505,0.23387895576128162
-1.258608158699916,0.5859137187467799
-1.430670846433344,-0.0731071083382253
0.5208293093472102,1.5682802948902734
0.44206898017506935,0.3416590218642295
-0.7395238193181369,1.7067216364977147
0.33052544216365576,-0.25835683873693815
-2.096076842911899,-1.6435792494326327
0.13087915023409843,1.106719766740485
0.7985673352425361,0.7610200788401678
-0.13902173569633483,0.6535777104499348
-2.204387456973353,-0.728953790853419
-2.0814472310801766,0.4183831950008982
-0.39897518567764795,-1.8993233817799124
-0.42697836725338234,-1.009143681329432
-1.2726122302943543,3.972518558797134
8.512913909967635,-1.0746697792756117
1.792791159979181,1.9432166895189709
5.041619506691906,0.6205506631952759
-0.47295413147816384,1.5441464401275
4.837663360224627,0.061591268924832354
-1.5431052465067476,0.1474422933161594
-1.3424529808741847,0.9650187307486232
1.4505352463173313,-0.19771003541315452
-1.923880686891821,0.8762155888240944
6.452525507185729,-0.4231583508174484
-0.07182639409272361,-0.03153750319614364
-0.2592321255071449,1.0318200452328699
-0.744608688068538,-0.21871812658896816
0.2110139299482111,0.06662567647566536
-1.2351362034065783,1.4361608790140794
0.6874651775542375,-0.5943150528122706
-0.7747975462586167,0.7868363317017594
3.6727019800741587,0.8106631943511372
-0.31188284448397824,-1.3287120264816676
-0.30366618139533635,-0.3186402016564291
0.03962610624378398,-0.3327470664533605
-0.04822022524463146,-1.4207907507784432
-1.146855410087787,-0.025046718914588092
-1.572503303926167,0.2616654319156382
0.280016996284939,0.6976391281235875
-0.465467418864848,-0.596878223063288
-1.5205836848388723,1.1766746089846458
0.31251868239366787,-1.3062466756154087
0.055329775816090256,1.785025151296723
-1.5922075850982453,0.5429596931242685
0.6028832738649561,-2.3609597239926274
2.4816715268876046,-2.133392339679929
8.795512881419697,-2.048106958193751
-0.13373142759971238,2.678528791942567
-0.4979102712341172,1.3760986923998604
2.227232902133235,2.2240627303359366
0.9377616201173568,2.5137164154373752
-0.16251708385766764,0.6589912879311485
-0.13990463752395352,-0.6216751350312081
-1.9676759794810386,-0.4169428374252568
0.15177505492345172,-0.32856468555849194
-1.129222466782791,0.44298485391428777
0.21314303567072887,-1.1362191287392487
-0.13515987026408238,-0.4077235239086477
-0.8240457788163771,-0.0616018937956081
-0.04207974108071584,-1.3446081974027555
5.693087183440791,0.48148113865282866
-0.9142066736713387,-0.6139912375831833
0.1412119474606376,0.08587210885091455
0.07690606275170636,-0.09223824119670775
-0.8601869353795465,0.7143475758413095
-1.2671458908673656,-0.21747047802931507
3.570216279489941,0.7694475483040742
-0.22446479329655047,1.2833948112364553
1.8349421129731711,-0.9424046229478236
-0.301004437898556,-2.7584620863541276
-1.281574404604936,0.7309542528490465
-0.4969998065328877,-0.9140319636201263
-1.3550353663002574,-0.6038824385927032
-0.8549782346828365,0.10919048652965269
-0.939604551703846,-0.32103469967793696
-1.9826915499641733,-0.47488087246058064
-0.10508846715096877,-0.04175085717926781
-0.6135511109770119,0.10168849997302512
0.325873059143245,-0.7674742479984906
-0.8203066223321329,1.608225461612317
-0.4423016861595305,1.3643979766434422
-1.2419401221113429,0.7777131290722039
1.7591839775102045,0.7537628418272326
-0.7648980811241529,0.3406784587251761
-0.952046240470531,0.1846428776458312
1.8888245400635872,0.5645907309772066
-0.5260963407877691,-0.13305082781844282
-1.0026189699072494,0.29805659714460203
-0.64889478502909,-0.23324168477144272
0.6168455458914502,1.243079437922262
-0.2729395772244839,0.29668287649268493
-1.062268883615258,-1.4319589140599576
1.2032920383697345,-1.1389963609966167
7.800285279961581,-0.8549957678576737
0.6012889341605626,1.706465276994598
0.6410627142866314,-0.5017867655756786
-0.3304117507075359,0.7000493051947956
-2.133230964080497,-1.2249108809494376
-0.6606919084300206,-0.9661790726414731
-0.7533963771146545,-0.2068487620366217
-0.03761857688017363,-0.46463536018776685
-0.08343910671125694,-0.13376912591040122
-0.6734795277779189,0.85483306106074
0.6980201757443363,-0.705353414334664
-0.9751949884497264,-0.017068770751331067
-0.9099823201455683,-0.5759979628167787
0.7831574576878135,-0.19821830968012347
0.49184337205780393,1.1427403717661184
-0.997582154298543,-0.49226215913538723
-0.010742365372994207,-0.7365371031275771
-1.5417072366181024,-1.2856537856456405
0.6131457581457213,3.435231518271938
-0.1399193089609914,0.5346317199722384
0.04157512626874715,-2.1909691777814477
-1.4819976090310045,-1.157871913128575
-0.23692000153923043,-0.666350852856625
-1.3436809656626343,-0.767774413421861
1.5120462793173999,1.0955263775900577
-0.9009339858349952,-1.1152484087451582
0.9211176491633516,0.6415617769384082
0.52336573573898,-0.3311976176905112
1.044988776054285,-0.4409335956096315
-0.055688551915925893,0.017246946074472448
-0.8768151015674946,-0.5301680217387986
6.265597243872971,-0.6812862098340738
0.09668081202703041,-0.1408661531579165
0.1604985417268414,-0.9857916311455805
-0.6696232543418545,-0.1640296940392763
1.3886859253979702,0.5474373152852617
-0.8860972985265444,2.017051678801421
-1.028873330871911,-0.6015139627841295
0.8667711613359718,-0.24503564598569297
-0.6361605004009431,-0.7783896255157278
-0.8271510751958501,-0.7993466005580462
-1.3846023005484376,1.185449322563274
-0.23747614931368816,0.0045075952283851
-1.2389206431315234,-0.48226811491373806
2.8253874854321404,-1.5909524324471398
-0.23997003244356635,-1.107822700605377
0.093544632084384,0.8081684719171892
-0.25961210720014066,-0.737326947441711
-0.8592911851943704,-0.35238047648544246
-1.8077360237375062,-0.048195903905647736
-0.05411022419963389,1.0587113416787313
-0.421515635813327,-1.4455774035784192
-1.1103973391767363,0.22550789745985234
-0.005146588118261819,-0.029178154469679703
-0.7275317831479559,-1.9104452131558631
0.3384532744085521,-0.6141266847934815
-0.6217910243945388,-0.5722873960482855
0.6539397221858381,0.2459697342759616
0.3754514458361005,-0.2285521562626637
-0.013576982254668827,-0.2298978028225755
0.9063534545845767,-0.1447593399349655
0.025268787656745048,-0.265904582165999
1.5642421158763287,-0.2008682435621752
0.20890120555125563,0.07383806854356734
-0.8279269960760561,-1.7747133315256987
-1.3869440769441865,0.11806467017819429
1.0263599885275227,-1.4226472439114457
-0.32099605212211424,-0.2938291131971803
0.6003889925684869,2.6066758000630132
-1.8360343409355793,-0.7458711405402073
1.338352995510973,-0.1175098053764274
-0.8787869865816537,1.5911370061457835
-1.7938656982195869,-1.1475900219065616
-1.5999527403729057,0.16534616225833665
-1.6664450627432343,-0.856376233382494
-1.466723331401659,0.1748302014148699
-1.827925631322785,0.24395778938213863
2.381575564505407,0.30460245602327574
-0.04307146599034941,-0.08795566687456295
-0.9144028605971111,-1.4884370392269393
0.5197331531418983,-1.9122061358011686
-0.5430374200954976,-0.09095953885118876
3.6458646993484094,-1.715315912754127
0.0664160367334272,-0.4535055042538781
-1.0766158221566406,-0.10755757628087471
5.506919875657804,-1.144806554095601
-1.2506858360485724,-0.6634764801956029
0.5724085599562009,-0.6991387093169737
-1.7669751729281196,-0.4069616249479779
0.7136458247283118,-1.000036972168399
-0.06068980603144565,0.2779013057062025
5.672353662793832,-1.3662128074209834
-1.5172081924735605,0.05639967861835244
-0.6461473068405377,-1.4675706822430366
-1.2987993871134316,1.3841396918197681
0.6713422787603166,0.9915312841932169
-1.2485317420269004,-0.48083500332112933
-1.090659732579359,1.0448819648932786
-0.4953378878467684,0.03873770029600101
-0.4093657446710894,0.4826342166902541
-0.7113238885719585,0.5658501308035186
-1.7073951019380602,-0.6798161113201205
1.100578095061927,1.3586304067210564
0.6040548963280797,-2.0871955875397386
-1.5604141421376752,-0.4162255984907961
-0.531134574141017,0.04192932503474304
3.092513050242154,-1.2110026543709258
-1.9745413913763168,-0.990606568131485
-0.2801798817837137,-0.7173489636394563
-0.7908761376605414,0.18857958338095226
-1.1658403475203603,-0.506496604808196
-1.6740854538420054,-0.3656828187168697
-0.06498924298232321,2.0073132351526897
-0.7149744921330513,1.025979406433453
-1.6400083156668084,-0.47652584946114107
2.111342224000951,0.32555829116124296
1.2176888177524514,1.892708239075058
-0.783046219972537,1.6718365956288657
-0.7039860968111079,0.8767483590179055
0.5243141687438754,-1.1433196573577535
-0.2534388067619103,0.07881727499459308
-1.6229658350550455,0.7325871963730218
-0.583939181932162,-0.6522580169952777
3.5005976478516945,0.020651600779509997
1.5421627503793098,-0.18698590950188707
0.8003394210827114,0.40259245738064026
-0.34947021911523607,-1.816275681338692
-0.5536395881780536,-0.3081019998541823
0.8239190907959623,-1.9751348223328455
0.20784874945062204,-0.536870079016706
-1.0959381814252684,-1.3169436831736063
2.0058416267185266,-1.0203438244764609
-0.33344690438347735,0.8172395593284532
-0.4586954932985716,1.3374506457909403
0.9293674781849134,0.5818103005474352
-0.6556154376460419,0.560392397285007
-0.11546711938395342,0.7635895602706368
3.5201083307062224,0.2569392369236949
0.836165259721338,0.2713088639333985
0.4155315008373287,-1.0381292666067574
0.40589208503345886,-0.38484214494968044
0.8036184600952265,-2.9938712504149065
-1.6117104254401442,-0.10907264776605226
-0.5340537839228064,-0.36042056184606586
-0.7554978286388907,0.31337637135498764
-1.0875178581541018,-0.36965207676639933
-0.8356113465882962,-0.7286967544209715
-0.359645362779464,0.16015688522196148
-0.7659142577699749,-1.3576183054121431
1.9616749432541665,-0.38135865248572753
-1.1461315094598816,2.8572545938814145
-1.2038006355347828,1.2228889758811143
-1.0678914290362376,1.0935862427787288
0.5689849985244061,-0.8257078136971647
1.0501711232632858,0.5210763298183625
4.946940446964757,-0.11259323445625616
-0.8236858797943316,0.6313975117673587
2.1315696033916205,-0.8391297364091624
1.282263707990903,-2.221556231784887
-1.358869234162488,0.6563137244678505
-0.3104575287241748,-0.0009123562704054386
0.2481847067299037,-0.650699922911893
-1.4817325013601408,-0.165817596248216
-0.9903011501933718,0.5404400638030702
-1.2684889700990136,2.0383624437659984
-0.34931074429955267,-0.4408160419072131
1.2618520808937397,1.06944678677691
-0.09824210358400558,-0.159361906677598
0.6349700555203489,-0.06095959276071467
-1.1179334813192316,0.7323967541909286
0.44679310493318525,-0.982621183926248
0.5264793715393136,0.6840965633303291
0.13806217624117723,0.35710112647963027
-2.131767764333905,2.0671182807502886
-0.428652061261421,-1.0071041076692928
-0.9761971530258582,-1.4305653094177415
-1.364545646361656,-0.865095390626148
-0.8625334343095771,1.5941408524162588
-0.27633929884119646,-1.0103749040264858
-0.2643895456053528,0.5148202401669044
-0.8246935833210461,0.5655191270762499
1.089212934304761,0.4088342005539379
-0.3067720188872307,0.36053773262842803
0.5251504335841429,0.3163490914443271
-0.5161225231712951,1.3504659067826954
-1.5931292791211378,0.18476279824196426
0.1795476767211841,-0.2694121603397657
2.478944216486539,-0.8187640937953852
-0.5560538928287656,-1.3249080470886199
-0.5718189367514154,-0.16262360011931548
-0.8127784983222126,0.17436731368442224
-0.18820488648388392,0.910042338625957
-1.029477607949147,-1.2654827112862979
1.927064565026917,0.25902675059987357
0.8567802525806918,-1.7857271969157174
-0.17545401928950585,0.41594587229527036
2.141509986287245,3.784426316772688
0.9184935879066041,0.08867752608068254
-1.296191053565476,1.4311559700347225
-1.3305605489301473,-0.9104536377910725
-1.4982297958581445,-0.1864870862573056
-0.010822771213073746,0.6168304406032883
0.13877446954032524,-0.6824605774686124
-0.94299657558626,1.521314965423398
-0.49933195738706215,-1.2862917992059462
-0.3539148851989521,-1.0965887915004047
-2.165873758714088,-0.35572628169300935
0.1239690357991126,-1.0839520202198498
0.15819265234155094,0.3041924299591865
-0.5762664925784315,1.268935757019552
-0.01297750248878962,-0.9517755288825588
0.07744782409582195,0.8487902199941009
-0.6476240467312585,0.15407522627191475
0.9155992588215958,0.6789978576239662
-1.2216159030888716,-1.3622281373624863
1.3539959131650354,0.05633605279692059
0.08016552562905548,-0.016246944851771066
0.2065931947190479,0.15879833943102833
-0.2904563472212379,-0.7966918578709681
-1.1612589398462463,1.1023962739391269
-1.6964123112735696,0.6194940790996885
-0.37845357497045035,1.0990873016099483
-0.3290081787680712,0.9795212355962225
0.8603113417797015,0.07378083353594489
-1.8066083996735702,0.025433359110365095
-0.37078049636740074,0.21903434410920306
5.040335803290001,-0.47514006258024355
0.8920604624424762,-0.0006131174538662617
-0.8121672793229464,-0.8269505153323189
0.5371176116418817,0.9433605943185256
1.5560008571528914,0.785643864677226
1.3255283672712834,-0.10990091618794602
-1.6904545446859494,2.560106129360286
-2.033575207481165,0.01612740644503354
-0.3850783784310236,-0.6684167041838466
-0.18534547254291242,-1.560139920306395
-0.9529618627900484,1.0878078787123389
1.0938873522663575,0.08088187538425644
-0.6301042399521791,0.6556263582182735
-0.9049345299172357,0.11875122445173822
-1.8623316964760313,-0.8430094825715885
-1.20957235255968,0.3488357332075031
0.554814063483713,-2.885800141940723
-0.804179964959158,0.13399659158090918
-0.6882090832469501,0.5722950521455022
0.6871111280425828,0.377810508703279
-1.0075571975889377,1.6384192356387748
0.04906148570747824,-0.03200855574539333
-0.21723943323170136,-1.1842974998613272
0.7608542287920984,0.03667925290309775
-0.4410155325176839,-0.16239662300755753
1.420679041873938,0.008303730266258729
-0.0887857612328324,0.18709399276880487
2.612418129821995,-1.3895132572974036
0.2073191052895381,0.4412022874982227
-1.1483857910743454,-1.3652401746597709
0.8971872331594704,-0.9813462600576007
-1.0579644096492464,-1.1014348928065187
1.0998698929746307,-0.19270519354514812
-0.8917828645000158,-1.2265862173836262
-0.5392669499746365,-0.6103496232903003
-0.6647913171711702,0.26077892492056143
0.29472204304256927,1.356052139283332
0.5292382120078674,0.22032602200948953
-1.2474923042913302,0.5458852641349119
-0.2909571927924654,-0.79237541212771
0.4608116431638507,3.322621514337489
-0.764915397534455,-0.505897598967052
0.29752876340816653,0.8688034982950015
-1.4061856480025194,0.012878986551080223
-0.27065589486764013,-0.29222027364073966
-0.5474511558999324,-0.6668212715836905
1.6188795064305224,0.32443493574723353
-1.1062799304145934,0.9192490833860661
0.009819679241872966,1.7757561739695085
2.1083516943870726,-0.7272901682486804
-1.0774943030951831,-0.7320006109968129
2.6091461181617803,0.010654587207259189
0.038889121665078887,-1.881485341797966
-1.3075130903949366,0.1296530984118935
-0.8457081263208457,-0.45963177308671904
0.16087293525350096,-2.867834254838259
-0.62421539272396,-0.7498480873452449
-2.0866718728050717,0.4435805709256994
-1.0520844139755166,0.8406256551569071
0.6716365517753144,1.1434176707019421
-0.7664922550279378,0.3463742481844319
2.830418057214147,-0.6385857168677725
-1.2869084492018286,1.431694120865724
1.2237854833223012,-0.7406301863282715
-1.895812178649381,0.4285024326691654
1.3694379936945884,0.14976155029562016
-1.231747080868819,0.2567057751440048
-1.005099771612613,0.5418411378213063
3.7754845770728247,0.6039012493578741
-1.463450532779352,0.29186893122494845
1.1928397820553065,0.215230541029312
-0.6733970974409746,0.043625450237736854
-1.1383752873614366,0.13748259396779391
0.7498807816152208,-0.3070363933007637
-1.7878125370553166,0.7576089329511446
1.4020689771475372,0.8015326990065794
-1.1291033122203,0.19284949130942816
-1.7074213128603204,-0.7764360106192882
-1.8814824988329806,-0.8928111570133059
0.4664712556873329,-1.4137996220357893
-1.4077739051743778,0.42219535630282734
-0.5864996706912521,-1.4224957517995693
-0.9066994559039763,-1.2823666603664312
1.2390367355506924,-0.15715936445647088
-0.645248388145107,2.8293844323110524
-1.0770622510191221,1.6055681446623242
-0.5601608840335133,1.4402006977754191
0.9572312298739143,2.152556651285774
2.0991008277017387,0.8384114356329709
1.318835906395272,1.3255774120412471
1.4058581276809783,1.0790354336346057
0.4935878496205164,1.349285936879441
-1.5887506072777253,-1.6669990650867506
1.5320789249238516,0.6306887544682851
0.525463802544746,-1.8185395817709331
-0.8554824286357737,2.655569373484435
3.7189939873604203,-0.8564438080326117
-0.01909947562332406,-0.25325797651928433
2.041776553288468,0.28585165738212515
0.13824439818267648,-0.05351958689035953
-1.3364444153192712,-0.3078022236291043
-0.5810918708660688,-0.009653873684787394
-0.6166705101478571,-0.4298958089888832
-0.40391884300515996,-0.5158969408617857
-0.8493711792709197,0.6219113634614948
1.382342562777704,0.6650479963960702
-0.9030141111193636,-0.21437384616138375
0.19003736386081208,-0.20939571684561084
-0.7832303180684761,-0.5235506205750126
-0.5929252580742715,0.2956714445118329
1.264002016538049,-1.420741557232611
-0.4042861472338899,-0.8348640680644536
2.269558736325562,1.2692015615854904
-0.2565297420438361,0.16342270538278214
0.9830543333640405,-0.15112310709235838
-0.11715806206120818,0.7783725874486909
-1.530238234550292,-1.6177982445933867
3.8627005864542077,2.2468400447202597
2.458604273687328,-1.8310976520739242
0.38907589543975374,0.767621308707439
0.49820908174564205,0.5116678564668554
0.7222451312297894,0.05141033916553983
0.7482164849223567,0.43733888630491297
0.4176390582278266,-1.5235691102206284
-1.0303658915331033,-1.8175549264297164
-0.7128952662293431,1.286184770812564
0.06683331858781548,-1.3171350109613889
-1.0380620042041886,0.19710058357788443
-1.3418790760464716,1.0390292750403958
3.0633248428659137,-0.8204927099100346
1.5144365213844173,1.5925861091771056
-1.541633190999063,-0.03180724165000233
0.1341162610035595,-1.1845791964022008
-1.4581186007092493,0.9517120845383829
-0.8591930103279888,0.512550076686387
-0.6785876659527756,1.2597117080721119
0.4578309800732905,-1.1266511265695665
0.12644862960624118,-1.8564663651449151
6.021639131651217,-0.8188158992069818
0.9035339794839726,-0.365149467341304
2.69660358744513,3.611810617002892
0.6105909386117444,0.5189943911723311
-0.6594076262239115,-0.5176341401174186
-1.5660755909495314,-0.7608730466170499
0.28419988082096953,-0.35680791866096495
-1.1271005997282475,0.9214966951266413
-1.3237906505805634,-0.36225924280595007
-0.2691052774821323,0.045742440423855626
0.5972188289649821,0.829856062692021
-1.1728177847228178,-0.9009805959028845
-1.086853896598525,-0.030264808362289303
2.1835280836252777,1.6687663947389093
-0.560320204732478,0.9150834709476297
-0.3466296458666722,2.1554561355610375
-1.3638120101939302,0.7346416097573167
2.5685771988269863,-1.4477634755141442
-1.389662854741102,-0.42828157560605745
-0.03109245911224067,-1.268650672965315
0.8749445885872049,0.5409225000669395
0.7482896186622705,-0.6306821998990377
-0.6763441760362092,-0.0021833783667248373
-0.7496035220032636,-0.625977289350692
-1.33166340838543,-0.017650108984745123
-1.5426641760076405,2.2543157657117234
-1.8861169594398903,-0.685460561562829
-0.7521151013117254,-0.6451859762842368
0.34085512812405805,-0.759956259633624
1.1793227991909185,-1.3773512781377613
1.6486402686784283,3.222306614560807
1.292625497405849,0.5886649996267761
0.20629622399579306,-0.26328172426052904
-0.666401434117547,-0.14400432688724182
-0.9887616933769365,-1.3353690426356088
-0.24484275085571428,-0.46722582350902525
-0.6722892474157602,0.7822341710377837
1.1793021430978077,0.7433835302589766
0.5777476455523131,-1.392835914255549
0.41068175762226344,-1.1030423104001894
-0.2051733960125728,-0.4417843794666002
0.20011493793126495,-0.578173440541261
-0.17720178427979347,-1.6971295155281223
0.04165996260087021,1.4824363479857294
0.02734527867534214,0.07448170950693832
-0.5458103960831786,0.058153925122950555
1.0746105242534167,-2.265760944243129
-1.598746266391422,0.9083383113244
0.2666018021000288,-0.29803034814398605
0.9722000829215008,-0.045091221754355364
-0.4155608821276093,0.5181584638250298
0.24684631701104914,-1.0918300568823638
-0.05133307845319541,1.4771827755942128
0.19193126785809234,0.5181344100097538
0.598494396400664,0.1426940514629752
-0.5695237046628945,0.23782295167700063
1.885069338638226,-1.7100794549166183
-1.1359187139032068,0.6246682690241009
1.265852531944699,-0.05449203475289855
0.2058961027368221,1.4354806620264995
-1.760086869815603,0.27130887212312227
1.2137629617158525,2.2925653031778346
0.023727218577455703,-0.5885181309925315
-0.500379166497843,-0.2831811060222979
-0.2143109835078732,-1.1765144256065165
-1.1530317054677195,0.23301877877092053
-1.0742347473836416,-0.7102976971026203
3.749526164435893,-0.7669304911703666
-1.244945889125594,0.9513749789451651
-0.6804703600594186,-0.0847381930580631
-1.0987730005332188,0.6231101014391842
-0.8996056317241675,-1.2576843385997802
-1.1434289226382208,-1.6510396798225113
2.3119958125589744,1.6922980504162186
0.6122454150025542,-0.1410230397719724
-0.9313808906569134,0.10287173157045985
0.963016308842832,-0.7075942116105968
-1.3503486465623136,-0.1344529922294926
-1.238889391428665,-1.8674665192680546
1.256824234416714,0.2654128543866477
0.03741864083009956,0.5441624866633337
1.5723308007195267,0.6195498903576355
0.0741698109208848,-0.8736381282447289
-0.07544160575134821,0.7750975649896227
1.3512741580162297,0.8348220055114076
0.5448315862491543,0.5385436365421703
0.697764449008457,2.8049239519250166
-1.2525076601891685,1.1129061895895864
0.8838505101671236,0.0545832026676025
1.216726703243973,-0.3168807330671112
-0.6301589907505196,0.004301465651449281
-0.31942652545216393,0.7908701494233523
-1.4007507403169717,0.32411246555505174
-1.3896210502129367,-0.7242697403213755
2.7695178670527145,0.6264923197048855
-1.6376301570923386,0.8201321964683074
-0.3529908540693592,0.3798097324923528
-0.45180866019902405,-2.6636361561090123
1.360359638003344,1.0440729113462748
-0.16967206609616794,-0.3528996209429075
-1.8966982504758183,0.17576355909320532
-2.000096469409471,-0.6777153129005075
-0.8383239505851682,0.3931310788112062
-0.8230694134046622,-1.4790105483515439
-0.29045622727328946,-0.7893521442544992
-0.6071761176676443,-0.9246338060230138
-0.8273437411813784,-0.21125258193392862
-1.435857096671962,-1.03195571785002
1.5805546915977424,-0.54793524409812
-1.1231540649992497,1.8037066792423933
1.2478905099584372,-0.534407265565744
0.8426499417345403,0.40775343218418686
6.115031344272758,1.3740950401782923
0.2815262703795196,-0.2012582108264486
-1.0306165617997713,1.3796115832854974
-0.657823087226414,0.6992608007864601
-1.1347204260066328,0.1844848070694722
4.2780136094332155,1.0925470760781244
0.6611349658258641,3.33888465543629
-1.0136762091201532,-1.1090791983657884
-1.193514477584881,0.014777391349887009
2.017886718552142,-0.5460566067355547
-1.8557255684868235,0.4702386483618229
0.029972187824109556,-1.109588720933299
2.6196934847351065,0.6118939719914058
-0.23704722275568796,-0.607001801986499
-1.2679268736524139,-2.239639898492563
0.28957093075074947,2.641077537972431
0.6898216260498918,-1.2367330758392336
-1.5434333193586955,-1.2326950381176547
0.6898995139468422,0.053361668277487784
-0.4984288761400158,-0.3815112190615359
-0.3734835104153023,-0.7075775395594754
2.3060954894853816,0.4445663499241396
-0.19116417786422352,1.4094187418931683
-1.5737866327664427,-0.24445657176500318
-2.000332641903468,-0.45562117551287207
-0.23789308335927015,-0.23087478690055124
-0.36919343438717417,-0.23636992862910666
-0.3878054103062078,-0.4729673879975981
5.241543540334831,-0.27907970071795346
1.1851079681327883,-1.0160124449501886
-0.7832289414151228,-1.2191453487634576
-0.5460101760840158,-0.8876093824081694
-1.0569849333534511,0.7963544327554802
1.2603263798501405,-0.5988462163964686
-0.5127041415635901,-1.3124944273077919
0.44401297105525794,-0.17109498400604828
-1.5362544855027236,0.9773368419446001
-0.41057688763189254,0.08781711842049437
-1.2044765365172263,-0.6263838411852943
0.6199012927822497,0.8595846980655829
-0.02969737019819021,1.5131537255841188
-0.9278062754233422,-0.8271038470126292
1.4877940480114367,-0.5315193495438291
-1.7405309490389893,0.7039256507284796
-1.4682042858132343,-0.28607097667212494
3.158122837455303,-0.6725235683957818
-0.5453966050439373,-0.029503562664299727
-0.2959734150505352,-0.995068926862345
-1.8124639525385622,0.021909552209863358
-0.4453678571412255,-0.2897407922064622
0.07082474130844438,-0.4749645592761424
-0.9203177631988076,0.8968246112274225
0.16600971919100405,-0.2654400788488727
-1.6795614661559297,-0.3991914835028914
0.6547425424644806,0.7231381925017615
-0.6558308396779937,0.22837543037013727
-0.569268125084096,-0.5309283256983597
-0.6928445719150589,-0.11193415040206724
-0.415845777014527,-0.33913879950162956
-1.2737822692974172,0.7971919286286782
-1.9930305060399198,-1.372302679544055
-0.11793135542437158,-0.0402574539433921
0.4205125857862749,-0.2991101948491984
-0.7172187228262223,0.030102260822324176
0.01836387201134792,-0.5758780396384015
0.6925403674892896,-0.489736155778209
-1.5845683316947499,0.7551847985036987
-0.0010573061547051658,2.6158532457006007
-0.5300364039164879,-0.23119505150255365
-1.7570815343534787,0.34445251043204916
1.2324775395099408,-0.23082629479886646
-1.0732211534188454,-1.0937592893451777
3.1797524229791874,-1.2938229880017686
-1.1304764542305856,-0.39620109833959904
-1.578594013724977,-0.10014769160405995
-0.39416310477469074,0.6982694980935419
-0.4218950943589001,-0.9434407237932441
0.3102684040106471,-0.3570667015137395
0.1491315666730609,1.1267645570030878
-0.5023227487143974,1.0725571593798264
-0.4871085834824276,0.749543880689167
0.9755781467719613,0.4002777190249108
0.600842625698374,-0.8282761354658439
0.725961786835432,-1.1981720563148655
-0.6961758631523138,-1.2322572296917493
-0.7076545447893209,1.1517912260442151
-0.25016739254327575,0.62189818756652
-0.9666465025067483,2.1122672399038467
-1.0863685049223684,-0.47483559868772085
-2.066752308755454,-0.6676255201440651
0.5485006742414257,0.1103255641190138
-0.8973407461470558,-0.32521649749369985
0.3749667422189439,1.142821367688731
3.8148632459818383,-1.7303586440583465
-0.02033737369592194,0.3861862240098397
4.496546968836886,2.4754902515636616
-0.1365715625517753,-1.0204751658808706
-0.012716879622740008,-0.8275345926670694
-0.5640885068304057,0.7213188019519006
-0.16819298125536827,0.5304568023617923
1.3651762453777787,-0.6486925275841464
0.30602858399963956,0.7154506995561992
-0.7901515888340269,-0.579135613944012
-0.7905872455211647,-0.7217546190071925
-0.16029030227643506,0.027196090820179483
-1.799442189583928,0.23489181899958267
1.6669380647143799,-2.450808139530788
1.769282274236985,0.5960876188620031
2.8525701747922905,0.6914213953974403
2.3742269984604034,2.696223035329087
0.516686845620596,-0.2322883481442367
0.6748622468665837,-1.3799281149084894
0.19789449826735414,0.6170765519218941
-0.12511606753120125,0.29736525649121487
-0.2253502570034157,-1.8674386159724259
0.07064392118867906,0.5723653241011433
2.977118910524812,-0.2289196002842846
-0.5564351776202492,1.5351362981843448
0.17474150216786213,-0.37608457482335167
-1.7787967469245929,-0.7164356871438302
-0.40210482146023035,0.3812528890219493
-1.3579957784075096,0.9687726220352656
-0.026224470408669667,0.27335458428997933
-0.8007564548664448,-0.530664540412832
-0.4470134567902889,0.834152766623731
0.169177233875758,0.027866125759606508
-0.7864346339972992,0.17252137877436485
1.8676311094666995,0.7603891272865402
-0.16484923055970035,0.5040089228959669
1.7550683688624562,1.3744333692690154
-2.1935678241006658,0.18007527241233476
-0.4613533461699388,0.50790499536119
-0.5631558501021812,-0.18795491142811213
-0.7214047847746209,0.583220498146597
-1.028446464543736,-1.5952293814809493
0.7464882782858246,-1.0544966031951113
-0.4199183720818963,-0.6064600231938937
-0.9677983902391554,-1.6063391753540177
-0.05164119004456746,1.530318350607889
2.1098885058076213,-1.1903507310152792
3.3185104407204338,0.4196225087189328
-0.14740239937901028,2.6225273330354906
1.7577436476704986,0.1887855010057832
-0.5604131836187465,-1.7145750219265254
-1.9124668845867323,0.9317660162228977
-0.8279027554705102,0.41177787326001003
0.06022673239295965,-0.48431763595675953
-0.32102855320320395,0.3918642306700011
-1.0883607179502637,0.25815520333986175
2.0953240254254575,-1.0297645907459294
-1.0095851453606388,1.334403839861203
-1.7715473435541462,-0.7110659709531609
0.9779593317401523,-0.7574557682181237
0.21385372846210526,-0.09596618765780122
1.9084180093965224,-0.4589636658137899
0.187413507422262,0.35178616059403256
-1.5340956810801245,1.6982726629379175
-0.9323147439454026,0.37229412726080824
-0.455669171750115,-0.5344772576893695
-0.154407638084917,0.9800784025047843
-0.05572968238961978,0.3504936793369369
3.5873608237017938,0.7223812544713434
-0.7362091427863466,1.0153893593485102
0.13669196881269308,-3.2370446432682436
-0.41603952912108544,-0.21317018944642563
-0.010407007615142428,-2.512470226300845
-0.9616130017404277,0.4344893752623552
-0.8398738247228317,-1.227058977090572
2.7862522360350774,-0.16671042992075075
1.1533843498515803,0.6948576123615517
-0.5190473935403261,0.42345632631198654
-1.4437232047979072,0.679823426069096
-1.416321248289942,2.22941443755801
-0.8357956640635139,-0.006437005180587519
1.6733109532069808,-0.06659032065487755
-0.687191253985718,0.255840749096473
0.0005303723304169391,-0.8746535191720106
2.0509968308737987,-0.7859772191611241
0.19787318743765125,0.1806223770236337
0.47346840813868074,2.121501305896678
-1.5677601971855948,0.1258801253643558
-0.3456004492127148,1.2865961561459571
-1.9872663549386476,0.8050147435343211
-0.283894352846482,0.9370486129072869
1.8698608457815833,0.06553824975563222
2.7276234347209742,-1.4210142236574248
-0.7534520753507734,0.1320698727295888
1.4272219060291689,0.8835104632465077
1.9159503826845177,-0.9640029147028515
0.7110327961545543,-0.059455050120050326
-0.7383497914710409,0.31664577319144904
-0.35368204153309524,0.19070561485803364
-0.7310648989252022,0.4350027829782237
0.2680798039319287,0.8268304180355384
-0.8664587548746658,0.7874689690186641
0.09519624563239339,-0.6404300633239699
-0.30535107486935115,0.5433421224379413
1.0626653148779721,0.1550632308432945
-0.7936580439034747,-0.8318416986631572
-0.36193863576274576,2.0115594517997355
-0.45054231052794,1.0398758047753511
0.9884935727199512,0.5176489632532957
-0.8340496832420059,-0.3541570228509882
-0.1901066451691485,0.07280949446507395
0.7076969367127165,0.0307245932295885
0.8509410998576576,-0.7009918510980853
0.8985171605230693,-2.542553212792757
1.4484894452728398,-1.3157313731105482
1.5310660180423747,-0.8038048865526976
3.2736394605541603,0.10157229087587687
-1.0102499731305103,-0.22878630943717748
0.6700736222980429,0.39782726424534776
-1.0127756338356986,0.5995508223119427
1.7945129571856908,-2.0997701069270756
-0.8834284570846748,-1.2182360130588925
-0.43045572453544245,1.0432091507492876
2.7841061725686242,-0.5948606422979126
-0.8810050687616013,-0.9397107145591291
-0.47858143110878426,-0.7566910994772722
0.13911991863552123,0.9955240491948547
-0.9505061376813774,-0.4533808436396126
-1.0197561975060112,0.05792411447868199
-0.4103609201946158,0.2363460835930706
-0.9857980152502888,-0.6435084280642047
-0.9668150275574,-1.1768360091679069
-0.470831185092538,0.12753505598528592
-0.6520516338805846,-0.31266426025375105
-1.2968377781061557,0.7829805531388138
2.712463021653277,-0.15879299438805877
-1.0629014214738033,2.25403679676296
-0.12573643815359223,-0.8345329432814811
0.48130052885454616,-0.43291985682873524
6.581115897706912,0.9327652942183389
-1.3714608917972106,0.23947768248120158
-1.1170384869121492,-0.6342883476366948
-0.9293796352703506,0.7834076353380012
1.504893579938414,0.44186470773304976
4.73162435821803,-1.2363608614003012
-0.6694686123352648,-0.4782822847253779
1.2669319069780551,-0.13169252247791027
0.4233951818258189,-0.6403019679692437
-0.5555917859884076,-0.007983615740988288
-1.4989313665153101,1.1470156828025164
-0.9916083062715285,1.3799675524593777
1.9086372793351707,-2.7926935224328076
-0.89941028462071,0.44496986781063297
-1.4034516287850334,-0.45810407887250454
0.7700879430428561,0.8851241735441598
-1.2224457422963688,-0.14104904284315506
-0.36492709112504496,1.1762911172288415
0.533029605026227,-0.02155385608468308
-0.06458935034754584,1.571113574593951
1.5063909770217416,-0.6951223210451006
7.28342705457859,-1.5770701101840217
0.42293526746259463,-0.3829432232226875
0.2858748053746693,0.23874067156678
1.5417107963822516,-0.8746793446993104
-0.4946824781211317,-1.1906294066964025
-0.9441460706070898,-0.5363669712235086
1.6730556472054374,-0.6409859404665879
2.7689401828633935,-1.9483049662566112
1.4844527699013268,-2.3581958784408457
1.766240137833746,-0.4643190214373567
2.214953123210671,0.7369052046396752
-1.5570370837340435,-0.4959140722069626
0.7104402133564672,-0.4113799904807219
-1.488258641761074,1.0135177790255758
-0.5642598628085813,-0.18021801320574762
-0.809484154665014,-0.7321571651566668
1.683784151090083,1.0865530319369747
1.40507507216517,0.2858901054834935
0.45814496192708193,-1.3062290335104483
-1.4240763917793977,-0.6298141154360294
0.38316575880227877,-0.5922772413371216
-1.637684200749475,-0.45739015084452966
-0.8435871214572815,0.37050763576602014
-1.141206166438909,0.397466515379945
-1.994365433014665,0.9328324660415848
5.460546739895336,1.7033092316124223
-1.0999726610423506,-0.8218906610521619
-0.614935313569941,-0.16156846242503228
1.213987425759048,-1.1787179459785564
0.3275564677855607,-1.3214755535293037
-0.770785050252677,-1.2616923816355217
1.375317381569445,2.6155211668750886
-0.5629320868590462,0.3776662945571293
-1.1801880592437612,0.12002882559121411
0.8840596760783513,-0.3610472491799392
-1.408857176455584,0.7130698215367788
0.5667868937353503,0.929669139650462
-0.5456044762505516,1.1122416829308988
-1.4707918418877346,0.5543510328166634
-1.4548150978176488,-0.8142550724023896
-1.4710558209989377,-0.8191134376726905
1.080960651031616,-2.243622598141309
-0.21902635331433667,0.8098342614026067
-0.43574774755468687,1.1137533115179437
-0.8789770456036321,-0.2900727614292982
-1.0596445789892466,-0.9790302204615025
0.44684270760345135,-0.25884564167475405
0.5463550099735068,1.3249893942714726
0.252160332967448,0.8653331171258081
-0.8562075480929338,0.7455143936770351
-0.01768918403012186,-0.1648184594938121
-1.243038205392467,-0.353621705528263
1.1607790905409894,0.4628840678443467
-0.10478093008901637,0.2767266606281231
3.3530755325025434,0.18853262784958144
-1.2092413768457548,-0.7266203807187037
1.4256501034282865,-0.012530012190508354
3.145697269091917,-0.4158742423341706
0.986255757628846,1.7797818600424216
5.740966449483002,-0.6140993444358742
2.86934123667958,-0.5414884185541724
-0.7714654779559014,-0.10990663908303965
0.4764645613425114,0.45738700076459093
1.5787299135680721,-0.11205388221918573
-1.6190476770784465,-0.669860526628068
-2.0380296817970756,0.4426586556490249
-1.2886246715494944,1.1568942192113094
0.6841625660094581,0.2732409936531355
-0.26133473651018724,1.9259697329906853
0.5117926580166491,0.32422812477310675
-1.4008956145582154,-0.45430831795619653
-0.39554486090679053,-0.20464318213236052
-1.3644317183532852,0.784227700949536
-1.2083400213202846,-0.7769778353009236
0.20607224508646566,0.23215216911233566
-1.1946397977037455,-0.09738770074576801
0.08707357401153178,-1.4297754107263079
-1.3110201699250716,0.13898943902755054
-0.49208653030717814,-0.3079927381661211
-1.836282960541798,-1.3656463820115556
-0.21486842828302447,0.357588500936243
3.3617109341273146,1.7189827490942113
-0.18068512823839275,-1.5844510267814391
-1.0184796240416099,3.466035704778777
0.2062346264297838,-0.022163295627838673
-1.385441934519757,-0.13976934215164888
-0.6467625896321336,-0.6830417611008907
-1.204419417690546,-0.2765021533446863
-0.5111689799734018,-0.5353264421756155
-0.7319719852883787,-0.6301959626327316
-0.5956580179761305,-1.909777037374214
-2.1493736729161217,-1.532187805582039
-1.2206367589906764,-0.6299914903201149
0.5196897016340528,-1.3151264023103497
0.10464483564041793,-1.1554411865028076
-0.0009716694823239346,-0.441493236015669
1.543098709094388,0.3293056878266778
-0.5979037023162315,0.7507332415983514
-0.11875627060573736,0.20998772237100688
2.277236388057444,-0.641936860418055
-1.3411453731460352,0.5652687457596404
0.20814233510250982,-0.689382579270286
3.1451178930003754,-0.22464378302249416
0.8436153375470474,-0.5826942251854026
-0.9776169397436695,-1.809558100851308
2.447949554605949,-0.7508014608985608
-1.4769211298306562,-0.2660110778907382
-0.5656428161378336,1.0733686768125281
-0.7763970207087955,-0.6706378901041944
1.8660918251689997,-0.44322573759793465
-1.0827077860485672,0.4266717148431959
0.3192273019784558,0.5752473901664904
-1.4618466823389498,-0.9654904133077401
1.271964004284953,0.2671555095658125
-0.6266838959568124,-0.23530555280982438
0.05968182907927429,0.6762892954304717
-0.7913687936147339,0.07596690778762942
-1.8168133858801776,1.3203964626983666
-2.1389204705033786,0.18486487445947394
0.08618680354325979,-0.2415134564644343
-1.9748458663843054,-1.021059062828849
-0.34692604508326685,0.3628157675678357
-0.7341640798156358,3.031292642661273
-0.6529697390844584,-0.1392229968051212
-1.0066986424540068,1.1123321393243828
-0.7085388389812747,-0.5973731868138673
2.926232015039166,-1.109944866776329
-0.6775542578744299,0.8437385002163863
-0.7101274253931472,0.02077838863658179
0.4187505704931724,0.01741673739054199
-0.2945428206813617,0.3133911073995069
2.991385223738641,-1.24556876923398
-1.288476059190808,-0.7613639579696918
-1.0352666888791655,3.2100900828386947
-0.3297917240431323,-0.3861994377579339
-1.6174139282762539,-1.109938860523861
-0.7525670040393567,-0.8478215339250256
8.832932742078142,2.9654227353187363
1.072722094665641,0.10848106541314458
0.03519086905384371,-0.42289245679384957
2.2623962353017157,0.8846716148100195
1.7252350365956233,-2.0331571146046508
-0.11478311302334597,-0.8220878216662891
-0.11507683601553861,3.270559018397304
-1.0924016411706179,-0.9995432494751673
0.5776735037290146,0.7467567816568242
2.478987513906319,0.8470643258731886
3.6029604005841365,0.48500153965023624
-0.20569260827204874,0.09616047348957994
-0.25310948156326574,0.15944621811384035
-0.8144806333026593,-0.7147725198968626
0.06124454091699337,-1.7380664085279578
-0.17326743646303863,0.8973780767003152
2.217836741525898,-1.090535208707088
-0.48493857545865426,-0.44068406058385434
0.8226624996963549,1.132846739271524
-1.0643945927396794,0.8744005254180219
0.334216616076451,0.7391140561647599
0.24602615494715896,0.4973419610173998
-0.6140297421899747,-1.048593663420571
-0.39161582627380037,3.2664901316828874
1.7903061752119243,-0.5029693102547871
-1.1006069843723458,-1.1753044376669406
-1.4398774217907582,-2.5370936135571114
-0.3307481833772573,0.3353589792334584
1.039166405261272,1.1116952439788494
-0.4215176891478513,0.38933912635790463
-0.1481734984324595,-1.1737966427019952
1.1783432943974497,0.2157219582980374
-0.8930912162359319,0.07357467455762919
1.549278530999286,-1.1073103479510702
-1.0747472436021943,-1.3816841871441183
3.782786497030218,0.40727188899358635
-0.40535103920201,0.06266344138639364
3.807641464224221,0.5612464386555245
-1.1775221006107692,0.746485980507431
1.7196858445332635,-1.2794489733926233
-0.3242020669252385,0.975986060408761
2.604874489853137,0.43860574730332036
0.6628487907361781,0.11576513050441357
-1.1631094436491203,-1.4277795678280103
-0.3702398459995215,2.520339576107504
3.446894873674314,1.0492052830762755
-0.7986600588820725,0.37419306367659094
-1.0306450281513642,-1.0580322831848827
-1.6811079445638084,-1.0206129966073965
0.408602735213518,-0.08386521608309692
-0.8105689868024477,0.22862804928797267
-1.0567987187742875,0.011009578297215371
0.5671668971941913,-0.628819107403191
-1.0496157567034725,-0.23150964570219326
0.36923495560861264,-0.4995724031035061
-0.13816031029066134,0.7845823124093845
1.5916831762143726,0.6331216379024618
4.151807849364587,2.6111485482529138
-0.628978234692861,-0.2518606343536564
1.3676133050926054,-0.6451960719322699
-0.8277666369249485,-0.9011697071286557
-0.5821713953146241,0.23355067673962746
0.17195714551672692,0.3544048019800047
-0.4544757574013359,-0.3307064064754551
0.518398406925758,-0.41016513513855063
-0.2552977419596794,0.31885955830766904
-0.6580356896786784,1.464560323048995
0.6035016797887114,-0.38092172817142655
0.5237547548838413,0.41149575409424644
-0.4228087886256593,2.926362810468477
-1.1602145724605184,-0.46285665036653895
-0.8286154311663211,-1.230725150586598
-1.3430834349845002,-0.4710082257376832
-0.7564512638078428,-2.2805018943287316
0.3508449902586835,1.2991841765913739
0.8514136066492956,-1.85026146990683
-0.9502445070712142,0.4976012975708346
-0.34248271824131454,0.4675200233948054
1.3134889285287221,3.3531298510641734
2.5254329487509013,-0.6059662071754277
-2.1474188581194538,-0.6904494692233241
-0.8606321218694832,0.05994591895333761
-1.0116261143761376,0.06325100978218433
2.4689654785476423,0.441261496085158
0.6591711569435916,1.4471432997816036
-1.6466397968026771,0.8893514604386745
-1.4466795196791842,1.7347049191892914
2.280827819491856,-0.03189447622574195
-0.14176951705181795,-0.8396616685060728
-1.1522870961373746,1.7478926609969476
-0.9768228692916566,1.3721213888582355
-0.28698541878047606,-1.247152289628859
-1.4767928391428247,-0.8600598463353311
0.727633881385544,0.4226838139102396
-0.12279537872308224,-0.9386423251310155
-0.5812809327134382,0.25619279912107396
-0.15174468770790284,-2.1190511523775593
1.8683656838522533,0.047330861736595994
0.2941956363481567,0.7552187521991875
-1.762724823275659,0.1678849632055367
1.4710459526830324,0.2355203133451769
4.165662569411097,0.6024042778400127
-1.423182511515944,1.5278818385310842
-0.7683566936960179,0.5501910878138468
-0.1629672900101802,-0.3369014139557607
-1.016170675035438,1.018510812307779
3.3951150764417823,-1.0767815354960357
1.9378778225442135,-0.40502336853787724
0.30000622057391385,0.01239373323251075
-0.5122107628937542,-1.397363656798241
-1.5192767835239769,0.2083187690544938
-1.1347145961273346,-0.48989661910441834
2.3342788913288848,2.5492011008323834
-0.7266054708159065,-0.7773623821030359
-0.6789635071663007,-0.93612536072607
-0.5978091927575356,1.0605873734317752
0.5767637899060338,1.7393173315466288
-0.8665831420431493,0.015540692330678858
0.6914850615976866,1.341773299753821
1.3552534375309222,1.362105236451275
-0.5235416181006546,2.9594516701119136
-0.40751905335628125,2.030993225734305
0.615356820938415,0.37539985554483646
-1.175922584232079,1.0655209302849444
0.18624018500967895,-0.21085436556280054
0.009132897469519133,0.7480645700162702
-0.4676126906310191,0.5161290096352714
0.2793302067933726,2.9433683781717788
0.3362275111010548,-0.6752244544614148
-0.7508111003944384,-0.9915049704832142
1.822471166174432,0.1699928321815554
1.6780092262643433,0.08945256070440849
1.6202783578479008,-2.3826526311627503
-1.2457194259259263,-1.303932088273893
-0.6509249931476454,0.9330834830342624
-1.2239550303353413,-0.29674758297142356
0.3474857560330601,-0.11537546408907136
-1.3124537181796916,0.6713730008126904
6.504158667634814,-0.9413213926773697
0.5657960159004425,-0.15247127726735746
-1.7033595686546432,-0.842418804146486
-0.4209176280276813,1.3371585476005046
-0.8187669440098492,0.4110543324281568
-0.9999120545742124,-0.6709895993415734
-1.2628585390227867,0.334167643427828
-1.2518556447576688,-0.25042753329499834
-1.3713537891798437,-0.7298301650294066
-0.7798222241091504,-0.666207956193036
2.878590318475681,-0.5128178166135678
3.1880291286368982,-0.888918882173096
-0.3147297909765911,0.3191598699773458
-0.12452656213840085,-0.009017363658098762
1.1140353399819354,0.004770325671733998
-1.5878048736080037,-0.15574363261750984
0.8598401094133694,-0.49509078684674757
1.3763134364748029,0.9332056136284819
0.1809451484399077,1.569483396356226
-1.1440052657995836,-0.6176237017114496
-0.14271416077466523,0.80587305785465
-0.7000604937686301,-0.3207828899610649
3.6235892991453276,-0.3607427536093697
-1.1151817032980995,-0.3387368510015957
-0.3036143257243533,-1.4500012206516217
-1.5297346920218862,-0.06645435438339028
-1.1600584221585732,-0.9820698690528795
-0.768237697907213,0.22172155929961085
-0.44013832484011883,-0.7827752687670085
-0.9877340274139378,-1.4275728626912112
0.5897067875016784,-1.364862143798491
-0.6839202389181356,2.0978475888519537
-0.7274260388754766,-0.7526787919695668
0.20609574525975988,-0.908062888985551
-0.7140018666266289,1.2105490486217916
0.2122754207828898,0.13301119462245617
-0.4828549673248375,0.4105917208519462
-1.319817797741887,-0.02621163162924183
-0.4771638041012074,-0.4074564462843136
-1.4549482928762751,0.4120267014986444
-0.46503569060415456,-0.9951825431484739
2.5457298185796353,-0.7290116280307288
1.621748404492494,-0.6825405155995984
-0.4994981041048647,0.4396683450945226
-0.2655771542428991,0.6469943426500104
-1.2139443720501157,-0.12479249759502707
-1.1072850376428935,-0.46367045613569574
1.3942595378728058,-0.7430220866062962
1.908989989713056,0.8989936509494617
4.580151550380175,-0.5417867395181212
-0.47047441645327864,0.8667619124958275
0.7780284848971714,-1.2408753306312652
-0.4718913386428055,-0.1750443121812122
-0.008420035873986398,-0.8484561077112983
2.247667503243232,0.36612793621115164
-1.1930996972800372,-0.4785514862281985
1.2261200602024163,-1.0661160933558627
3.4031930144817832,-0.7257210759289608
0.12697176112045602,0.7402288918469477
2.0270520653411888,0.3440252460198121
-0.051116096772380264,0.11664503955151871
-1.110518625005194,0.24239605803739128
-1.9285109940222702,-1.239656769370091
-0.8532843983084449,0.00397913811497695
-0.9121652525962568,0.09810342943563476
1.134235661254678,-0.5548343515574938
-1.5562366159553622,0.7135328214726481
-1.0982373191356563,-0.5197525020985726
-0.46254647555377226,2.305342283413712
0.7656960165887892,1.9008338288347346
1.5612761370261838,-0.25593570876304167
6.174930453572533,-0.36205842224530665
-2.016174050731593,0.7459090077831928
1.0828428022270844,-1.2542406787745262
-0.7055276122987849,-0.6049141194471549
-0.2563381403032971,-1.4908897119631157
-0.7257377975422791,-0.48778257440274064
0.8030503857784959,-0.7859654733829606
1.6600463924199604,-1.0269165595552758
-0.5848165761911087,-0.051383153766480116
-0.3237496237900947,-0.5907765946384543
0.9094692099088072,-0.6097261139307747
-0.8359627367529228,-0.7252758625079189
0.3837357369416471,-0.8421718901536711
-2.0178965343855184,-0.07609815177821833
-1.540669742861429,-0.700474496269502
1.6571453914002225,1.489848365186215
1.6812757002612817,0.6415738173763701
-0.4893593132242335,-0.4966215574985965
0.6723964317434851,1.1434376345434125
0.8602667676636754,-1.157670727101604
-0.8148034117827722,0.012371320687525366
0.8650508338155308,-0.8714064633359213
-0.3356329420595082,1.4730860788132456
-1.6330599715663772,-0.4412964240591121
-1.7246937110346554,1.1485439368465427
-1.295249678389847,0.33026297634383756
1.9250514579507985,-0.08578762437584216
-0.2563392474200239,0.46890952673064634
-0.5996462729912279,1.6330331606465045
0.05055521456773163,-0.8908664006190716
-0.4763094718655121,-0.046842215631328205
-0.49233517840464047,-0.21146140548246395
1.1959593936112043,0.004489057966786287
-0.0022666807918267765,-1.0020562494569816
-0.8128747931381907,0.3342563497016008
0.9817872130381486,-0.7982759674398323
0.8525334907869948,-0.627155335275107
-1.674374196207266,-0.1079736668063325
-0.9976743855760691,-1.068639305971292
-0.5194243041766413,-1.4092985160035398
1.3943932706083706,-0.7920904771568089
-1.1816438231204693,-0.228757467789387
0.6734843459081086,-1.0997099406358342
0.21353751918449335,-0.8844244966895846
-0.6195407754164043,0.5612091312231194
-0.2035350699489514,0.6922779923463602
-1.8424182191856766,0.8712124770069346
-0.3116117666170212,-0.06396462818486533
-0.5485490342769632,-0.19432929625962517
-0.4205075057473413,-0.11586581639612166
-1.1745493046707238,0.04067817853330102
0.8494669990120536,0.1492057743516969
3.830837110283434,0.17334099273765785
0.9414767349384264,-0.5767569923544035
1.2546156711153509,1.6061810078961491
4.406538456099178,-0.19486184024837322
0.8843126015141572,1.634178854169984
1.574818147735531,-0.49760438857217054
0.7538379122687067,0.49330250598059033
-0.6413995262131732,-0.662269502800856
-0.7053623956936417,0.30029911023425426
-1.0768458121072815,-1.2878534728616706
1.3050694662514213,-0.24762161162071583
0.05803947355383653,0.30814073878356946
0.7748807332555102,0.2973210545641792
0.635778592500681,-0.6181918158678521
-0.3926323808867993,-0.7074052870457617
0.7754138845652333,-0.6728104302628145
-1.5164459672352124,1.0789935134485786
-1.78931307737104,-0.7216121913465726
-0.8173122981732605,-0.390725721924217
-0.45428573482667234,-0.9867663003621485
-0.31914896361876294,-0.47455378886869887
0.7781627348372687,2.8266747644051815
1.011414229899209,0.04311007493015129
-0.8184745714761994,-0.5739447521292409
-1.1139389774387718,-0.08162453290976046
-0.42307458811183657,-0.8367547252547414
-0.6981389990683842,0.516982369042774
2.533293473369462,2.5179242016766716
1.1699547687391776,-1.113760575302189
0.03430577139460179,-0.6614515714225762
-0.42840448707152184,-0.5578594664438143
-0.3155900419394971,-0.16517564958207923
-1.00559786581322,-0.33075275133615994
-0.18594897612779437,0.9348113467014137
0.2333430141638865,0.8175089409339
3.352675285354305,2.5146925802876186
-1.094232501393499,0.6361713372417055
0.09859976588863681,0.31115079425114744
3.8033975364982804,-0.1716176907816655
-0.7851312438655812,-1.763662029723963
0.10967603056377372,-0.5984664763785021
-0.8894940523706806,-0.13329239648761254
-1.6894093003651613,-1.8215061105698382
0.2372614352968888,-0.2667930751349824
-1.9808132561345853,-0.17634610057855324
-0.282107011655273,0.09424377114811114
1.1743133493481952,-1.1825604416536992
1.0234275430776132,-0.35277540758435244
-1.6209563536350886,-1.0011060566761485
-0.4108615360794335,-1.3812642798833499
-0.6012427258285685,-0.09184907356818381
-0.5613889052535194,-0.7303140855384166
1.3218526587766686,-1.0914247397965533
-0.5068325164434483,-0.13997609142796252
1.791476880072108,-0.17521376638280467
-1.5342504702364566,1.7370976219838274
-0.5690674231706202,-1.619476316252423
0.7057157228667729,-0.5980328726807279
1.2014759858013897,0.7156821033279108
-1.1512767357844056,0.4671930992404728
5.614101024909622,0.06021884603022898
-1.0694780184290409,-0.8842527052286163
0.7123018768595051,-0.9071188017890929
-1.5749742510140634,-1.2223954210353887
0.2636538313410516,-0.6215035793745626
4.897331455735058,-0.5596354819319472
-1.7695301687534395,0.5012536879492259
-0.560842336909511,1.084280718360364
2.5154863945871186,1.2713622691360091
-0.7009516796781615,0.20088337414671373
2.5298781171651155,-2.0036381121495697
-0.06821231109763498,-0.11039718540109417
-0.7270915320368205,-0.1630814598940197
0.8360823105882716,-1.0320191537612085
-0.3713963541125784,1.5989992071694659
-0.21529716388747452,-0.34558480523604773
-2.0484886066940673,-0.7786802809208432
0.1479705521239248,2.0954678002178335
-0.4725098334643277,-1.3210130221363705
2.463942257145135,2.7115609945871793
-0.03741109610115739,-0.804147260366248
0.03564504854197778,-0.7413958048058533
-0.4321933880776425,0.3597379220687461
0.39675886832481094,0.9456957230292782
3.013592134273519,0.9668813108271967
-1.8438896931820918,0.40409058964655215
-1.302773624390135,0.693090797219372
-1.3779604341784006,1.3597866412302013
-0.7983249997125698,0.7772403724747539
0.8937866643963057,0.42062427775715633
-0.797808933191868,-1.286607941704299
-0.2031708020501727,-0.34901435314089246
-0.9413813377999173,-0.4043959200560879
-0.15989844691213284,-0.9944515010825303
-1.1307480181436267,0.8473525631080798
-1.72574175989918,-0.6013127536515086
0.9409863641794369,0.5842648410355438
-0.8749935520642208,1.6217651290959787
-0.4976710859919754,0.04633055439831281
-0.2500305365156655,0.24733696215762055
-0.8159361399267929,-0.5146481208023921
-1.343327098783772,-0.26841770352424416
-0.48803423074745905,0.1403984770196182
-0.749176260910933,-0.6223506029377752
4.247881909502869,-0.11160471410487077
0.8070212127968093,-0.5183993486533982
-0.9211681885467736,-0.06822077120417305
-0.3230184368077318,-0.6387048492427568
0.393976196007381,-0.37328544447181183
2.5733683172810458,-1.4077386040800541
-0.7086642905503193,0.5039574945989072
-0.38814983205604037,0.015993881398179522
2.1909339453692573,0.5765728377450207
0.4210453776958375,0.8476014985949478
1.0270313753362574,-0.5238778790218621
-1.7074212624416394,-0.3157213318694187
-1.0156677346433336,-0.940815701948391
-1.4786452289583902,-0.5368644500901059
5.6682370367141806,-1.1435998470252509
-0.8629465659195549,-0.29197512072932735
-1.7188611425672946,-0.38966154244607837
0.4466737912149581,-1.5243589850255534
-0.175803157650684,1.1145929044410754
2.147310330841269,0.8283246464310263
-1.3838827069302762,-0.6176333085038528
-1.355192655925485,0.3639808967450621
-0.49611773750431387,1.3938639419852867
1.021961264418704,0.01895379484464781
-0.33239335314772944,0.5216142341309287
-0.740659949042036,-0.5899444593922817
0.6170954829790468,-0.11757264509288541
-0.09569813026936072,-0.12245557505999766
-0.5117947109355817,0.8396467931183869
-1.6505055395633517,1.8670238700641844
-1.2618592064087537,0.12287654186389337
1.433035619666233,0.8007963216985361
0.1471382626934699,-1.5263759779761672
1.0720634936161293,-0.08510976175597701
-1.5530597165502136,-1.00174396385305
-1.8216896898224422,-0.47334515135318433
-1.2932555846130271,-0.4802594064110199
-1.2467151181253415,-0.5339472350658089
-0.1223331560933197,0.898389326733418
-0.6730992726443209,0.5079297939170377
-0.18019083481786283,0.002112073548896576
-0.44558851534066235,-0.04078480585008841
-1.3158066483205646,-0.5992156058064159
-2.1481649352684076,0.7946547248274786
-0.055534201259418985,-1.1801989959641959
-1.504409857046932,-0.5274369953601045
0.1254112629430264,-0.8989527582147971
0.29163485798154376,0.5045932242204098
0.11652997224820151,1.7953181878719382
-0.44300055037549385,-1.5830720195603127
-0.7700939979657828,-0.5208013831269616
0.8121064207564007,-2.2427404593031937
0.9201409548159385,0.15497646647029775
0.5467448541185712,-0.21993793612548432
0.5360485440935004,0.4541325125225452
-0.6720707923148485,-0.8608321336797571
-0.11811549663379244,1.0196353155412214
0.8916958894397221,1.088043338789191
-0.1482425549317575,0.7531520428385324
3.3289825527851518,0.7236081287735404
-1.424224153233528,1.1962510166234444
1.6291674810920476,-0.1981374556853673
-1.8281598986188354,0.45939041060716423
-0.2301294003295242,-0.38303809306911774
5.266629698130039,2.1989063922781718
0.7001629471762107,-0.8363638766710733
-0.8026690915357593,-0.4456987160214625
-0.32614312157535474,-0.7447433688631391
-0.212577983134779,0.19596032744981579
-1.931343696834769,0.3956256335735747
-1.1508961667241333,-0.4235731667176676
3.697704623207027,0.9464991537059684
0.8678187524948022,-1.17216513155066
-1.074185401558746,-0.7307075323052019
-0.32662196517023906,0.8584364258263144
-0.1695976303526264,0.40405656606971396
1.6947112874061547,1.501562748349102
-1.0859403306926936,-1.1555383739026106
-0.5783095789792968,-0.9918481794602441
-0.6751050201961989,1.7399210483581977
1.0070659959806605,1.349586817804815
1.4575495517208223,-0.3698677411005398
1.0249676664215785,-1.6075988965902468
0.559740414824711,0.044202511529727005
0.96798147433658,-0.9461272280119439
-1.485375878853115,0.14741788227243907
-1.1659696359257363,0.21949392487296182
1.156448215830233,1.542252850988341
0.5297958640143575,-0.716907457736528
0.8368600897575615,-0.9122602844488265
0.28683226064189593,0.32167386268477133
-0.6567914335855983,-1.01513136464412
-1.1497851352327857,-0.508787685394182
0.9621124105588809,-0.17270144654587957
6.149445093043994,-0.48609630369014467
2.161797583085646,-1.198049221860584
-1.5266831443460085,-0.6733738961075251
-0.8095004433174419,0.6953896946677418
-0.9021099846323518,-0.905937921700693
0.10202135280006504,1.083964548317901
-0.43230196459229486,1.5084916010251193
-0.6351602234713765,0.7317358760627275
-0.39728229196953724,-1.7494720218824162
-1.1847239150523923,0.6358609094705693
2.189352450020907,-0.20495204867688557
3.5174344709238237,0.556422858824986
1.9198091084022937,4.178978551720606
-0.8429223735515693,-2.0039409077356445
0.7453362439125512,0.5244225945712321
-1.0275005394768735,-0.2971474325609539
-0.6764463587739956,0.03319831996403394
-1.1746092277401765,-0.43610491407611557
-0.26531935217904584,-1.3506890945320038
-0.9798950325320583,-1.2327649246659966
0.40173931145292996,0.8873128788857219
1.13929188622807,1.4248733891678638
1.5643208095535477,1.198568186310306
-0.6710453241032956,-0.26257784291859343
-0.9538305154464818,-0.3127519020347459
0.12368490588549275,0.18285161522392593
-1.209237121774808,-0.7183497752605829
1.0778756199284736,-1.775052762848394
-0.8160492146917404,0.30770904699935403
-0.3671050509025014,0.8703246534920608
0.09898090510529751,0.6214605435006163
0.5219350305909064,0.08823244164681404
-2.318161178819877,-0.20989840359660972
-1.6331231875166203,-0.6933784983093556
-0.0076175451289774996,0.006676954754699425
-1.248884733468619,0.7510741023887858
-0.2848484151252417,0.7611223617348476
-1.7645226055372594,1.3038066516677125
-1.534204732744166,-0.9269705707620934
0.6399796071000875,0.2763686632554563
0.13066829496414858,-1.2925018533317199
-0.8709662658647983,-1.4887035867968854
0.0898723047838556,-1.2636580477172423
-0.9158017321429929,-0.6935989517946967
-0.9058482492777717,-1.4423115608700012
-0.9152948393402826,-0.9381543396687796
1.5058773465598996,1.0419301479034715
-0.9968216200221928,0.8744605032710641
-0.14341534263752423,-0.17535876452242113
-0.38696124735427717,0.22436249280259898
-1.8604780450623553,1.2849721632926023
-0.29036312410215454,-0.504444487514493
-0.6957404103251424,-0.06535719519750943
1.464351673724805,2.030400069669238
0.27210049435439715,-1.2859590231837836
0.8768032798089639,0.3389669499916231
-1.6133549772230344,-1.0403111769497932
-1.1334181245941157,0.8768846157367702
-0.8128200979342185,0.6558240173754006
-0.7907183563248107,-0.38666028759127563
-0.26368036111335397,0.1879296628898026
5.585514737274422,-0.03722615213203292
-0.5628687692400984,-0.34767585136992446
1.2392565413580847,-0.4503263455371979
1.3473698191585088,2.6929579355620024
-1.3181671950410094,0.170914852441993
-1.0134726899607376,-0.3057569657858236
-0.6965611527774855,0.5044654921832954
-1.59496854023885,-0.7210563791765829
0.8811418231310664,0.9398799221300123
-0.6808897748511398,-0.22562774279671194
-1.582294848026461,0.1124135452825351
-1.9789666910265287,0.5022183224469224
-0.39308347272458616,1.0638446225841807
2.36623189039916,-2.700503361206449
0.0022781373579012355,-1.0758761789929472
-1.0571269262545457,0.09229969245905761
-1.0804042630986537,0.19693765800170918
-0.05790481727002171,-1.2530423145749516
0.29121400883097587,0.8423885277162899
-0.4244882858503746,0.38773955270604576
-0.5714839261029421,0.5053247448785226
-0.6795759129396304,0.10149370760880141
-1.4395050665404248,3.0005012480456417
-1.3352747485745589,-0.6356172792350373
0.6540220934005017,1.5791997955897847
-0.12117476025211875,-1.5004327405100641
-0.19212930059619018,1.3928345222398766
-0.6746133449911563,-0.9648852923292001
2.5679372202649855,-0.5219600730078815
-0.8054814806937185,0.9013174401571264
0.24621892532581807,-1.507942818019491
-1.649544494862725,1.0742808123611645
-0.24963888798940265,-1.7142396738830195
-1.4935537823769094,0.7198572967221393
-1.1394921005939587,1.8771975165220376
0.889617051341326,-1.8190864313347397
-0.11265252291138403,-0.43637511616528507
6.150275102457038,1.0701430276348662
-0.8221253328968948,-0.19828777792864125
3.874133667658809,1.7079948246400734
-1.0740863704663357,-0.604926992086795
-0.12383577557088188,-0.2715865524219947
1.1739299375293937,0.7692529237856504
-0.35416501174597165,-0.07074963228839978
0.29591808215685617,-0.4982942960041821
-0.47932200954340803,-0.21714175035519798
-0.04494517500319218,-1.3685804643305242
-0.3123527989228573,-0.18242224019472375
-1.1476967578014754,-0.07037413687103868
0.10116028849112893,0.7126432818779919
-1.457521921264592,0.01603032740044254
0.11922041852531277,-0.06076135100676498
-1.3990128286333163,1.371191841825998
-0.6729871168965255,0.87773117040492
0.111678606526675,0.5171244693001579
0.5585306346741941,0.6416585378975931
3.7415272688836696,-0.5226143500698162
6.164507675106897,-1.9413876790750455
-0.43292244948044384,0.498516874246984
-1.3955372920471276,2.108592702001156
0.8060200985501064,0.6831649031423358
2.2492104140421953,-1.2539767495532048
-0.35520774338686417,0.36595336943703805
-1.3797057237810932,1.7896337865596808
-1.2384557392812057,0.3592103106525326
1.165718772494528,0.7284593959569565
-1.3415446670261812,-0.1765840219375345
-1.3205418431866063,0.04300882734678479
0.34079286372893036,-2.34306220091018
-0.4004890209790198,1.189930683972793
1.2977633117685003,0.8850233588660796
-0.28661545627578366,-1.0947659018068452
-1.10309993719083,0.42713401330331974
-1.341378566445033,-0.7421160214665312
2.554892327062603,-1.314326313161774
1.7342688644768047,1.2845773124435118
-0.3406220214313258,-0.5828718034795004
0.9963301472118038,-1.417732153232414
-0.1887806829065308,0.07825778303301442
0.6710462347472381,0.7137238909824252
3.0393796836908256,-1.0829422456137832
-0.09026768619145338,-0.9431320326303502
0.48529312470251534,0.2014860344044369
-0.22907647163430594,0.8435622251537126
-0.9604828765007346,-0.33943364199699283
-1.2768007781234727,-0.5665312693700955
1.4019308002172977,-1.8399578187526697
1.273091033250482,-0.5342654134269016
-0.6579529134017797,-0.9050122812799534
-0.39153723559925563,0.46096237179396005
-1.5466766490795743,0.7114990806515552
-0.45954730793952536,-0.5344450435749064
2.7689156643204944,1.792166699687614
-1.1374942304279747,0.3135399957737647
-0.4330709544099029,0.2730976691399674
-0.8353012749287577,1.7984914589710352
-0.4261125528291587,-1.1218102695733072
0.23247581924971333,-0.44255835328176263
-0.3352682231071015,1.6057310633761213
0.3893131547408374,-0.3497016323223541
-1.3787188779502493,-1.1386683645270745
-0.027236135347846017,1.4993633127283355
2.849220144311259,-0.4234909795397342
-1.6677101454777057,-0.7875344848318648
0.6119380897903245,-1.655656291236191
0.42790722511124063,0.8787454427730957
3.989852389527604,0.7075955673174243
-0.3748957932359538,-0.6285044184942672
-1.147682885077247,-1.0890828358224576
-1.7080406704152487,-0.2549548918422432
-1.3723016489455104,-0.543239597900229
0.26587994202215914,-0.3564105210553069
2.4925266773731325,1.2441221686848705
-1.5398885612900446,1.161532610360885
-0.30933538482134443,0.1997761230715297
-1.709980039587819,0.6689541990732646
1.3844595556493664,-0.5533475734004928
-1.073179887907618,-1.3944046318408851
0.6452732969569775,0.9027788189953985
-0.8996130185019708,-0.3226687241508623
0.8132414241683618,1.3444155083624747
0.7100315897061833,-0.7733705370173612
-0.30238930687145904,1.1732485039312341
-1.6857248524643078,-0.2891056880510257
1.1745877682450483,-0.058345552826135814
-0.360605203507596,-0.13033118221899723
-1.528583685737834,0.8780169586405554
0.4729160552855125,-0.49259051605862975
-0.39326636554106414,-0.21024731170307004
0.10671659766601543,0.5220289207117017
-1.0064690574731365,0.8333942984976086
-1.3622991313122539,-0.061867155350977594
0.6704086801582257,-0.8925936690247867
0.258692961582448,0.023885334549341768
1.3918585992879178,1.1676390331901274
-0.35602223895041335,-0.6271573881047756
0.15003966405437666,1.0820325631734167
-0.4386403732881676,-0.5456703301189963
-2.1333969436059563,-0.5389638662858532
-0.33093946393557083,-0.04651247035466913
-0.5991115001799228,0.10207735107236415
0.07790962477498027,-0.04218991952803598
-0.2729615765579714,0.07835419443723972
-0.9450951097719187,1.6131987100042824
-1.4960077781110286,-0.9188342320734517
-1.4733892049892858,0.5829757070179884
-2.342418153598428,-1.5495343495574192
0.631697341372207,0.5962539539097532
-1.2986178349748339,0.8869589383256717
-0.7119315322586439,-0.4386746444234386
3.1820296008637428,0.061954848085652464
-0.6150068311407011,-0.38274540050759637
1.46877091772697,-1.0159448829343813
-1.2508476777690802,-0.4482759787194417
0.37410274849109004,-1.0499297199952033
0.3336671282410788,-0.7288411723404331
0.2587681372471539,0.4513660486513447
0.7692059427554229,-1.1057744556464457
-0.7111102271699782,1.8500986108870285
-0.9241732797419988,0.7760079687705819
5.567266614531609,2.2206332045991775
1.3984845539351147,3.362046747908825
1.7512455858492701,0.2552149597232952
-0.8781511796448025,0.5696678888575736
2.14242013523851,1.3196037892436059
2.5445158825371115,-0.9670558777124311
-1.5507618197305053,-0.9832875866576385
-1.6423292553953848,0.1380194990491695
-0.6497823491764972,0.34060492957073163
-0.556913876087734,-0.23778778564110473
1.0995702275033086,-1.406056194396331
-0.24453155574448165,-0.15064951723721567
-0.6792842297864047,1.209357442694442
0.20665241790139766,-1.7262229876776132
-1.3849636412842026,0.2721043195593737
-0.7333098731041635,-1.2141538286620754
-1.7710954804077224,0.3057271904501676
1.1083363972484088,-0.4473760462368721
-0.8111690262426949,0.3699881831779312
0.5712197373524293,-0.06451580483685226
0.06980976696227434,1.1072976449404497
-0.42739398341831136,-2.2096580715503076
-0.16189515707453261,-0.6558058660558159
-0.13068384682927267,-0.871017031224475
0.7710446014484277,0.33605496391941025
-0.11746312884919106,1.2085702558449603
-1.5504737850617647,-0.05706173598762952
3.4247861532018242,-0.991667262428208
-1.3906280356483094,1.684483024047266
0.41478102303859155,3.6308527432008373
-0.7719477836560414,-0.24895142829735425
0.4492466498860318,-1.9554740146136198
-1.6182277112587258,-0.26187694890043506
-1.99339882318663,1.179017242754213
0.7615720037382511,0.06977828028907386
-1.234959081547432,0.9053970796237478
-0.8487321349850608,-0.15778127666015293
-0.12245971392031904,0.3411855531892529
-0.031577834512522905,-0.9943747820734616
-0.8686847411067754,-0.9018095225040444
-1.7432487019311806,-1.2143960648581018
-0.2855946593393897,0.37093707524595376
0.6889775494805525,-1.6261494911473493
0.41124368085963464,-1.597640934320711
2.4916856429382674,0.5427202214056208
-1.664943011177041,-1.0081107137775493
0.13313059093761082,-0.4406631346550943
-1.051381715284605,0.6226893565220823
-0.6939078051629164,-0.976543151958609
-0.6124038412791206,0.3732428467379261
2.931142219568374,1.8338377453772057
0.8853700339929415,-1.460349085504856
0.6990513093073055,0.4230438830970275
-1.5640698926950536,-0.2156392845861521
1.165746556544094,0.3432057712976182
-1.6743729313697815,-0.2343461493810265
-0.40311592790363315,0.6308997869160087
-1.5711070429057932,0.04408388462430829
-1.400605662162239,-0.25032868615548276
-0.844532507519872,1.1136804381427783
-0.4934235768018918,-1.325418408083483
-0.9902316157737981,0.836493610169712
-1.332028714432985,1.1720864402261912
1.4701571414294765,-0.7115099715813776
-1.8135924532592202,-1.5482289374892975
0.8379437124989537,1.417007457419642
-1.581971246197565,0.4157020744098285
0.0005984622426104053,-1.0727351574918282
-1.884084966598327,0.40487008041491984
0.41357436683538845,2.0389989313636088
2.049233861457136,-0.24258464192857362
-1.1599034442845297,-0.014438154960494491
0.22214595289537217,-0.5997115440419003
0.029962752130993815,1.1196612078592985
0.6907002201488716,-0.5888380145583536
0.33684279385378746,1.1594540182909834
2.6837700899805292,-2.223252470764814
-0.25449962659497055,0.20058578736910884
0.34114855464927674,-0.8145190078342409
-2.004813515534334,-0.6732174695632394
-1.4147652359588012,-1.0932292697948303
-0.9650142995163975,0.3411069149342223
0.8321439781325075,-0.07353804844973526
-1.4608563481498091,-1.3453073666347612
0.15225621237031847,0.75281133721666
-0.711014784616882,-0.6365244603205211
-0.23495019099950562,1.1501291829960083
1.807275934697427,-0.48485003610349153
-1.221681269664612,1.323433173370668
-0.6074641738911079,-1.266077649651194
0.7978015611787522,-1.2948702975880104
-0.6566122928539179,-0.3084587664689183
0.510906740095559,-0.29004962855818484
-0.3418280323060425,-0.1979701369953322
-1.2905074456069838,0.4632447753103086
0.957250006424396,0.9167659152776488
1.473934719426514,0.37039278006661336
-0.039594262661347066,-1.811088422399187
-0.4070347973311367,0.8362604830136532
2.041305548092808,-0.350928603406944
0.3748023182187714,0.39989086073471597
2.2362382827544574,-0.05052281207553212
-1.3338456077820477,-0.5981072730469255
-0.9301020081321756,0.7423492564267834
0.18741234953266517,0.697368688135227
0.5424828786580844,1.5185189473991825
8.560324614937338,0.11881673226318265
1.0485377204016832,1.4604721182155846
-0.32200578303300154,0.612831121436309
-0.9327407198286198,-1.2916415219040625
0.517694288932335,0.20753853591974755
0.6540836695045597,1.3293267554588972
0.8399682390843086,1.2350170675767254
0.016655845711163395,-1.072363026408166
-2.116728390771271,0.3666961470712316
0.8101800154325504,0.4444348340826003
0.22790419774097015,-2.82721788710067
0.8828128357811869,-0.6041577170641294
-1.7052176145913813,0.2514517364935947
-0.41578516443316466,1.1820637523276907
0.4064004658100926,0.682906144421532
-0.7028721392359981,-1.2823528612372292
0.6267562691431008,-1.1437428275966552
-0.3310180523316932,0.023154423464777755
0.6763599646365485,-0.8976871337213311
1.5088641429304763,0.5757941226197009
-0.21052183953232864,-1.5149872336121994
-0.4489482984235585,1.08623073974182
5.4489285634595355,0.26478906845496936
-0.7568736163492469,-1.3792544832079863
-0.5057216480045942,0.03178949941082122
1.2521440021077632,0.4318016309383084
-1.0501802142303318,0.43003368340794584
-1.1935470822350345,-0.7399657589868918
-0.04879277206895761,0.04132003695418035
-0.6316491096719109,0.6801853247003596
-0.6437936855095263,-1.4262100204464614
-1.0523195420787086,-0.4641001028455438
6.828342174014184,0.355652754599672
-0.020045002893702903,-0.4439374946358047
-0.9407566942572572,-0.11732717796981533
-1.0677638839333337,-0.05782555660225563
0.7351812736257592,-0.9117898134593285
0.7389351834541429,1.163530803409718
-0.5912233943345647,0.18558171804037848
-0.0014703217845420757,-1.4998925808088557
-0.13990458607392656,0.3595778626460847
-1.3096462132890745,-0.797548265435639
-0.1328667452017197,1.3031501728538446
-0.8265075222800035,-0.6353588800096435
1.1435920267120707,-0.13665133422927925
0.6379867058059961,-1.025586676221967
-1.9397509243152624,0.3168056097589746
-1.18064919170026,1.17159341340262
0.07891576411333308,0.7984376831982981
-0.948987279740133,-0.4638428287303792
-0.5793890972379553,0.6172963726072312
-1.3561188916818843,-1.6106475031857994
-0.5893706925920971,1.198512271294794
-0.874183672392298,1.14428000197211
-1.3104799928885977,-2.3330405575060604
-0.08721221505960708,-0.9444914851498802
0.4570259780227737,0.09394095212616586
-0.712969116788121,0.1784508570835667
-0.8200606468403145,0.4224101071906302
-1.4358789590593024,-0.1296103521058022
-0.45456532025123514,0.6104791413407658
-1.623695676736931,0.1403410245092643
-0.24241435907942344,-0.2883783334605825
-0.5768002498575437,-0.10854828207610588
0.8803407703277847,-0.7516292363178011
4.87415975459749,0.35369105882023333
-1.3023857704285398,-0.5319797894116032
-0.9864593387622949,-1.189178149399733
-0.8808836958788906,-0.6936365078509781
-0.5089648597408757,1.8089363317404255
2.143877550901006,-0.24768967428305416
-0.6844715903962123,-1.1591902916856773
-0.43858877268794383,0.35422337799458126
0.5455710167472785,-0.8828234630503237
-0.34392608304025224,-1.3521377830608043
-0.7797636527954415,-0.4295571803996306
0.20139570765868237,0.335876691023329
1.2896027735774844,1.086154700352218
-1.0086577314567104,0.30571078808649765
1.5412836798185554,0.28159022948439305
-1.0617916012861708,-0.7997782485150141
-0.9949553781383957,0.12614227646586645
1.1720715272542974,0.14744024420921534
-0.5405097948706435,-2.2021949413700117
-1.6135125024639736,0.5714116527258174
3.7041158129507004,-1.385880718285935
-1.730072465331036,1.2240525788219556
-0.2442692706010299,0.09053698306215022
-1.7113163356722325,-1.2823526220638763
1.3823281746566436,-0.7340597031703956
-1.1855295390411091,1.2505489535367562
1.2148432413528105,1.6897692244897882
-1.8086053400847462,0.2054941177951278
0.8956865184624944,3.464744409248622
-0.11603656305605996,1.6545942781391
0.6412425162292144,2.203797640590616
-0.49601695475632585,-0.8636135938591715
3.6145495728203483,0.43502342183461395
0.15154852604296046,-0.18998388115947976
-0.41579688812719173,0.7509032867018709
-0.3209739658180689,0.7868635216321164
-0.6901061277663726,-0.9925032161392457
-1.671106804051063,-0.49437261914294384
-0.3826359563246279,1.7992731609429544
0.04870130200241045,-0.6168147043673139
-0.4026789020977808,-0.6677277580453008
-0.4425125901243383,1.8037279663028347
1.1245058960021204,-1.085977239310483
-0.787464739849428,0.7404132182316802
-1.3684013714076129,0.823132767573666
-0.4571128805675356,1.0789376329505806
0.8114608306282689,1.1147514707416528
4.598089679623437,0.13518246383522806
0.9251641844456626,0.9368640687536972
0.18437456531577642,1.906348319196143
0.3731675856840051,0.4266703495291454
-0.6791539785429874,1.4394324767392521
4.032190620233929,0.7821062415718237
1.575964014731842,-0.8178846085024538
1.4113519050429422,0.5845925641629697
-0.383375030166598,0.8130730800168671
0.9216156999505769,1.2894537224812828
-0.5840293290264945,-0.3826681677130744
-0.9747585587523329,0.23315032736718544
-1.0539822480653458,-0.17210849076206505
8.86817082831899,1.1823568240231817
1.3629794560993083,-0.23449579068272344
1.467258963747446,1.9887648429941667
0.9585767981565647,-1.473692555571763
0.2928528520826886,-0.283414749766863
-1.1097289087220863,0.3978678870706569
-0.8327710623828753,0.46527104563631183
0.296406409776457,-0.7935529827934983
0.691786151561821,-1.2275210393550293
-1.881789092766064,0.8013436936430574
-0.3314705910190756,1.1227930226760494
-1.4565536017544642,-1.4027434376432577
-1.735205164941186,-0.9762741067371197
-0.6146378165457334,0.6632471670250224
3.7289514517197837,-0.13961436693578916
-1.416902225138069,-0.2939905719288731
1.598391657708509,0.30868370826474484
0.09663359184658123,1.2745586728959801
2.519802330912214,1.3962920420318876
-1.0783175035406407,-0.22850193540161312
-0.9419288543591189,-0.6359161541858659
3.2526857076878595,0.7293134200934779
-1.0441268123326117,0.32611377439010225
-1.0161553987385488,-1.5750452267816732
-0.45342700249215545,0.05269387789062585
3.3974888726627435,-0.013459515903687314
-1.1197447996539072,1.266020204276033
6.145257411323611,0.3762333275710303
-2.035266348425796,1.3558954890169983
-1.1021686555635326,-0.5344530206913335
-1.9174658600941874,0.9988700150528035
-0.7527056779808802,-2.2062165290688616
0.6227099169361747,-1.0170136616981285
-1.4062730838917556,-0.6695275343361416
-0.3441848024343835,0.738567110240592
-1.147554197038654,-1.5200704246096153
-1.264395219903624,-1.467093003282103
-0.23807828778097123,-1.1320711604152678
-0.7511385786368473,-1.2810528113608242
-0.5608579145846863,-1.3334012223274996
1.1412531056014492,2.5319988858228064
-1.2788023869047482,1.6391942035746625
-1.0926572319997585,-0.3092815849702956
0.13626826461427372,-0.9711749737005542
-0.3084588259079729,1.2190937476451675
0.5445710115227411,-0.2683815115709525
-0.9300267378450041,-0.5818586557201906
0.06800168216410392,-0.682709198245138
-0.379945106489117,-1.3950578939508802
-0.32874319921797074,-0.9928598918256768
-0.9688932678623635,-1.1340236485773196
-1.551828250730073,1.9283622140120036
2.7120335492182313,-1.9955570979138337
-0.39953546114133537,0.18303619311720717
-0.5574124114355887,-0.515423604460099
0.17098316256155255,-0.30880456468208983
-1.377656595038141,-0.6906946672284554
-0.8878649194657627,-0.4217478878275652
1.1596655760187384,-0.6646249306491956
-1.7262657403444435,-0.07029277222275819
-1.37670171855247,-0.06521919374209446
5.019876131039317,0.1989592628387068
-1.4899178222055105,0.6513850074331262
1.4322985702234659,1.3312731409108463
-1.372487153551247,1.0891601302016842
0.513231736275242,1.7934943730281505
1.2382445503547306,-0.7823218184407612
1.1453123208665659,-0.9660353104317536
-0.7988952351584347,1.1854343594139152
-1.0909478903923246,-0.48275067372125113
-0.9078585402565068,-0.2727570595437428
-0.016906928004050276,-1.6453561225757576
-0.15388540745010662,-0.07471142430813892
-1.00416712158916,0.5720226270480946
0.49274587486337085,-1.4638481618082153
1.6946097556062392,1.6062496665380652
-0.21607801016015055,-1.154198846100918
-0.43623971121252875,0.49312316898687136
-0.39231349146762196,-0.40359273649050686
0.7163942309505329,0.10807022290863591
-1.1762103059697324,-0.32243186215431674
7.359660290688806,0.7807454845333471
-1.7157194144397636,-0.22760287727628012
-1.0315284592698,0.09649060435824332
-1.1957743853122067,0.19458081606151223
0.9242993396925742,-1.0088818923817806
-0.7824673455759349,0.6616921281413206
-0.024701255062487236,-0.2964722909921259
-0.7923483862004743,-1.6174730457361488
-1.3104208971899265,-0.5774147166364879
-1.5750493152449263,-0.24499061860857635
-0.9502878470695482,0.3441964590421661
-0.35275738055494105,0.19295867515704945
-0.3253639767513131,1.9400117174464326
-1.8848289265572438,-1.1511116547435674
-0.8603980249874751,-0.11102215710426393
-0.1577735798469335,-1.1484099623561677
1.166257790581356,0.2578584439396594
-0.6101833847411267,0.4517497125430693
0.47086592654663845,-0.3137730186863973
-0.754014655541747,-1.5537388116672286
0.1830328852512791,-2.112425268820322
-0.47711241706620605,-0.23277199821492908
-1.021510013272628,0.4997838956200253
-0.1559185032079971,1.2061238736289848
-0.3059459863577095,1.0682692976342216
1.2975384167469344,-1.8648692385575907
-0.19642204151390594,-0.14660541081584075
-1.8442456948635932,-0.36858118990122873
-0.8941503752072926,-0.9950743661396206
-1.4092939933640074,0.4720924928110584
-0.3188379919208317,-1.66218080952284
-0.10649406575167074,-0.0712982674569618
0.45749063012638275,1.8688996833118305
0.19714289771884208,-1.7925766644108483
2.4915727284709135,1.0759423429340285
-1.9118940456479376,0.6548510676484847
0.6989704326486567,-0.4724727763341355
1.2005773281832748,-1.1301657610939766
0.48886983441319587,-0.0447034042103483
-2.2357208128832284,-0.6047172005566898
-0.022962660596995664,1.8764860297891788
0.978411641743106,-3.1070175605242056
0.08668843906610743,-0.004778903027059494
2.7794223715329953,1.7854708928540954
4.714862767908072,-1.904945718148902
-0.4108817501040331,-0.4102818703872572
-0.2808427322611012,0.299311642396142
-1.1733797629874785,-0.022683556555148778
-0.3316412306506596,0.9433429527215786
-0.7025748006460095,0.28411599432042994
-0.7310182704181778,-1.251743149721109
-1.6411451644468873,0.20526257834396539
-0.8020993944602202,-0.6573573679549172
-0.37581832673965937,-0.5476191762844241
-0.4810739279976628,-1.3941282730951485
-1.1017992078824514,-1.3210001464024983
-0.09768854211983032,-1.3944713686764474
0.9764021351716949,0.19207025895471394
-0.42665309493443265,0.21732723752395466
-1.4909712566103845,0.2984055201373192
0.17737804291399198,-1.4730843625748402
-1.3826470944228622,-2.314155733145597
-0.1806237376352101,0.052106226166110915
-0.7488043013032715,0.48647530040667103
-0.3449127681157905,0.5742198742022033
-0.6738878073262335,-0.95041714643343
2.7810504420153728,0.2102721785144421
-0.995026524154569,1.1410325146066365
-0.26325718768355993,1.3301020851766068
0.8744435331952818,1.067137158573532
-0.40524357902454694,0.5440143226643864
0.16910722081849303,2.588422182268589
-0.6998732573700578,0.9420307418184176
2.4547076492976365,1.5462270161359244
-0.5083362440563661,1.2147289685419638
4.148014470844088,-0.17826912318442192
-0.3583987147015195,0.01755205577007715
1.1100422959231204,-1.3094623033657
0.4599496697299697,-0.03249143328478288
0.22681322000790133,-1.3509546865697035
-0.22436566134052674,0.5350136124785998
-0.1172039390131703,-0.1275952205805323
0.9000455720843242,-0.34725049519737555
-0.12754553605950522,-0.400472075057688
-1.760333758243713,0.9410037126598833
-0.99913899408465,-1.01759001339754
-2.019382248976146,0.8333937607387399
-1.755041256445436,1.581009135932734
-1.944075801799576,-0.7290923462932533
-0.6919998392008618,0.3731879402987226
-1.3306198642909195,0.2291927074633352
-0.8027727750793084,0.4645368390817279
1.5880019107770071,0.884084906194149
0.12276846608718524,1.039475664995132
-0.5386237137980453,2.179995612336359
0.6567935222391201,4.157258234557142
-0.054457987747740653,-1.2239789348485588
0.14036897694195144,0.39868334540030115
-0.5573673872655208,3.2421009186367926
0.2542905531839217,0.646290158338962
2.2850527467733723,0.2882614575019065
0.9239010676699204,-0.965838291908879
-0.026064795632158008,-0.646583947629616
0.041300337132227485,-0.2932698288390482
0.016403591955526688,-0.5689587645880189
-1.9843463624315862,-0.42665707390960067
-0.6510249275139299,0.04074073104832152
1.6875579513230292,-0.22827033139583452
0.5451365346253368,-0.7256261641593473
-0.9411805692321906,1.1952925916932124
-0.9945566759973885,-0.32773969586817053
-0.17023114140327383,-0.9576916208471565
-1.0616963185890318,0.44644809893598436
0.02538015001481172,0.055168175283502735
0.5810210204542016,-1.5006792165289355
-0.8205816711761492,0.4526390964267499
-0.26044978623677134,1.2115583904439098
-0.7022354449516087,-0.6368822138288713
0.17788441649280817,-1.5525561411924134
-0.5591646841708345,0.5365341722416532
0.4876276228955418,2.0650841631383368
-0.8020868537846162,-0.5937619139014367
-1.510358107595413,1.112750539844446
-0.04030652824904861,0.02928144928047139
-1.071714804814816,-0.6196798887883125
0.4184109842604406,-0.01049628237777609
-0.43170579180018265,-0.08943112374791654
-1.095598774463193,-0.01134626745139812
-0.7021877064075244,1.419700154853624
-0.06567696225663885,-0.0791513613573723
0.23095737161654506,-0.542592242167984
-0.7631423294720743,-0.12167493089875785
-0.129184868413515,0.9463794690308533
-0.28425820934026097,0.6267066231942718
2.7074978179360247,0.01789993148519749
-0.6373740432419295,-0.04777622669837705
0.058189470987822,-1.8944522975396527
1.1343956240551194,0.46562507717794815
1.5979009823805859,0.4136488527645204
-0.8377597120005549,-0.8336932421577822
1.729491655154767,0.9855476772854272
0.40325274545120704,-1.476863262256919
-0.504464355003179,-0.21648587309162115
-0.414530643649524,-0.03696280214718348
-0.27139390281353903,2.107209622617449
1.077105432846712,0.5882469566386928
-1.1239625787737175,-0.6516279693212099
0.9687544904173606,2.236528875166169
-1.1638811665471889,0.1500113011388821
-0.5791663425012623,-0.591678281311048
-1.847126802446767,0.28487312956913846
1.699329793630336,-1.3634615026501349
-1.7586323622678277,-0.6241163939773843
-1.082918211117873,-0.24575172261300005
-0.46083625102624176,0.7614484769934664
-0.24428540939949797,0.35714243044813476
0.8836498713733255,-0.6009174226567953
-0.33499363889162875,0.32203561030524974
1.7344164027726365,0.5968332169418353
0.11791476630704036,-0.8425783071539956
-0.28091134195102846,-0.6273372320264713
-0.2779185972414149,0.13381340001171427
0.15560879860176702,-0.8216175552933285
-0.21176798072047384,-1.8866475113302679
-1.1161087837955173,-0.12976275045183958
0.38733950235419384,-1.2341436200587712
0.7804330775305064,-1.3913915818210938
0.4161839000434078,0.020379598036439277
-1.4740737563413338,0.1060174088658081
1.0879121930439524,3.987687962513999
-0.7877669517851847,-1.4512876802166363
-1.1596518593698972,-0.9145834336655299
-0.1693965567698972,-0.8329397859893547
1.487770836014169,0.17500891977038668
-0.3431735440538823,0.772754282207961
-0.24747741876043042,-0.00403598041086614
-1.7841204944907498,-0.9489673777842916
-0.5869521047287114,0.5950895293590808
1.5625552510127765,-1.7906410864745914
-0.4304463680805912,1.6594293864541212
0.07260295706228564,-0.5430724623382648
-0.8518172117633462,0.12594780864928967
0.1987307273875469,-2.2897235983393696
-0.9813235958018777,-0.7618564971304578
-0.07846914590834618,1.4443140106815153
-0.9205394597926752,0.3173883576777222
-0.27688258421015816,-1.4513343419870854
-0.7401682572043883,1.738358375215635
-0.9327862210287203,-0.3737757235107824
-1.440937583469209,0.7409854870642748
1.3540147942396752,-0.5981685963731673
0.538582040269595,2.5992313561105003
0.03788466232238008,-0.5258493260125612
-1.2866322251751046,-1.3342565820999954
-0.17451978627172746,-0.4222631980889163
-1.7654460465679505,-1.8117333933474322
-0.983750648920309,-1.2427171032404902
-0.8323526060917638,0.4747571326188095
-0.7507464535344135,1.3482213558785223
-0.23167010170885424,-0.43276185674503687
-0.5634427099985811,0.3359079218317986
0.5754256536184618,-0.11648567405092305
-1.24041572795475,-0.3089512984650931
0.5165156404741467,-0.6557337513896838
1.175958710814288,1.0018480823370712
-0.43812216858519115,-1.6158180280579373
0.26474403519498374,2.6006498599550945
-0.8720973489643394,-0.44590497686214287
0.7431696423998866,-2.870122373797451
-1.6607759415023684,-1.1420809158834275
-1.8768412542846122,-0.1239925121649794
0.2393640543271611,0.25119186359302725
0.8054263743189106,0.7083133485314463
3.3556688596682576,0.2727215034811198
-0.04796584561039141,0.19823904228104994
-0.25181510916313227,1.8831209240210014
-1.4423243438440592,-0.8433432144338641
-0.6075956739766302,1.7376489790405025
-1.2998574127712914,0.9572943900185805
0.5967622694416421,1.3303358599267618
-1.3075468799595198,0.011435273174636882
1.7857924123102684,-0.16161336645056715
-1.4640742744484483,0.41516640188638226
-1.2248434702542206,-0.498253897732311
-2.2243053000384916,0.13137580610563182
-0.011188755211173414,0.3053219179206018
-0.17937509016055234,0.58663982553544
-0.8295541808859019,-1.3860568144294745
-1.1278451732390484,-1.2221886268384305
-0.6353473705624788,3.0611288083080006
-0.05203095044380428,1.0948099281714565
2.9292010458076834,0.901962978445748
0.23878972573491852,-0.4491417572891875
0.06293822679966181,-0.6029694730504347
0.6733328155493925,0.239399047763588
-0.7199015265622635,0.9859746651494713
-0.33231297459105696,1.3726029726794227
0.38957763920969385,-0.8866925230262217
0.8078472946465233,-1.2701534250623254
1.4456776925598807,-0.2672133475162148
-0.3077513113908317,-1.9571081889879245
0.46096240411076195,-0.9346171213061065
-0.352682121534364,0.6739348037259172
-2.0103796080785337,0.5526406412639052
0.14023047794997848,0.3663003349435012
0.965421991147209,-0.45750476658901756
0.32080430044058433,-0.37156778854224104
-1.2922611819489769,0.8980583923744054
0.02614665193534403,-0.8255183211972819
0.5253090762413758,0.9801530864820155
0.308777740924215,1.8026036911630792
-0.11819417016746453,0.6587849158569149
0.006126463847206642,1.870003097206453
-0.14030958931258825,-0.31840593921906746
3.9847213361825427,-0.372156430331494
-0.21857480603456036,-1.7491385283069547
-1.5623321748023882,-0.16637631280016832
0.5922922381272555,1.650012266143729
1.3562887404993644,-2.957076511813943
6.530172384684568,0.7494933807239772
2.805438045009667,2.0687424950648823
1.701338260493642,0.643529885204432
4.481415117969773,-0.5055556337449741
-1.2447037475949922,-1.1749215042440342
0.4174381702623874,-1.0467076685293806
-1.6871484776789065,0.07500210558497453
-2.034016379081407,-1.0031675247402743
0.3206999540527979,0.4154205478955824
-2.2148482174073125,-1.2523525630376606
2.011718641862573,-1.8041285331879982
2.6360357102476155,0.5762204202835275
2.4490711812625032,-1.3756671257487931
-1.3188783230659955,0.015255667049062784
-0.7204546711750883,-0.8302512406017903
1.711732308578231,-0.6402686112694027
-0.9334886631284987,0.6935976748975246
0.7520190230686076,1.5812345567572723
-0.25686429536615063,0.23101810150527388
-0.12383499688531924,-1.2783186918803433
-0.5211822839883778,0.3150332217996301
1.3757953090618553,-0.4645043902196233
0.3876822196460133,-0.086246845140132
-0.6758833177177681,-0.343955884642798
-0.3155780556367966,-0.42400200425157947
-0.906562188068618,-1.7854737641651997
-1.0539794920619132,-0.8371781773076636
0.37307158295807985,0.6156127186912541
-1.2853538429329796,0.724768773133831
0.24033345436515952,0.3694773682990511
2.906984377834257,-0.1054448467954809
-1.8431353062216722,-0.2127584362587797
-0.9599617524790128,-0.38134419201717557
1.4179523398779696,0.4691882498708416
1.5190784521664165,0.24913487349755206
0.35345096195917847,-1.183248067534978
-0.43691765676760785,0.20914617913303027
-0.9118291795738316,1.5591258253489244
-0.4978970538189283,-1.3728049262351778
0.40324450591270267,-0.48201832075193896
0.9413204737103107,0.6481988129129708
-1.5636280995390412,0.553029929320724
1.318634783207029,-0.46033277122160426
-1.6951335624938608,0.7544474795876486
2.04153028915835,0.28277773693641794
0.7628651897346769,0.2905492566685955
0.7169024258351413,-0.3347311945862643
-0.29233611454750125,-1.0213688380441734
-0.4268333966664112,0.7210455359368635
-0.591253723680813,0.18795389951905345
-0.5348356951502325,-0.5624481170969114
-0.2324970444482933,0.15453583572108928
0.45276382009044636,-0.8785416111392023
0.017330991591695315,-0.24847228552298853
3.662439453044029,-0.8713462720273081
-0.6072877666853006,-0.4907119913676037
0.6868869028135547,0.9872511170089212
-1.8004447414813223,0.5294045477176584
3.557208836505493,0.030826913938712234
0.37363484547011855,1.470715906943113
-0.8603461835365783,0.6678347138975681
-0.30710880081452063,0.8955385558640145
-1.6694512891897144,-0.15788359622710293
-0.26545994339003476,-0.6056966446302496
0.9319935076295414,0.22316700029745193
0.4635473058359438,0.4186115074928184
-1.7337396771767217,-1.8768740714425929
0.7560746677760511,0.5400144644816353
-1.380640176061262,-0.9081945493485369
-0.40684081163085944,-0.9202306281620037
-0.9635494899365076,1.7076751195265318
0.3581221751283951,0.7998021588986649
-0.9269571601656765,-0.16397181866500757
2.3311472555907526,2.138084040498127
0.0685315861682549,0.8924797775157457
1.5533167586682575,4.669184821406444
4.173642184443836,0.5911993930742587
2.7206327433953854,0.1727019541645898
-0.8443892390590606,1.0072415773941952
0.1550206591378993,-2.6477145901547936
-1.2852869255595352,-0.2945078749142813
0.1802095680848134,-1.4009523222692868
0.6292163521332673,0.03841850667899051
0.32391667706748034,-0.7340632512405938
0.3416432061124554,-1.7360678236710145
-1.316265775932418,-0.06904769968887729
0.4949628174784785,-0.19213200353493454
-1.630383661487181,-0.7275433738065076
-0.28787418753283883,-0.40488473844783385
-0.563173702554624,-0.46555261993766567
6.029492628507108,-2.1065345430089293
1.4063746834663917,0.13219722544838544
-1.6037950267316115,-0.19080075377974612
-0.8115146392824036,-0.16133428427122187
-1.4307274741611407,0.6934269743555979
-0.6945597722205521,-0.965834217571497
4.012920137970026,-2.6328272469817224
-0.3568027335444584,-0.3534768107076877
0.007400511979773185,-0.22365760565801696
2.664935121721535,1.0671853182895386
-0.7815081417341531,0.19186988911407268
-0.4510528999260467,-1.2155006960684733
-0.7989418380795501,0.16164654321745892
-0.6963001456965557,-0.22310875308520717
-0.32347668491892684,1.846600323983036
-0.6402604585177473,1.7288115125789494
-0.31296878020535024,-1.207211581180778
0.8424667506176209,-0.45178706561274223
2.947007453108491,-0.05545331063755745
-0.2712707010958327,1.4946009603494022
-1.6201998288631545,-0.9143975679203624
0.08300255982721573,-0.36677073105708297
-0.6877395637824965,-1.6992424492786622
-0.045359914746356464,-0.05067619687718613
1.67786529155004,-0.9699900827892977
-1.056038054211018,0.5971709997880122
0.4977701034660778,1.241590066315438
0.09781995550122037,-0.7001414704871116
1.2307997507592414,1.0887285141473764
-0.1842512008352208,-0.053966701065410946
-1.136307611596346,0.8232440908877963
1.329327777547232,0.19011984980346572
-1.185243376577309,0.6356550753875203
0.07695332887182425,-1.638094658889739
1.533013152698093,1.1869481971557259
0.6370416746174634,-1.8071546943235761
-1.5526816260207827,0.8698942498108491
-0.4725193628263445,-0.8282450198802485
-1.7282012725144986,-0.6928030701040242
-0.5477494532874345,0.5382122363029186
-1.341808190156695,-0.3735458560575883
2.008390098668114,-1.1068821927959998
0.009870555756490486,0.8476384810526709
-0.5071797088653485,-2.425278398050482
-1.661389387386449,0.48549750342534653
1.3179712249979978,0.1392413064317555
0.08399952143107363,0.4206862610232416
0.4925285655560104,-0.03534992371382297
-0.9231137353785318,-1.536733688945227
2.590430530195192,-0.6912521543345773
-0.4550131962416906,0.2914423522920452
0.3088646215082866,-1.7094985226669182
1.2854650680706028,-0.88498974924395
-1.9573805222490976,0.6691078748651907
-0.4924836335032913,0.724963724123321
-0.09247145371672436,1.3995226741551157
-0.577651547625096,-1.4103297680701856
-2.0216378913484405,1.5454606162146238
1.4785132067143614,-2.040362123473308
-1.1772859689953923,-0.31617948997022066
4.940851976226778,-0.028572875206890044
-1.0904474348865545,0.8967633557597562
-1.6154903821293507,3.5222199907620393
0.8340357894950293,-0.8914488866244906
-1.929930450468832,1.024347349408296
-0.4765526612665101,-2.0431381611558415
0.09676612340447917,0.13766352017055175
-0.2837654060156678,0.8257164711076806
-0.3907535989079691,0.4839470228866924
-1.6519778741922182,-0.0739838132665697
-0.477363319255455,-0.2712203242510373
-1.010884830744741,-0.5282116358957961
-1.5571812551619801,0.22400966218403073
3.4785199968944758,0.2150113655243365
0.5092066496027882,0.744695403722153
0.48072448912715615,0.252608797031929
-0.28040850479489265,-0.23988205416352634
0.86426920297041,-0.4121493342614651
-1.8983877520339107,0.6886042254920997
-2.256238020375639,0.17937281991414883
-1.6584204858184486,-0.019601243759351527
-1.4033188300245305,0.3446006066840176
1.5843099832688434,0.4739014415203892
4.125016352373449,1.1014620808061688
0.031085750953005184,0.5496903519098572
0.6797832252071025,0.6238113613704915
0.7394840903494376,-0.5524333915890535
-2.3047626726395185,-0.35850294128876437
4.0752112666216656,1.7327545675034919
1.3468466872493772,-0.04343555281889855
-0.07112292508103982,2.2316438684904334
1.5761956685360883,-0.8347122799199667
-1.445306192882343,-0.09099414345545935
0.6303006586076072,0.39917563826303587
-0.9766649951544459,-1.5399946701688034
0.003295308908657021,-0.4369160342093402
1.2539373907245024,0.08801533322974105
4.602210001233984,0.5285926560709687
-0.05997362120997182,0.4225872303438644
0.25191470375875236,-0.2230564112324733
-0.0337020770049284,-1.6638101608264515
-1.5137148950422232,-0.15282981088321537
-0.4953140733380771,0.14420237893113244
-1.8007221641223006,1.3846615052538134
5.4842414251980145,-1.5264933459519407
-1.7627649142491932,0.6863430323337089
-0.6924339357802314,2.926609372668925
-1.341003232798877,-0.6146537495335459
0.04276800499440334,-0.15193535886421206
-1.6093911051157404,2.101010892791178
-0.08309336818224886,-0.6528208329322395
-0.14098514790262684,-1.7104392031728877
-1.5363254200733372,0.23079177028422945
-0.5634339595110305,1.5485814836217224
2.3731476539395957,-0.7971766435769847
-1.5911639985738066,-0.19662926453265994
-0.832555732234169,0.004347632478978122
0.1489548779624724,-2.1978735709065846
-1.964533868612995,-0.0031919294704526183
-1.0586467972135927,0.5736513034649372
-0.6560857169873743,0.992695233382611
0.9361595020899697,0.8232632137240139
-0.7987718414972547,-1.002464436004096
-0.17953714175467986,1.2334070010814624
0.05566439427394746,0.1627604369303229
0.7653952452273092,-0.7670740544588388
-1.2317392916990653,0.5379074921002063
0.39640381526199847,-2.157694929803217
-0.608603588285475,0.6955353770209086
-1.8538320919125768,-0.9104922373914092
-1.0452866399367058,0.023382446893294915
-0.9938442662943858,0.36147913670064186
-0.1826308200165061,-0.7620728127429642
-0.6544283905685034,0.36688770175786745
-1.009961977014237,0.2373365879011382
-0.7025395299203767,-0.16751987743291663
-1.193536613489809,-0.528885500434741
0.1456705463054068,-1.534374269858182
-1.7111633272575408,3.664449802937068
-0.8744154870371491,-0.014962788224872929
0.8628725082689054,1.4231658626980943
1.8643118789717448,2.1037272766422475
0.8936729781973693,0.9393927749387777
0.8058262129175371,-1.1481947380023834
-0.542241432988085,-0.25187954834754084
1.0027748436689572,-0.584405992911295
-0.9584268997062375,-0.21272113629903716
2.742168904056947,-0.2477609627884675
-0.3125534471225598,-1.4032861067650737
-0.9188076175467533,-0.9511560127277968
-1.8703264834115516,1.1208505728598708
1.5263436772777994,0.14640318780731168
0.9609582805693702,-0.3325725942179954
0.9236274104579271,-0.0727051549740679
-0.7905727490730601,0.602409801506478
3.699343728337541,-0.8586563335740306
1.811737768756424,-0.9434776210731161
0.36685457941910427,0.36107736778642147
-1.3264728326798214,1.1157708321678559
1.0795154949140189,-1.7776385536993782
-1.953973701008517,-1.0067540503901706
1.028567691977158,-0.8906046249423967
-0.5964937522519909,0.6122928356028717
3.341051395958808,-1.3086717188032033
-1.0051708180155476,-0.40873281409984014
1.2041627022833994,-0.8976291872681106
-1.217139660522258,-1.5172379190549425
-0.3337013558121163,0.19839472334416264
-1.4340144119855942,0.09260861183624373
-0.8856275472890177,1.6585173111905138
-1.416930884270901,0.06859724105400353
-1.666428902293741,1.676275117125362
-0.3357025339236377,-0.7056920325162107
-0.770530169106441,-0.7931081744982135
-1.4119799793758114,-1.000245419894091
0.11332438160635155,-1.2685763858908747
0.09494977252276152,0.029108885967738946
-0.5610549237489125,-0.7187196763753312
-0.29501905121766325,-0.3133027908177211
-0.21762684768852303,0.19962850165212803
0.6202697458463045,0.03304449112815195
-0.4457517380775463,-0.11471762571234742
1.1985707468485038,0.4500142551683898
0.4316035641462238,0.6471080569007535
0.6457184776063577,-1.3435412106947775
0.45862183200704093,-0.24244064696307366
-0.2676294100766737,-0.007223357371494397
-0.3983478554074787,-0.4858471453693685
-0.28112912340184504,-1.833270884267436
0.0499020985011529,-2.0743585969385667
-0.40564210964606423,2.7156168018394715
-0.26436838720095485,-1.0024919207086675
-0.061305199014669395,0.744470112565359
-1.1309256087015631,-0.38926360398920135
-0.17343613047810436,-1.3185439811129078
0.6934338099336733,0.06544348834992185
1.5185017571466821,-1.006985903529626
0.36852952863978383,-0.306404537206136
0.24627336989752974,0.6381293544669546
-0.043289386732442536,1.2187640607497932
-1.150808305630903,-0.3193162988712529
-0.8246604407132031,0.4346280236007776
-0.016881157195130416,-0.20981247832614217
-1.2967356745486607,-0.6971563082997033
-1.2756276558547925,0.38837378814145807
-1.0497055588313313,0.1278449471573809
0.11299505192789291,-0.7637294508861221
2.4556382293263996,0.7675915232537169
0.200633060975129,-1.6191733467771434
-0.9480504242315555,-1.5527783603364747
-0.6068596153620078,1.6930908390359785
0.13227177240984392,1.3874331572446268
-1.7358025848179388,-0.6624323506612049
-1.2581954971156566,-0.22340521961633994
-0.7510873983003732,0.5577361444895598
0.014962129954218098,-0.9711694825131214
0.9854810883663905,0.6338051287703133
0.5834223598032969,-0.7436248393582814
0.5878460588104383,1.3425739233095613
-2.0613211588049247,1.3626453572657604
-0.6621647124939437,0.42135354941175096
3.288808905823163,0.23785737552614714
0.22153805281464262,0.6927360035374389
-1.0324299193367588,0.9025436407497702
-1.6946080931148952,-0.47806425006509756
0.1049336021470141,-1.7647677774979553
0.415541776417795,1.6587984760446126
0.4669981910929077,0.10133023144550114
-1.4546444823755365,2.2661243684890513
0.2343896931851587,-0.966330689720357
1.2300518618305565,1.829242868337249
-0.1784906596816758,1.9073584946697937
2.8067442429290295,0.6605918964956952
-1.057453572922844,0.04721043433875511
-0.5114102650003175,0.08831359274392488
0.02521075798548754,-0.4092799982940347
-0.26823409415378774,-1.0687466012174671
0.7168386528954686,-0.7646242487699267
0.4176287125458432,-1.613668462496303
-1.006308000509453,-0.15193240941804054
-0.7511818596327479,0.6858150334291405
-0.4157958591442479,1.1119571733851101
7.557815752387528,-0.990390897674089
-1.2906466166446884,0.437288437889119
-0.5953474133661708,-0.4978542704697433
-0.06302595085969112,-0.4798551914473693
-0.0961312653289079,-0.8631075637131889
-0.06904259008907407,0.1351094938934007
0.8244504603298455,2.7135204689609
-0.5005726556991922,2.136143600790235
-0.8077502839532983,-0.7475790109483034
2.0979244194702846,0.6323936668415301
1.6805759525747503,-0.7820245137943824
-1.3797034471571643,-0.5034247109511484
0.1552788947311261,-0.7070935395163223
-1.5818538923682708,-0.7194749972065371
-1.2723749627857692,3.2252256294911508
2.095294323106999,-0.7991861190494355
-1.5220562659311565,-0.7139522540080824
0.25167507703066777,-0.47431389732701
1.3881259383862523,0.1666696345346017
-0.6237052146405366,0.02613620367888722
-0.9010272360544685,0.4915262156232954
-0.1550119143050962,0.4647447486633985
0.010003876758937094,0.2767079313667219
1.7444584403818342,-2.1163039118703577
-1.1201831919182492,1.0377071061761127
1.242565498773015,-1.8401084620935755
1.7314054003725932,-0.37380975300245856
1.6122044165867542,0.27454966396098224
-1.0822594590405796,-0.4585468412014372
-0.6038170560230647,0.8233184652717167
-1.2196277756925196,-0.06859696889047352
1.738944611613062,-1.5088269289513092
1.5286757079640083,-0.9520089496236196
-1.3486892099487295,0.2294449303815878
-1.5543326797556363,0.4649516087307662
-0.5565732075537208,0.9072787471437819
1.9184919868548584,-0.2589581581080019
3.93049450027549,-0.3476313238311182
-1.8087546649188397,-1.1498281688327319
-0.6496461225633364,0.41036352723692077
0.048709942474062067,0.024933410975950265
-0.7198103371052162,-0.7331411955244328
-0.9352445741383818,-0.5218473265628447
-1.3497688078872057,-1.2788022659698888
5.186492936900283,0.0543953036438523
0.8898155846947481,0.2840124257432853
0.18192747998638947,0.20182001505143757
-0.09034642050273203,0.04353935204705952
-0.6486217913942801,-0.7419830638409939
2.331810760440922,0.7122041726654874
-0.07354314194769605,0.30211129492697114
-1.5068694657460946,0.1849492124521878
0.058755560038797006,0.0481499637461667
-0.4152831908005279,-0.6669202741851452
-1.4656239292551474,-0.19807773642057597
-1.0701423505744079,1.5582870788847807
0.09016464950617872,-0.879652456078564
-1.0634684135219472,-0.24887736464637852
-0.621508025891601,-0.1622177674707056
0.9363451743239243,0.4313520361574372
0.8339536476649437,-1.6623150211706792
-0.7022804402072939,-0.1334269604272996
7.902713241217436,0.39357007371950276
0.057074538553883836,-0.2539557077628123
-0.4111027445494908,0.9505687023750168
-0.20303533224557543,-0.34682669644281244
-0.2650291800302006,0.7029693281662125
-0.3491423222978481,0.11960515488411151
0.5178369568842397,-2.07666831290062
-0.5571757683760964,0.11103107553538435
2.4046742118580267,1.4501782009615785
3.741965291885762,-0.31275134370559493
0.8507887710909784,-0.7743296086229607
-0.8781832387410056,0.48636333901657464
-1.478673522037839,-0.3634799766124421
-1.3921949329909198,-0.8640209151955408
-1.264737839113071,0.31215533565363723
-1.7411857879590784,-0.8403112200426984
-0.40517314418441247,-0.3345050322983981
-0.6861929981126377,-0.9817939820139091
-0.5015048064500106,-2.368936791207888
-2.034075227995324,-0.13036246623256423
-0.05048127549026387,-0.058776825238738686
-1.1098635563703663,-0.8146583774032209
-1.0485877440964657,1.2818871139326684
2.4203415352418833,-0.696493128227291
-0.33917619672990645,-2.0042062997114667
-0.33118085650632456,0.1514673986731229
-0.7926290225527222,0.033755026610146205
2.7711687344914924,0.3311763140813232
-0.7703136056723214,1.0015909422990588
1.584706948039187,-0.046737825935715696
1.6446036557274208,-0.04136789713632882
2.103236979690328,-0.12092433627559677
-1.0732523471203121,-1.579286107332601
1.8738214737122658,-3.247941475587694
-0.01111540259974686,-0.24185667116445372
-1.1070532920060736,0.6777118422561538
-0.20030510817477754,-1.247791114970843
-0.44123203409768164,0.010950780150815841
-0.5374946162003769,0.08747340231312734
-1.6573639584409905,-0.5241058907821544
-0.07975510080202425,1.204852316208113
-0.9703001801035332,0.301487459496762
-0.18059247186763797,-0.06084299574377868
-1.1252402405399202,-0.23961942144781215
-0.3902707599338027,-0.3747887902629603
0.4323225988457324,0.9697167278271527
-0.09127582693732082,1.0176826096755083
0.37764508174041517,0.6320051059275006
3.254338066409898,-0.8221053042842432
-1.7614792834093926,-0.22800143102423814
-0.20505912031680382,-1.7626745833869355
0.09110753780886272,0.0967870087134338
0.9765120012062238,-1.1572559957231634
-0.510130715042048,0.2632300085774209
1.3778304669576313,-0.2680075166447467
-0.3528827136564241,0.4988790455940691
-0.6914763537754124,-1.2299549507154852
1.080141619110568,-0.9268424751531704
-0.7942544283595876,0.2140369866090489
-0.7790849722584016,-1.1623273310823221
0.09106944845493069,0.7765248570461324
0.6191793000703597,0.6481932637315373
-0.13589949090002076,-0.10889369580599825
0.389794542153469,0.007869457827789205
-1.3145960692856673,-0.5899907063084224
0.7547757265171376,-0.43273424304526
1.2818603786802776,0.791134078991555
-0.25075482604949095,-0.904940203463951
2.2715265535397666,0.3327240574010058
-1.1627349250616288,-1.1345146005305817
3.301261664395455,-0.7904058338655021
0.8722163061766688,0.6935683768653835
-1.8698703004253687,0.23141044865196786
-0.8817416404721009,-0.7349939810473721
-0.1987707488670749,0.7901785950701622
-1.3971322082292899,1.688437280378663
-0.3439205781356256,0.07920501462539213
1.5337188867212233,-0.12822004928208142
-0.7517178174491368,-0.11892254491980872
-0.9405203429055736,-1.0989706012568303
-1.1535250943454383,0.0684965348076802
-0.415869726546357,3.681162263073457
1.095772180319655,0.8986034016039071
2.841249627547325,-0.5138769692298281
-0.9136162557609567,-0.48821072009933575
-1.3274088389479937,-0.479016920880784
-0.3904458329146008,0.48936124899635397
2.1190124619400565,0.7860132891215857
-0.24652227504679688,3.534487529751449
-0.10240378420991517,1.1851967249785886
-0.45934237886584606,0.02920244961061737
-1.5328949935204994,0.2985766005982357
-0.240527997123244,-1.0997886031241195
-1.0879433242068628,-0.7397311919705186
-0.5664134313801512,1.331987809539621
-0.527780881901944,-1.4623074247293573
0.6863061108174775,-0.40321784901442315
-0.31703011408500353,2.7303942296420454
-0.7022229708462168,0.9505658444867005
-0.6764664899720589,1.1490698979853606
0.09586652898431997,-0.6584767310798861
-1.5245092954445407,0.664729547585956
-1.2951776366346,-0.8939200267354187
-1.626689232520573,1.2850813882539516
-2.032202180305903,0.014054453105154019
0.6656108377333771,0.12669251938749332
-0.7976814334005918,-0.11452897000788716
0.5595140640680598,-1.9941989115058005
-1.8909120508730985,0.8081315163807048
-1.0574361795821978,-0.3561186981291701
0.8004048067334193,-1.5490910548229593
-1.0718920408416148,-0.5629814138978649
3.0581967559592353,0.06649689305081562
0.8176559163673341,1.6464313545857256
-0.11915331544257608,-1.1184028057504105
-0.6072171192985589,2.3110497730435218
0.31850495397332346,1.0482421631786623
-1.0159677545423202,-0.13686699344514844
0.720401059010489,3.233932658627612
3.35736932871504,-1.0382679710807752
-1.3225737040052286,0.04984107928308363
1.4400394552689089,-0.7954536286054507
-1.295713144219018,0.8499804738120278
2.4084931709721222,-1.049706217321415
1.815779122570719,1.598523321783539
-1.5099112336444844,0.1207932823437387
0.26554900349322275,-1.2900994934650252
-1.4187515899548202,-0.6364541203513393
-1.0173776326283333,-0.7056746844311824
1.7879447342281978,0.1787227857245226
-1.0645601589154914,-0.7229847840985759
-0.26416511872284293,-0.08384431585777144
-1.0406351647851897,-1.185388341856227
-1.069776816603088,-0.753067359266343
-0.208114295074135,1.078202359478901
-1.0446284054329016,1.6216274324100155
0.10738913222258731,-0.03093051445906471
-0.571521485062004,0.02877761687939374
-1.5734257248900636,0.951941429984216
1.1935674295162475,-1.537211782369873
-0.4744425746408596,-0.3596876540669336
1.4437542156855858,0.9415792655893388
-1.7055101797688346,0.5977003861096112
-0.9327430764043202,-0.5228307246684001
3.3087256489652144,0.22911169486321567
0.1848487634333463,0.637274207281039
0.9247893697217848,-1.224318505197986
-0.14720692151900439,-1.2304239406739859
1.4533871505736484,0.11353594188499064
0.35902373112553565,0.546798333378967
-1.2729910361264598,-0.5696492631640736
-0.2816415457558613,0.11456464835729022
-0.38186448428190267,-0.8821818929452204
3.668037450114828,-0.18008660957443495
-2.0730546438447766,0.2148562616456587
-0.8370946961675682,2.544255774949156
-0.05440509033550497,-0.30763245632910496
-1.6387112622992863,-0.1252485368717738
0.05942750348035595,0.1996543256252689
-0.40384939092128364,0.35851844313054904
-0.28984486669340076,1.1147547720813886
-0.1531646534409584,-0.33822759205236
-0.7666554365909035,-0.5034259433431837
0.1423029936703063,-0.4946330768873387
-1.7351443829619222,-0.9077410029337089
-0.6417197671014864,-0.24016032038586765
-1.0074999155572508,-0.693799833536629
-1.237662554187693,0.8259085617887457
0.9931268862886287,0.5161494995313879
0.9280051974409882,0.5475560311739582
-0.28605558069749165,1.4152420706485214
-0.6567332854456623,-0.6615133919572636
-0.6533992352541325,0.13644873303709423
0.4514690115038217,-0.9469808414375999
-1.7664594175491017,1.1751607583866381
0.803936537504996,-0.6555101749016612
-0.5852999398794022,0.021740478137382342
-1.5917290787997458,-0.4014592192129649
2.3182079592997358,0.4753192535856751
0.3158024459992709,0.6456626976732807
0.8886251888434198,0.5458041559855596
0.65181058699091,0.8536111730760634
-0.10097955404987537,-0.11716870485378963
-0.9795861832844495,0.7246572434657502
1.192204786382618,-0.4113643592865698
-1.3537741089623343,0.2931443014737757
0.5781226980661643,-1.6330702445281349
-0.15564344829343138,0.19324595367387745
-0.4287237219710632,-0.0497521950595155
-1.993286185424309,-1.8277455363641637
-1.0153615912512592,-0.09580534060362372
-1.9111344950547682,-0.22516824124762708
-0.9198050326211377,-0.9935307597306101
0.5345971646995372,1.8389831241624484
-0.2007378442007389,-1.9593667665231376
-0.7321248584294212,0.7223626248427943
-0.6271434854229153,-0.9986462067724093
0.02437353994657661,-0.14232763128853215
1.4334500026060832,-1.9209674912005674
0.4009676088139849,0.14310906484995467
-0.833260705471634,-0.006239414161302288
1.9482486077482364,-0.6569158586555015
-1.1732944745132665,-0.24239803037412258
-0.4817219700674376,0.6680524896504952
-1.3717162102318436,-0.17440280112547038
-1.6269535826956378,0.37811301010913045
-0.09809618997874033,1.0417602931652528
0.9638263405841678,-2.0727968127586034
-0.4395874936486849,-0.7340178003498423
-1.3489082756698434,0.768810972163536
-0.19923200809160937,-0.7576007221077018
-0.45167847104970416,-0.7429716379321483
-1.8059879640202543,-0.7410117181612128
-0.130119009425682,-0.6979581431897666
-0.9588230643451531,-0.006775114757197907
-0.4288213833302506,1.2134986340387632
1.4332663683025677,0.3461086046337388
-1.4943045004720468,0.16697417145841065
0.2273700551483588,-0.900108486279549
-1.1756947904586914,-0.023199061008774547
-0.15151607059139546,0.4293919044689537
2.47228658307338,1.7605262150564511
-0.639713418466808,-0.9487283444670777
-1.2582529201479469,0.703266585605456
-1.2165785310211112,-0.8055030682855693
-0.6528049417618498,-0.4558515077338511
-0.5395901896006926,0.9204445632726246
0.6677161876392503,-0.3121564718278462
-1.6553459133467452,1.1859541264197502
-1.9299698157395282,0.4970950271941083
0.9002412540356877,-0.6903240880438384
-0.45181178078781703,0.0175550263774389
-1.4185568635234749,-0.728694721628267
-0.38741611699648826,-0.3394261021441838
0.6549542450905314,-0.18357125408559993
-0.21927595155222177,-0.014372154119522659
0.7037954532582212,-1.1968037999431644
-0.31293727210647776,-1.0797442474022207
-0.06874578605972652,-0.6175733288956151
0.9004107044086949,1.0386372368893566
0.5128633054402719,0.21057903072724277
-0.982298204912854,0.8589595715682836
0.8379502207683865,0.8450332937149768
2.8161056454062194,0.7541112709749671
-0.8334238411125112,1.2261849475413764
-1.4544091407743662,-0.7084931747415398
-2.129013432255082,0.432914115891225
-1.1934475831783276,0.6139039398274994
-1.3256632737817555,-0.19458403506309788
-1.4050030418878676,0.711528098378704
-1.073489422998844,0.5389069022907678
-0.22502036143783258,-0.6313319885888544
0.3145493369670611,0.0017194870258223432
-0.9455921365207165,-0.5413020835273195
0.39352127957305777,-0.531061218288611
-0.2824410624783444,-0.7559918293526009
-1.695888048267823,-0.6240834043270449
-0.6210046070836506,1.4528243553650704
-0.8004334236337053,1.2539116057280135
-1.6248160609983646,-0.7493004077245187
-1.0488441691896457,-0.4435715802596468
-0.7756667071805501,2.1845516928407647
-1.225858479021136,-0.8587146512455417
-1.3013087891188326,-0.3037715943793016
-1.3837036579990323,-1.5767428710725033
-1.6060346775215575,0.2828838131280884
-1.3068101346955057,0.037716847191035734
-1.15512405027208,0.9850870744842498
0.3109666336568241,-1.5427965471366774
-0.29019227605407927,0.23916227303885568
1.0508544076783768,0.7540510328176872
-1.2684307571173605,0.47350895463697257
0.506452856038193,1.2000780804983886
-0.5908217048182419,-0.08144688118937936
-0.25366768038249105,0.39184617110548153
-0.2587615070072048,1.0208690131980047
-0.27570932956714145,2.7754551056811967
-0.5507465648271788,1.1360637954176813
2.01105623964355,0.8200491853665
-1.4511391498974664,0.4926761443574237
-0.9271794885595329,0.23455082315674292
2.4047816030115574,-1.145081023172743
-0.6193837695426596,-0.2727711670572244
-0.6744934832280548,-0.6354212397160218
-0.5844389418045701,0.8193417771692881
-0.03689222734394322,-1.2998556741149951
-0.626348573023064,0.12510614256882588
0.21353841158992026,-0.12783757703592435
-1.610197187202242,-0.6281752799447363
-0.5355112719166721,0.2234624311312721
0.09128227348788688,-0.016603852375385923
3.3404109762769507,0.07097691883062118
4.848839856992938,-1.1400457775256057
-0.13327742919778246,0.17887766358548737
-0.7584719764314065,-1.5520423492524071
3.5285316153617767,0.11434157547431553
-1.0071806218671633,2.312771196793435
0.5580236339272725,1.323218794292486
2.1904897120285085,-1.9325350204071317
2.558601822124078,1.7477171037164825
-1.2299699842417633,-1.0694775820434725
-1.449819452614956,1.7176771687633179
-0.11741276811410192,1.4738737960961983
2.427014430490702,1.1519310075898561
-0.6788169037858118,-0.8317886456557866
-0.36300309909248685,-1.0358393712949505
-1.1369648386714408,0.3315560718443896
1.0101516106287407,-1.39365777609273
-0.1981670161828396,-0.9692889367775223
0.26737176855639977,0.8365309484775854
7.147420862248165,2.4415343484792693
-0.9159358181084888,2.085012813890516
-0.914486455781414,-0.42173515942457385
1.1986881427232008,-1.8472336732509451
-1.4545019289382262,0.06596236659191888
0.13707658647937854,-0.48070018397516795
2.286866456267367,-0.06350352352822947
-1.2429751941760323,-0.7885831468405804
-1.5942517921730266,0.3943557590604217
-1.2128160051405907,0.26213182763856774
-0.9740274503190512,2.2575460708159008
1.1768196871059475,-0.08254119382594197
0.1401449871033421,1.0484383627193787
-1.6626279545301836,1.6189142905930973
0.3681978269487927,-0.04896320836852086
1.6079983120217094,-2.003490562396559
1.417175588081603,-2.1415137946455096
-0.6375245754975196,-0.8447268627096298
1.2639070182388654,0.6124737392407615
-1.8289560802982237,1.0362873750340658
0.5875089921714236,-1.3343245330751907
-1.572871680267405,0.6241358343965612
-1.1877526023238618,-0.6604820478759282
1.0620935357714254,0.492005718862972
-1.9664418494404843,0.800952796210139
-1.6849520591753688,1.3338214379900082
-1.3200585089127956,0.006238457142006179
1.8140942592093023,-1.2276531294805786
0.9384273694686963,-1.884051785802176
-1.0252821505292251,0.7472359764849513
-0.8183314884084901,-0.34828397767515384
-0.08209543858938415,0.8772418170136588
0.7268208628288195,1.230277223136871
-2.0212128857455456,0.9845029578902401
1.464491540605106,0.16258622723646832
0.22631378764703572,-0.2409190892676259
-1.4094674920407173,-1.7577866082628024
1.2791301119521905,0.5631419516215469
-1.0228138817727344,-0.27469489067339686
-0.30060104463382026,0.13358453575000434
0.9928532612966182,1.1339559982115426
-0.15136170059951898,-0.045637875403011764
-0.514000859804306,-0.6170102991312526
0.9573501917604047,1.113883347603434
-1.3253204193702743,0.37130404116613347
-0.6011004790648707,-1.301958558300008
-1.8412899732677641,0.5067957906079575
0.40514101650349515,1.9868748737540838
0.1264919553316245,1.039201734238343
1.1052294666457845,-0.726658090952885
-0.022408664145289515,0.9373089356445476
-1.1178337142104953,-0.7637017908178759
0.9808232659531302,1.8512346162989104
-0.5525069595244458,-1.6683321819307124
0.3918631051569819,0.9455667207989842
0.25685594552733526,-0.7412460553534789
-0.7222973397410635,0.01993474903342683
-0.851946022145217,-0.25106125179513894
-0.2889676703334737,0.124303707677064
0.9760977051420915,2.4871110761679454
1.2113785550911669,-0.3084093207118958
-0.5285950223515606,1.8679470464354517
1.4711844019776017,1.0937804306585812
0.12841531897622516,-0.22953395253697917
0.19179038327840928,0.8415819627678375
-0.3552239505207631,0.21745804132189422
0.23094045066623825,-0.6016680064657571
-0.533180947231869,-1.5432118740210785
-0.5587953030099413,0.6713119505405728
-0.38115266217407956,-0.831153872002939
-2.1484555617980714,-0.9470448862478092
-1.4434517271436116,1.0723489782771656
1.412236541392602,-0.9593249209692585
-0.8630992950931987,0.4372133536511817
-0.3289167644042491,0.49186504983240736
0.32458922989437644,-2.1432590669324267
-0.84916492884587,-1.0223390440912041
-1.406396123388176,-0.7381440272699608
1.3417503344703574,-1.8785460024479455
1.7710084546423015,-0.03674735210377762
-1.4760527040700742,-0.42490861659294854
0.6493846876860794,0.5010344301050812
-1.7402591796910543,-1.194285436123987
1.2441277882862791,-0.308450678139877
1.653773150620564,0.27716597340575283
0.9279342262265787,2.4512035044223217
0.1505843416538413,0.31231327795086145
0.10102815422430907,-0.2532347501827205
0.9498322621715061,-1.1914635534156985
2.107748770583085,-0.11741631369324632
-1.0148773717967068,-1.0789244847271489
-1.4290131678103135,0.14070236453861376
-0.7128543686377438,-1.256924855536285
-0.34350507797462315,-2.3381789690360186
-0.4357209828198368,-2.088918716373189
-0.6494549038752171,0.5473291275123199
-0.11999273347997279,0.33809806578466384
1.9827733093253213,-2.2606582319434234
-1.3062251977701018,-0.34559083753324304
-2.0020164147943564,0.09276737343162
2.1801971057126788,0.4160333620762142
-1.441578529092908,-0.2441317421926498
-0.21036435069115517,1.118177249132729
-1.545889262617815,-0.6727740220698246
-0.4575393292915959,0.6009940931697316
4.832485046706753,-1.6166066649133006
0.9609986910321043,2.3984116175384766
-1.8247248280907746,0.5476570000316368
-1.1604578028278483,-0.9672559578267266
0.48832746485096495,1.5876222084800442
2.17710700857873,0.5912754990496556
1.027772356214257,2.5547916121534606
0.5731640444637494,1.0838888645558773
0.6490413235075617,0.4150952784415898
-1.2886180493421453,-1.385408772102251
0.9272370815019609,-0.5878174349988494
-0.6441541307297931,0.9894261782456146
0.5033089409036852,-1.5724878951832497
-1.9569544136864756,-0.5649021996724298
-0.16452085966976296,-0.016708883047596948
0.06622596820692805,0.8881669965046478
-0.4914436662779788,-1.7111001702560764
0.4821278053066033,0.19407721246321474
-1.3938904954167417,0.12337325548704914
-0.888490827788623,-1.3888239135748761
-1.4586682866634946,0.19079916817308085
-0.9395542176599495,-2.1720869012419524
-0.791747298789467,0.32614686859576947
-0.7193148805990519,1.0193305935572206
3.909956470888475,0.9905196344136791
-0.5790136612457887,-0.6944375096519361
0.4175514803530275,-1.7905405336849298
-0.4422915256955615,0.31612192539168166
-1.1488453171465076,-1.6880122138841565
-1.5784663273537909,0.5774170115039694
-1.2560634513733924,0.1974358304058112
0.8025140902643562,-2.469280082298991
-1.2028190450020788,-0.9803979677851286
-1.0664412327201995,-0.7764395944003619
3.6408866593302487,-1.693865890302628
-0.15916163901518718,1.2207620235943797
-0.9649534337637522,-0.18124569912652497
-0.6424028861228196,0.05023419876477797
-0.29824981414279705,0.5186786969631731
-1.849702566054523,-0.7834758396430795
2.889776574097261,-0.3297913202137982
-0.14154684731740702,-0.6641481104872352
3.6576611868621867,-1.7204214226337387
0.10505458381550489,-0.8608304497288202
-0.965725062255226,-0.11286302426443993
0.38618220857522817,0.38137623751259986
1.7267101442800499,-0.598787005986603
-0.03530327223418702,-1.0951536852054216
-0.663646482388873,-0.2187288836055729
-2.163234313220973,0.4922760190688388
-1.5277982698828958,2.4187496263468264
-0.19235549837706564,-0.912913246402512
-0.269426520623625,1.257163201644641
-1.1406912323464942,1.6634824439503129
1.5759351543501214,0.3726485074313241
-0.14149390710378404,-0.2797789476040456
-0.5764723321876943,-1.4742639053834243
1.3624837060078918,-0.4875229127955294
3.433612867657565,-1.0665727863995045
-0.0972503587792221,-0.47756350467520603
0.22160690892086787,2.0048209114498374
1.861286111588424,-1.1154946502427965
-0.34127653281105735,-0.47307056554524646
0.7375035743220714,-0.42206221375701297
-0.31613432817424125,-0.4810707243298503
-1.3272285296957864,0.5792203167843869
8.997900689850995,-0.6822273998901209
-0.6629425816692588,-0.2399758130108776
-1.0192942351554717,-0.25872355175622286
-1.1173759653927893,-1.8727032666795957
0.8597599405918763,-1.2143386170062342
-1.1864051368913995,0.7589277611910382
-1.766411740801538,0.9969575913438318
1.2971156085940025,-1.1937091515608809
-0.7521860964549468,-0.3941964979571061
-1.1139787172100422,-0.49206975048372165
-1.5823279822883491,-0.45788910718324244
-0.1770729903749412,1.008596214336678
0.05612427554669652,-0.8025108479730325
0.15239678295085876,-0.5802708408820204
0.12306124250032295,2.2153354599893245
-0.5398287602911163,-0.5882727013754643
-1.4247326076026015,1.4242666575588208
0.20939408370048038,0.4039089134059391
-0.7082326870963523,0.646005823317583
-0.28702214674895027,0.5829272036992214
-1.636462996114012,-0.1539610176168099
-0.9140953832053351,-0.4195664225176039
-0.7777719126466222,-0.5298692852218825
0.02253014642772576,-0.4999770118818529
-0.12703661286610998,0.5557606263137765
-1.8014318921673695,-0.48733251087070983
0.9538100820972093,1.5627182032186089
0.7905365816789711,2.370653761400735
-2.015537966562568,0.2069314146226229
-1.4564685008076146,-1.565987111077214
0.440017798009791,0.957369079958395
-1.510511352934888,-0.37062794174056446
-0.6508907339424,1.0900580125938304
-0.16453499029810825,0.4060010060752938
0.2956310005468516,-0.49728955467965164
0.7107500640165648,2.4143264367075106
-0.8357468136577312,-0.1979312355101656
-1.1457145910254538,-1.1132281175800982
-0.753651013066967,-0.10968396560804702
-0.25860729878440575,-0.6916462354218923
0.1313479175446665,-0.910248201459537
-1.1477023815582998,-1.7730935485663406
0.6595529250794,-0.09618877841849315
0.055752765438391215,-0.34255860271876215
0.4787063433250988,-0.13648113318231947
0.4509114913245826,2.6728446783538535
1.009557841452076,-1.0305849372684779
-0.636508042763765,0.6811343826830277
-0.15121311518559402,1.0652667188908858
0.09251867515909211,-0.22090557466632196
1.9907125087187394,-2.778808748698431
-0.8562953609530766,-1.4430262522675945
-0.5074548588884036,-0.698433808544907
1.3945494131221956,0.21111654530266952
-1.3600510254729115,-1.1971630904316009
-1.3292290882397635,0.3130367647519198
-0.2497422133102949,1.9306630564616443
-0.6420462665366666,0.09429649796802533
-1.568283335587976,0.19344558395131076
1.4471308723123328,0.29442497276249313
1.9201953575513853,-0.7889411850165475
1.5539363820008685,0.3108274801534213
-0.07749396713549858,0.3191150374939413
1.1630466987118298,0.8146940113827663
-0.7298437486626898,-0.13034706241048824
-0.09237206178538804,0.9153519425341694
-0.2580344732950248,0.8746975455987189
-0.8322781803283549,-0.6597740754057826
-1.6898463234606056,2.12075129273121
-0.05642084988865115,0.5052187148734872
0.3165806005276733,1.2875962890760706
-1.217168983953248,-0.4944884290495683
-0.6672493585784444,0.5974817382182714
-0.5309211345563117,-0.454643442169088
0.24886652195784098,1.0215091857327006
0.6800996247202141,-0.4761411420824926
-1.1296556298354978,1.6567895933902927
-0.48818724972148836,0.8336426474865388
-0.9764003697258652,-0.5827480605292437
-0.540050296165379,0.972413907255453
0.10835801001007109,-0.36867557559277125
0.8989808344568012,-0.005534800773163504
-1.6304360855223872,0.22629799493258987
-0.851661426912339,-0.13328766274095727
-0.026809911691301418,2.9245064026675847
8.17268389136082,0.12416653940833437
-0.1689859120730342,-0.49348451512706304
1.6224117127862556,-1.3097142620335662
3.0023739559812066,0.5887019020323735
0.6475607645891405,-1.6820025501952753
0.15205980780997164,-0.16031370783155888
-0.9886613541684616,1.0275093189757398
-0.4183831585487992,0.13580875763360642
0.5316716864195657,2.192703137566892
0.06912076275315583,-0.37237268504113796
2.6642165179140607,1.0204285454234456
-0.4588144049263333,1.1427859300790923
0.5750766317650694,0.4706026600206251
0.6253302284575575,1.2247441523416902
1.38829060044382,0.7190981839038918
-1.2640250214677156,0.05361497216047534
-0.9057758253333474,-0.4861524106563969
0.8891598364185707,-1.115641571900255
3.768119443835106,2.5280134265150838
-0.5837890402858807,0.31565980639914326
-0.06765773565576548,-0.1729123477923465
-0.37650968417364833,0.7125510710083832
-1.9012510841316752,-0.7872687500673753
-0.6411087037287255,-0.22485094444167464
0.5283484633960227,-0.5882961200756084
-1.3316768457540786,-1.3000317881682524
0.9070199718346244,1.1743864065545357
-0.40421171613338025,1.056514235253548
-1.4506588949011825,0.231419287176637
-0.0093337365358659,1.1148447936982946
-0.6609793407371353,0.9531347789621786
1.7454270164032029,0.12027353861039311
1.5884435532555983,-2.4574073419914626
-0.4903128227688317,0.044644958373004306
0.29346371537562915,1.0499494911801313
-0.4701318133176995,-0.22218090952024358
-0.23328849764360032,0.9688756788109213
-0.7855587852370481,-0.2663751441446883
2.0197199523679346,1.0980407378282186
0.9163646833346737,-1.3834380919150284
0.7408524765785021,-1.801665258124708
0.6959162011551022,-0.04719176654119926
0.9804707463623676,-0.0033994968552519497
1.2239489609011782,-0.375856767272373
0.27777358173253086,1.8595042410799976
-0.8258447073936798,0.5204667036377094
0.09266365926169741,-1.1384796942344053
0.18702383886090435,-0.5565072170421325
-1.2142317388900934,-1.1807015857064036
3.0686866471348555,0.6774427437776566
-1.8600157290744201,-0.16235548619059917
-0.1871579441590707,-0.8151093640385048
-0.24815682314829265,0.3673191805035352
-1.2150569559407884,-0.9246387889403421
0.5357770825731024,-0.22098955549225915
0.23944193744920206,0.37932006353670544
-1.5971810915487301,0.35071185088310325
0.7091604712918793,-0.4041931243542331
-0.7240076375966509,0.7936437262872076
-0.3683880304557124,0.6899818344986017
-0.3227413893666125,0.05902918862686422
-0.6849820635285625,0.41624658509175727
-1.6714467326957416,0.20958153057909637
-1.1322970539441346,-0.6085070821292288
0.8687861462812533,0.15077129721688703
-1.6582361785273854,1.1182454900448098
-0.8465445338301777,0.6428731027115505
1.7920302425639125,1.0135970519355961
-0.44078724598954533,1.7946609442179502
-0.10310000356350099,0.9138739518326523
-0.7714250719807839,-0.2015545963833826
1.487679358445222,1.8120169500076855
0.4243816902493755,-0.860287657340247
1.4921888377453005,-1.911850198356502
-1.3076889749956275,-0.525828086754892
0.1808022718739891,-0.44115283350640594
-1.0195545994790995,1.7482659789294743
-0.5099408122666389,-1.24149913906012
0.05411227878627343,0.6637424955445539
0.3279481286946793,-0.20475061053088392
-0.9637329109748871,-1.523464018308596
-0.23566119540224892,0.13319072371760152
4.550250353227614,0.6830312386861364
-1.0643018096959524,0.29626012934556206
-0.9180401745061182,-0.509835311589155
-1.0733638826761596,-1.4066148697188008
0.17515799256707795,-1.3149522896777126
-1.7171768712718416,-0.16201278116737616
-0.04465919517670915,-0.7796585079131889
4.1475857022477225,1.5493777167484273
-1.4351901607061246,-0.13773081524218894
1.0464049059971094,1.9013042845071388
-1.259694068977892,-0.002132091773542128
1.5829481180167768,-0.5127623668556172
1.1039359064090213,1.920741179915875
0.09303510881886443,1.00749397907411
-0.49754451404813943,-1.410872793120615
-1.2810543989594272,-1.8612455481586305
-1.9627714493482376,-1.0848389942099967
0.7863981870003175,-0.03617005514790962
3.0459274679380535,1.698440070171918
-1.3922450268706403,-1.1936346356334628
-0.3635478951226858,-0.5952189024268747
0.8936912546308511,1.7351084983109972
3.0465054226266584,1.2071734631344877
-0.9752421174989035,-0.3709608451389045
-1.4254032582840064,0.46508769510830683
-0.37820391321348495,-0.7335295344124917
-1.7383616254838659,0.5821785249834895
-1.9254606660471367,1.4254729748375459
-0.9374179634415016,2.006639143483677
0.3904972564535906,-0.10465152909159545
0.9163264691144586,1.1946650535220253
-0.484115637078296,-1.0834531484262295
0.2412879406651895,0.13101821028721666
-2.180478348967737,-1.6259299477290274
-1.914881394148944,-0.773786351691311
5.0053330952960655,0.8059890983140938
3.7521826907123903,-1.7890299827311829
-1.535856935052815,0.4738409447428169
-0.8049094321536963,-1.2854913326793782
-0.21552343355740444,0.7947457868831044
-1.2741769413735886,0.249651450188298
-0.9224317422731545,-0.9422822920419914
0.3907820878924032,1.16219455957101
0.0020946305959771007,-0.1271356940223874
-1.8770728215975077,0.2980099593673976
-0.8529050761659857,-0.19599129563316756
-0.2943778577194054,-0.8410756804882527
2.3278658973034294,-0.28075831415199426
-1.0733217544108018,-1.4150460287879327
0.3149367205799439,0.941670974723347
0.9239319242156784,1.9279453477726376
-0.004055289777240359,0.8982322235524229
-0.6950083241856859,-2.0568415172983854
0.5170409659792102,-1.5102569243076183
-1.1740985446387953,-0.3679510675115784
1.990191922988367,-0.46373646467406876
-1.6502643827983192,0.16884257879261153
-1.5239611097821255,-0.27471935136223574
0.2050684484024888,-0.018864511339761372
-0.6396485315918179,0.6643912252278772
-0.9829675359933318,-0.2755481013052262
0.04324077856605793,-0.622355847064503
0.23832344779706677,-0.30491273336820984
0.7211453205958559,0.6101112518440578
6.259549048712222,0.3469730290381282
-0.8103994832816329,-0.11964144639616503
0.16548803546072396,-2.0577335066874225
0.75646594307832,-0.980589956875739
-0.5223912091102949,-0.42654914048871856
0.7425609339943455,0.7507008702186998
-0.934774551388237,0.7397764340431102
-0.24498456148918094,-0.6977614849252128
3.0816409040940997,0.6612338646700353
-0.6990726873048739,1.0896037858811836
-0.27431779102525516,-0.4160149268303291
-1.450789728590517,-0.48558134782153806
-1.442830349178493,0.9587346689355422
0.8623893983569434,0.5424548233925226
0.4997991241911699,0.11184952143935414
-1.653599984588828,0.12376187578290879
-0.6414766117951611,-0.5643502885156566
-0.7385048677325441,-0.1810797798601115
-0.6378083699216208,-0.8681048272221286
-0.004762107026721309,-0.8694715765719956
-0.16335162310940107,-0.9498982057670302
0.3890080168062507,0.02523230701170797
-0.9694341743523883,0.3519583333241104
-0.8252924826702182,0.41481386195020503
-0.6008264878411613,-0.3862501304435999
-1.3521736494485281,0.08762308351755273
0.6677770175569275,-0.48316006212671114
0.5608619476145246,1.9481564076249107
-1.0390155487038706,1.2091520354090606
-0.40986173253304725,-1.879164362626532
2.1091370423350986,-0.10921276621635582
0.5084581260652704,-0.03465547868212805
-0.45346802452515783,0.35329712314909073
-1.8050396075662676,0.5290073935316437
0.09239946748453577,1.6468132734544667
-1.1953265808155789,-1.2628670860185762
-0.09287202790055112,-0.14738866684691496
-1.0559679898109215,-1.06423046892236
0.504649349506329,-0.05880242420354889
0.11259704780846333,1.0932444525580685
-1.1783485992655816,0.8028518538825559
-1.1688009165968676,-0.5723739495427831
-1.2227446539522733,-0.24900194713226265
-1.8009913550091652,-0.05170881818995771
-1.1991041838714513,-0.8425045493352745
0.966151722335439,-0.20731016699309582
2.6665781974495357,-0.6377700781905884
-0.2912020697327654,-0.6534539929928844
1.2394122353292778,1.056824069191559
1.990308246564621,-1.4582210645953466
-0.32394635972882735,-0.46155747230992533
0.6426055366077854,1.4032091000029734
-1.7618490166902916,-0.3958203762162844
0.7789266139078502,1.2445723998205132
-0.5481463268379693,0.851507433729988
-0.13647541686849304,0.059128523978597705
-0.11019077544335013,-1.022567505313196
1.2844827933967704,-0.728968712357947
2.1550721401743065,-2.375370542429887
-0.5047107697223844,1.2995103259581007
-0.630215753287417,0.14889014003729129
-1.3150998268458867,1.5747819353089703
-0.5419077025206663,-0.44539411722844435
3.594530914255417,0.6636544934595089
-0.6427978444799723,-1.4190520170638365
1.1194097754876755,1.3211678195374412
-0.9211580727821361,1.017898875822129
1.6604040507664113,-0.044079710977853376
0.34495335963473556,0.52956222789367
0.32032667496436695,-0.12976853316153844
0.6657782029740424,0.23534641836803302
-1.4529907208949877,0.020303513872365897
-1.1190038881075686,-0.13319657860365314
-1.9318747678835917,-0.24336962576167304
0.17559356301248494,-1.0861574861173042
2.4799186730397804,-1.38945954711391
-0.2397510417361806,-1.60204361047625
-0.33121811801220696,2.061429602720954
0.30384167011153185,-0.4253419953620539
-1.0660277389919497,0.004700736954903767
5.809783707483205,-2.296726673130252
-1.1020183790921019,1.148266354220297
0.4360648331020427,0.18617589824441796
1.4271118422396867,0.9129718458557431
-1.1840421432551411,2.3097230363188577
-0.9132653554970833,-0.03873551524706792
0.1415719348546459,0.9258997296739141
1.9477363588023013,-2.612200060610602
-0.24188763668087276,0.30946936834589495
-0.38096575079224976,-0.19110306455047413
-1.2295415418750313,0.6431277607638219
-0.9029861527648849,-0.6862868485652693
1.8670692364427843,-0.6834049227550852
-0.33745611520131297,-0.7116094452872023
0.26685753182238153,2.1995727738560173
-0.762928215405467,0.5520396454869151
-0.40539626285572034,-2.8058242750317093
5.047410795521031,0.2723787671957921
-0.5424642481019976,-0.27497233941500543
-1.6242792842438165,1.6409958148804424
0.35275229756309134,0.03751476988328603
-1.4290878744749351,0.0848008777393027
-1.0054419750151984,-0.2216661446829168
-0.6177392175183014,0.09603453367251329
-0.9248841961043663,-0.08431270442805847
0.4255109393748986,-1.2976238957040704
-0.9142854960094756,-0.3575054792135036
0.9274734708059758,-0.4430251664647544
-1.172152766892211,-0.15711356738235233
-1.2554646283160917,-0.941342412637429
-0.6183650523877203,-0.607661858339504
-0.31305547356057994,1.9749865605095385
-0.09517187531533232,-0.571726413813374
-0.8749810344279398,-0.8646781664946076
-0.04680081113771521,1.5518195841386522
-0.028379542505154228,-1.380302179648773
-1.6121054965371633,0.9893635660644611
1.2507768495977123,-0.6854864833952484
-1.2131139933643718,0.42794774491594506
1.5283844353630396,-1.589343876838177
-1.0633226908063471,-0.24407534486237248
0.5831382819947739,-0.7775945881320948
-0.8365950154377431,-1.9724126493595415
-1.9080363229516395,2.262042218695724
-0.8618855805910182,0.7275906478037721
-0.690364573403435,0.6961450947346449
1.131121952528807,0.09941431076897078
-0.4161436967059426,-0.10471853948726882
0.1929306008820704,-1.0871183596990275
0.7209633775161388,-0.6144821786869619
0.871449215973366,0.7860878377258395
-1.0800744516817937,-1.2050581223169745
3.805838929717341,1.674346294166596
-0.67645459278117,-1.490731440741796
-0.021978371715460927,0.8672248679019154
-1.639872156141921,0.35098420479034487
0.10819147997545187,0.24261449893400053
3.720947485582987,-0.043986982524620105
-0.8931068497156637,-0.9045732449910758
-0.7705490425282159,-1.2740687493905545
-1.5463615274907203,-1.707881899339706
-0.7517753757118864,-1.2549555704929218
-1.4478477632513784,-0.1743388591065144
1.4928069720319301,-0.6906030220977548
-1.7955014680853703,-0.34877764753005197
-0.598290019286941,0.9869924149969134
2.1604465506883304,-0.8662258951581672
-0.5407175132442028,-0.766593000101616
-0.33246209859283354,-1.5718072745835618
-1.5074145090994902,1.2272124985722257
2.183328554955492,-0.9459961509263701
1.0252206040304461,0.14091786870747847
-1.8043900512241455,-1.1374330902874625
-1.1135870581115968,0.8700518963502808
0.5452056635199614,-0.4850966285250836
6.483861345137294,-0.8788039684969499
0.5454695487294337,0.5604987238925876
-1.0943598810731499,0.7272834305034453
-0.7824645762815378,-0.19432019102656586
-1.6975930439889784,0.0021608486916611944
1.6595065785421688,-1.5239128534964204
-0.9691336210050441,0.06117572047846402
-0.9747542405134259,0.41325580595812106
-0.17934425676005764,-1.3045925607310078
0.6484882200021915,-3.092116436212492
5.6247087988863775,-0.7165554188616566
-0.869595431364972,-0.941927378055244
0.5621766115181732,-0.33194914844149725
3.769789580583612,1.1338714938262646
-1.2078348968834873,0.970419109204864
0.8534963070535063,-0.6407727362467869
3.110449720838294,-0.3477362508501208
-0.8150460794597904,0.022951372620887325
-0.553034395973855,-0.8698208633641539
0.3854322699926396,0.5252433561583165
-0.98918819129513,-1.2450807556635395
2.4970092895394354,1.3900589327226003
-1.7626344491368375,-0.7682399354350739
0.7779843771813506,-0.545334076053518
-0.1874450329663637,-1.1340964893056404
-0.5032165907253292,0.11968529548486347
0.7579162305487169,0.9978840546779584
-0.5557904879349806,0.12705158419593637
-1.00592932799694,-0.5037276161199253
1.0964833898116377,-1.1339412400821043
0.1496104094737394,-1.5414291880068545
-0.08486810899679384,0.6073316838019094
-1.6732644277871804,0.5665630229323315
-1.3601886653416593,0.11711517547091496
0.6475088113208528,-0.022155015876019965
-1.336630349459447,0.30647936759663336
-0.11971709584138235,0.9925074128690582
-2.229974320136792,-1.481423118348724
0.020416916548492314,0.0698740108918162
1.2109895691672248,1.0781249146061826
-2.006130353973831,1.1378904125581688
0.4844346422832122,0.5864110114993143
-1.1839371839402637,-2.203524723308491
-1.3245329493732492,-0.04203635961696004
0.05662627352121631,-2.711725465458891
0.3168715623141433,0.805446227854633
-0.46111227596855286,-1.2959117159058948
1.8773087143585723,0.8373636947138879
-0.28712125824857143,-0.03908733407719816
0.6191797394068558,-0.11907070148996511
-1.2633534449879256,0.918383769402292
0.25381529533645075,0.2970332635765862
-0.17331899500047468,-0.1110754986636144
-0.7136085206975022,-1.1394957990225771
-0.2538856541909362,-0.1619058319579655
2.5526895024849052,0.04956041859162459
1.2454082604874939,-1.0331339932697563
-0.809137486177346,0.15230831761404218
-0.6889455505016647,0.5858525187969752
1.7698801124705106,-0.010680061542026949
0.1895655935230703,0.9045867445662613
-0.9891555094883109,-0.0493479433196421
1.2935335732376065,0.08312065196851078
-0.32829959840596434,-1.4785996619650958
-0.4672382334890327,-0.7473608298007964
-0.6276185995780104,-0.015524444852626612
2.015854828217145,-0.6991871955774686
-0.3143712384141039,-0.9085905452349042
0.5035259720564322,0.24591425170403905
1.905791313312663,0.14716443223306427
-0.22841452059743897,0.5267500494463067
-1.7454087139471137,-2.0913551228432348
-0.0034103339178195003,-1.2118473083670076
-1.0093484503510715,0.32738696584402677
1.6499302160097291,-0.9432304203964093
0.6393900217726213,0.4767944045432856
1.2045500239867697,0.5441719793578675
0.06180987920292654,-0.3234632902119305
-0.47644246386673683,-0.9698927702243347
-1.273565057288359,-1.1255723452140682
-0.6148664093258303,-0.313654348011026
2.146524333516893,-0.9664584489156686
-1.7911316435864257,0.2485721385024859
-0.34807660541976504,-0.3792058491665147
0.6978808494724849,-0.8514994825067775
-0.07276119155013659,-0.005805101889300077
-0.738478687868061,0.2461535354501384
0.4813991312839367,1.6808935276742558
-1.7355579964116707,1.6771191430462513
-0.6507505168095599,1.6625534723749125
0.21112287944768654,-1.4819736736114628
1.145282827334528,0.4632543365835416
-0.2639435360720383,-0.01814507173778088
0.383217779058433,-0.33296020319000025
-0.22582201978921165,1.766152097672885
-0.9706402520421398,-1.1377518527787331
0.003977609169196086,-0.23298370344758162
0.3901244362377169,-0.8386742321067374
-0.19938355667992697,-0.6944698720283272
1.3405240044024318,0.24513999699504968
-0.8091735706384764,-1.419790828147325
1.3008602975930912,0.19608941326291704
0.9194950690654157,0.4554637488788873
-0.9685704625642435,0.09748392425513151
2.5566840015164494,2.924828939093364
0.18353362626083958,-0.22224468591532767
-0.04208550389205157,-1.2280378657315492
-1.8070273676157655,1.2355596651461
-1.5485467039875738,2.3569091764235726
-0.8895024412197303,-0.9097376857861944
1.1901606594491452,-0.3363069616190801
-0.3175402812224368,0.6873208385122643
-1.0883858809283502,0.14917476028520602
-1.3637409416264248,-0.13058788572255758
-1.9824045763469265,0.4856728549178445
1.7760179999965786,2.0214578099459675
-0.7661707983181891,0.11863720243398242
-0.3269342394645612,-0.09117800807337322
-0.9954878993165478,-0.37321556981139165
0.8195428016917646,-0.9891069037348237
0.9608718657343256,-0.044121995868888556
0.24599257541311392,-0.0974986464845697
0.22043122325764533,1.3363292537872418
-1.6944357127112826,0.14922801339324085
-0.7117823572187029,-0.8587374677329834
-1.6159954025788006,-0.1821695572497463
-1.5193664370376792,1.059062286418942
1.208366588274386,0.5449883084435467
-0.616869274394508,0.3213023749207645
1.8847994023242896,-0.7101146469420524
-1.7776688477942453,0.01773933389304781
1.6954384736092385,0.572097343988755
0.1036969184764573,-0.5679487041835625
1.6271064807303084,-1.1023347524941052
-0.18437868610393385,0.22691903782757314
0.07952584379754365,-0.6591145993264715
-0.05901969515891128,-0.7724278758699715
1.0257778728510596,0.9260500795030228
-1.6586002586346895,0.12973457834990043
-0.5030103089689002,-1.0247147575630091
0.9277525355189734,-2.176170164154614
-1.5383307880243164,1.060489703305769
2.205681317990386,-0.4998127570801999
-0.08848690865653484,1.076317480086066
0.92509990428003,-1.437891276935301
-1.0959495176498617,0.17688812673924334
-0.9345103152138061,-0.1794709068366744
2.857623322932972,-0.2152519060194498
-1.0587984651283076,1.3053632495517582
2.7881241160397243,-0.03721053932566436
0.5859573023998171,1.6453693687284012
1.4579423549105617,-1.2875875321520491
-0.9714254376969967,-0.5981640903583768
-0.10153010465528862,2.1018579020081405
-0.9087242269893255,0.5364064807829381
-1.1352830614503484,-0.30442154191719223
-0.14481530746294563,0.42071224285082254
-1.9085371626997498,0.2108092587955135
-1.2172833264552558,1.0918663595827767
-0.9651085463675703,0.603758489077721
-0.709813370023836,-0.03948999647381024
-0.1305051587928449,-0.242942018207346
-0.5414117874205435,-2.5754348783327043
0.13523528307064392,0.4071319766024159
1.8928291555304007,-0.24121900672768282
-0.6121256554761757,-0.6339942742967093
-1.3837794549896374,-1.3393555307970209
0.4843873549078767,1.4825238891844899
-0.6538347977105943,2.0562178594695837
-0.5543317210514018,-0.11449828846741676
0.6662661863304207,0.49850745873045627
-0.8439653974851482,2.279244186799533
2.1867320542597586,0.43956481057006125
0.4054234414425165,0.7831165652666046
-0.6013307654164446,0.29962282796316886
-0.45584243114643475,0.2012076466040296
-0.6484928156851049,0.4830582234227776
-1.138925653218298,-0.2831945791965088
3.9259353427822714,-0.32993914488166926
1.732772481968042,0.7035103706389414
-0.4412709784621819,-0.2957866399224456
-0.8701112004873158,-0.02320718960948783
0.04242382469782348,0.7864977079385611
0.8345637425669693,-1.0070339832988002
-2.0129305621183313,-1.652997935569856
-1.2009595195828844,0.8438972528502597
1.0504838187929981,-1.0642306774623989
0.704842126027184,-0.7230473138705392
-0.14744199815136408,0.4151096180089635
-0.432221285423175,-0.07280442926928449
-0.829181841959013,-0.18606834258968216
1.8974487062044845,-0.2087868985105016
3.5004760576705225,0.42034712398274926
-1.2298109070742618,-0.3396380819167791
-0.19726855049629755,0.41572250646014525
-1.0708842595154582,1.9869432222568983
-0.6105886613787602,0.05023373908215577
-0.6628487715993671,0.5865801526769501
-0.11163167067741296,0.1845642064363498
-0.616341082994185,-0.1054715259291455
0.9152126606494544,-0.3399262577800233
0.11509483852438016,-0.9909434089777404
-1.1771021193329467,1.1642618204550215
0.06495190512362112,1.4171952579710745
-0.9804638170188149,1.3726925299176498
0.05917601106583194,-3.007619448515973
-1.433254857530365,-0.7636759947211624
-1.1166146128207302,0.43299464300518703
-1.7306532136785382,-0.048997592901529184
-0.6173614479229591,-0.2798712419010247
5.353953472179699,-0.43699124475700557
-0.3647976073523319,0.9581186393687329
-1.184023446517865,0.5998839795798577
-0.7396984385237518,-0.1550720516080597
-0.4056543944644382,-1.303701166657731
-1.0115123900955987,0.826086809064618
-0.8814145453318178,-0.9016808253855899
0.03643578132346397,-1.9185875264320995
-0.31056342709199986,0.5944350428223647
-0.2347400531982162,-1.4058680736918965
-0.8713243410736241,-0.2212379636360416
-0.6649899405859792,-0.49357774734305754
-0.9924519590912755,-2.008741550843638
-0.9031287860733498,-0.01512830604157852
-0.8678540154267713,-0.7927971297241114
-1.0636666897183347,-0.294586786979001
0.10359729480849737,2.8958285030720803
3.416298574897234,0.43079759731513123
-1.6362260762224017,0.04911756207831917
-0.9656431649117873,-0.022396705932166815
-0.23836495318124523,1.60604382257297
0.614784631157466,-0.8288338855079979
-1.2380685461010905,1.119625204008436
0.19670173690872597,-1.4506918893223957
-0.0001795741752303895,-0.1333588375799045
-1.6733448057410794,-0.20747980253651246
6.24945339007732,-0.40678401657203245
-2.1471298949733666,-0.7235369468124544
-0.5632578593004208,-0.6726977616626622
0.9912244734978964,-0.48979689740935906
-0.9756568760310772,0.37058381865239487
-0.8624305245929369,1.0449510963110298
3.120279607151228,0.02069790920058591
-1.0998720218454208,1.6452091950824486
-1.8499976779908753,0.9523677433118206
0.534637915433449,-0.7010399120595047
0.21229754595066358,0.12352026570177628
-1.9151753658775055,-1.1961134338555657
0.4291329848518602,0.5329399885685769
2.5238337930841754,0.20670490052616666
0.8583508768321233,0.5672091976931655
-0.22797780447509655,-0.35371874099096823
-0.379541926634842,0.9979210594065865
-0.08779201367848569,-1.0179891444367843
-1.5865542335757292,-0.5596610503107402
-1.9303473573614685,0.3648308554072821
-1.2746438314040325,-0.4689443122770633
-0.02188047129280436,-1.6147993464117298
0.15101254469743994,-0.9324629756187641
-1.4544544376917297,0.6331513058787043
-0.6418234159872968,1.3519952501099315
4.569147984845234,0.1278243592450122
-0.2764073770883904,3.460391743694848
-0.061621405585605665,0.7018201335594039
2.2150730201176345,-1.2901315926857564
-1.153638891472591,-0.6079112154780881
-1.5723208441548633,1.1021894270985073
3.1560480257249206,-1.9407141833371446
3.2217040887337443,-1.4557768266627713
-1.4279378710437909,-0.37022677656442965
-1.5598128062428704,-1.127931495610519
0.5831701289484855,0.45184014941312933
1.8815764699317752,-0.845508892399616
-1.2310775528301492,0.18749122445314095
-1.0049412827772137,1.281959009391562
0.5735251586139716,0.21492570369948075
0.09395475286397213,0.6726116717388907
-0.903982393869455,-0.3242901972370404
-0.808291377258357,-0.24176083195103412
-1.3823079562447598,-0.08501298906986533
0.29217712399207457,-0.49982668308282846
0.08752310702638981,3.3127686266302203
-0.60942669869426,-1.2765038032522464
0.6331098522588395,-0.6301769630357712
-0.30999098564497174,0.10169772211905229
-1.0767772721548086,-0.16896064327736765
1.249644882936311,-0.3619942354061805
1.239397094554356,2.221396281254454
-1.6709140458818414,0.5442804660429219
0.8278880710042579,-0.5861700590754874
-0.8594550626058781,-0.828022702598961
3.777163753172807,0.6265918639694662
-1.523539658130746,0.6888934024996075
0.9774272962821688,0.1361375803935995
-0.9532728352114576,0.5794791350609324
-0.4302054143182379,-1.017661677755503
1.5123285263283994,0.597891280174626
-0.7954984681501825,-0.5927695151420199
0.08304400625329864,0.6522637215098369
-0.8396872265678753,-1.5138920726266394
-0.18196045041816902,-0.8224955834518711
-1.6767782107656435,-1.4558943118305099
4.046945175840193,-0.8589557054963057
1.1335495566122404,0.34500436232683895
1.0616355994840505,-1.0436498631351412
0.6756643023693412,1.41422660727423
1.7691014430089902,0.49460045610291536
-1.143311642968554,0.7287402448183147
0.05339688661635324,0.7065635135777867
-0.1949098135868046,-1.238811982566553
-0.8789476154508474,0.38254447758428084
6.162844138181043,0.43968397795576863
1.9151749428209344,-3.0807575068758397
-0.12577172597316907,0.03167588708052159
-1.0626128720471357,1.6846510608796892
-0.5393673369143919,-0.9808421267563096
-0.6334878055851882,0.499229561278301
-1.4146404838350073,-0.981058313912885
-0.5060580380721875,0.02557000799381174
-0.7345347229676435,0.3298705439851753
-1.1110410441892096,-0.6293240345004191
-2.158822407946358,-1.2155454102043906
-0.6379639062578647,-0.8134448360749533
-0.307740894621384,-0.38300999709332095
0.11921210499175489,0.27643492297358974
-1.2591465398795842,0.6862588370572392
0.1279577503152602,-0.2583191459393849
-1.6892001978299303,-0.13591483817897484
0.7280184110717807,0.40949298031225934
-1.5107867680388682,-0.3376731219713041
-0.9212154849422484,-0.555778522220251
-1.0013779020752516,-0.035726017949288036
-1.5223054148933068,0.22680148631214048
-0.38068923884132266,0.4841454078090511
-0.635907213916486,0.9594909178856901
-0.11325214200589526,0.4107576605487464
2.2736983086617024,-1.0527037991053751
-0.3285572386245206,1.504834309538472
-0.5921323112208765,0.8737984213796784
-1.2221624723613933,-0.9257534968847094
-1.65875597943432,-1.4148777301376187
-0.2748473325472761,1.4127069028743473
1.0018211102054162,-1.3343135997195692
-0.6433273236708152,-0.5346258567251532
0.21796312532106427,-0.5424089348721846
0.8617378422950224,0.37534917605791357
0.41785453867087025,-1.2170904961414715
0.3021027918188815,2.4144596176777373
-1.3192415479092623,-0.9952244036272812
0.447305937963876,0.3741861357065465
0.9413210599814873,0.07748401796728681
0.8965645155820268,0.019194190853271693
-1.520006394720212,0.49778440605928737
-0.7432115688407253,0.04545668284109526
-1.438356222790818,-0.6726561582021445
0.6602935511933457,0.2331553822118518
-0.6562296752125658,-0.4196529432904307
-0.9158394959818578,-0.04399261077636442
-0.47085351284297927,1.0002451675530046
-1.2391417235461326,0.1078631591567868
1.2834830223697131,-0.15065935479875484
-0.547841592995446,-1.248806807894942
0.2777315827710437,-0.3627968651169419
-0.6280410592963718,0.3737986640272579
-0.5968124264297363,0.4319480248947375
-0.7966685739460965,-0.5065033547891085
-0.231757340654356,-2.0996262757136432
-0.8236776340938838,-0.7604057216800466
-0.8842338451351387,0.3801019581838663
3.2356859721683615,-1.8088038096541919
-1.1567424229872867,-0.2961223120861465
-0.920139961383799,-0.5593384386648429
-1.0523210671919931,-0.06318932480843069
1.382360957662534,0.5939623356385936
0.4321854447393587,-1.5372187956638395
2.326376603688657,-0.05107971880032954
-0.9199375856405774,-0.4740946003501443
-0.139681697159443,0.370314664488739
1.956280711696369,0.8661558354103592
-0.8957690336982667,0.3173275155263721
-0.022179178077154048,-0.9257558118570332
1.3001923973995977,-0.7848068596554126
-0.25108025300298475,-0.7980870399606299
-1.2303179874081296,-0.050131559189454736
-0.8525841472672052,0.32065564832991467
0.3838708156660555,0.3496398101355147
-0.07859743424713593,0.3822599373337487
-1.390040768106849,1.7579992149788193
-1.6923756651976012,-0.009477192627328686
-0.9084619307719798,0.8970248443632827
3.060507600198423,-0.9022436969174095
0.560951276487896,0.21925754241173576
1.0962813065471426,-1.0343932024684719
-1.069327167243855,-0.7428777209945049
1.1497151548628761,-1.1276461763188974
-0.9069588452645198,0.31288844265640137
-1.8598334934205807,0.66626912342454
0.38858823650630514,-1.306881768587635
2.5262386261225727,-1.2391063730573244
-1.0570850965347263,0.12446486593985677
1.3727920230942938,0.8691106766850359
-1.5692648730462049,0.09646563887225146
1.5704506502681497,0.41356059523266453
-0.3543491471251353,0.5237894508098387
0.8139772779066745,-0.6386475128039394
-0.2067779481521124,-0.492274174042456
-0.8159739672023697,-0.2202821488815227
-0.9362769692399445,-0.08928190640911252
-0.910792161155151,-0.16375396707056292
-0.5930344484160612,0.2791390272028339
-1.4520000694735844,-0.10858330689551814
-0.4361180953467623,-0.8971239017511814
-1.5015895460550985,0.3068348507500816
-0.768031366904835,-1.535666015766812
-0.6692752295483667,0.2460038067992528
0.07995551077927063,-0.3593401174103161
-1.1050701655711095,-0.4385240668387878
-1.717801056911365,2.7436462724288426
-0.527908649994193,-0.05856707046249331
-0.9609458045445607,1.310150357142979
-1.391670625881002,-0.7329199899657
-1.0668306894088482,0.004675911600986683
0.23577348664838807,0.6836066587011969
-0.33502321282550585,-0.8974378393069279
0.7611601138921994,-0.022859688180718006
-0.22230428747988656,0.37221503304990194
-1.125438816546055,1.3376098753361643
0.884966269828148,-1.1302899961475135
-0.21781667949025682,0.6008324142836929
-0.460548601401541,1.4447597488233992
-0.9776547007962915,0.7107215801870385
2.261383694195437,0.4775181475515965
3.101451820972951,4.197832763354121
-0.09424548226866501,-0.5085325408988391
2.3465401256834033,0.7805368013858683
-0.4321395044865866,0.20196466571071164
0.044865330817635427,0.6255591765063702
-0.5843641201166856,0.682603171480844
-1.3435744065624637,0.5013600811691391
1.220029914879342,0.5772141384666893
0.07353271815292961,-1.9205153085894737
-0.6672900730727014,-0.10154602746241462
3.006678365159047,-0.3307490514379297
2.6470532686201094,-0.15709692350082363
-0.8818213780395435,-2.8513601352833686
1.7172667302043734,0.5646369424853845
-0.7708113723716723,-0.5193533891102327
-0.2737949082113367,0.20545331315670934
-1.2193712185530574,-0.24208038919612426
0.3900312344780947,0.29281722657255704
-0.6065811451517945,1.531014684592896
-1.7342562587804853,-0.25695630299752775
-1.3096213454623167,1.5499855099796682
-0.7918394444903273,1.1505367507764033
0.1084344113726679,0.8841744785698961
0.3141008227858436,0.025199966745508343
-0.8013846353592872,0.2535834313925049
-0.22185073193286442,0.14352684631868087
-1.22613697134666,0.4023620584477832
0.660218184023138,-1.2127934905364894
-0.6819276083548641,-0.9400585580786442
-0.9613336911182119,0.3158526260474346
-0.8827890807783895,-1.5679538989192554
0.1299206260009991,0.04938116970903767
1.752740776123669,-2.935186953395262
0.8644175088729149,-0.21781367183422004
-0.6191019526965201,0.11961040390283396
-0.9372624527309297,-1.022427093816463
-1.5547349231665402,0.7479035107325702
0.20987224934452048,-1.0366260788438255
-0.5594341545950334,-1.6743481757311047
1.264795277352776,-1.2557062412000155
-0.9131548661433448,0.44605222431260266
-1.6508585243204819,-0.036117997049873646
-0.714936139960633,0.16729253543468164
-0.880903609197226,1.6629902500436855
0.26498725169284704,-1.0110758472590315
0.5850175547370308,0.47438724647235425
-1.255485247638014,-0.7161579526929172
-0.8798320122889731,-1.8166885628721317
-0.9512992625404225,-2.003249154995934
-0.8830712645428751,-1.5415278136165382
-0.9256021718359408,0.23759289608500733
-0.9634311561326186,-0.970925606184612
-1.7541963563466798,0.4773929474265338
2.7268473436287377,0.14309953153226385
-0.3499974199037991,-0.5637748660383234
1.2067287735019951,-0.25653869052454575
-1.1371792408600216,-0.7275393413221212
0.9423536219959927,0.4241994842662233
-1.120918091332724,-1.3091851620302843
-0.545982758159857,-0.13390115544873285
0.7450438355265993,0.4096228250004827
2.6575289607718897,0.4726694711747997
-1.7768644233616344,-1.1815780897066652
0.38931791361257273,0.9624295598451049
0.2323517077636453,0.5226435554708275
0.8075508875088221,1.936136357270845
-1.6276091297195299,-0.7512462811705009
1.7307743944046126,0.19369623583413703
0.016998537827681313,0.1792118366605732
-0.2953608198709112,-0.2622077057537904
0.07804980334084458,-0.3883947086734168
2.4626952994159583,1.0413858872571808
-0.7034679858380258,-0.3220661266639145
-0.51230078533882,1.2343837650377363
1.0482754939974652,-0.46834692113799964
0.24649241249402434,-0.8079844634661141
0.6321613198089218,0.7288580894842855
-1.2952773252032905,0.8119129274842084
1.5511207345579296,-1.0305958414791896
3.353458993829026,1.227775045307835
-1.06365407354316,-0.543473541425189
-0.680354905332784,-0.45731427084700244
-0.2439278991295187,-0.2022926454947009
-1.4662216016802785,0.9430493426427694
0.20963302142113166,0.03737079013855852
-0.4423527585559342,-1.143157397986836
1.686359909388979,1.2734475212750422
0.8412634760350649,3.5747274669932554
-1.2835198844881734,0.6329636542517507
-1.2482169888777634,-0.23823690821635635
-0.3335974180902843,-1.6484876567423319
0.186045872094673,0.2707630713490962
2.7579568375508674,-1.6368941145262734
4.110622557033813,0.08296691577481968
1.2605877953911413,-0.11201661033431945
0.12850801041744858,0.6739297189589549
-0.5085374570558895,-0.11278697727452817
0.6678877183389024,-0.3579522248636316
-0.5737161916654178,0.22793597550981226
0.581952018941716,1.5726328375075487
-1.2373308530083664,1.5117103196264765
-0.8499113286279308,-0.29300814614069354
-1.1930358574421902,0.37682972083580435
-0.9093661430567256,-0.14651111544575987
-0.4640394236107515,-0.4002083167064436
-1.013910309418687,0.1448750156119064
1.1532451120053322,0.11139093397409455
1.5286186233396577,1.6839576399826892
0.04654174680972722,-2.283078515801695
-0.6404562283023484,2.223133770093306
-2.1437208691195124,-1.2139128467798124
-0.8732915675301255,0.34197577030984716
-0.02972587301338541,0.609150449473901
-0.7916560416601882,0.7042389852598578
0.3618585852992945,-0.014899158137136022
-0.4139124208297616,2.299467251368423
-0.8560096708675485,-1.6383638358930488
-1.7177680320863153,-0.5929434500969085
-0.9517016778593537,0.7675018168948159
-1.1209617196522723,1.0312763266529734
-0.3028022789692619,-1.1356060260096033
0.031933586822453924,1.5579326477499202
-1.7791051605813153,0.1445069241952048
0.3565766021243265,-0.23720780924401275
1.6820073173420511,0.2253179399183351
2.6607335242373287,-0.6427495597629846
-1.776592339913311,1.4652209136077032
0.025990351716611473,0.5690354792925704
-0.3179342141915669,1.4466368476246099
-0.30973517600270123,-0.4860112501481023
-1.3569356297982131,1.7036029295152797
-1.2447017951949988,-0.5534526137302223
2.460875967093461,-0.6506264954657867
-0.9070380090350327,0.30955866058354387
0.26202698832537313,-0.028587226917169726
-1.1619277163930684,0.590279051675807
-0.7854398240647145,-0.7234676625068746
-0.8886741482345235,0.049791902023344214
1.8466752065785572,0.7732535668340152
-0.9149851179847254,0.07368215237495351
-0.4197881164701585,-0.030635129579330428
-1.949798321989402,3.045061418794399
-0.187196015087673,0.560231729298945
3.0469149190529783,1.497090054847143
-0.06345843661284482,0.5973887725787056
-0.31435179376572714,0.28919610541474344
-1.4733811990952144,0.7708033421086254
0.5596344229227107,-0.5200831985385805
-0.28880144723450357,0.1251351846685062
0.2292473932372889,0.9482253114610638
-0.6486223846179177,0.015233314652874976
-0.7375438560972337,-0.7067713353494223
-0.01950044691102676,0.19889093508475605
-0.39239969225481175,-0.6663957752799221
-1.2623056345579737,-0.8150690536453381
-0.8064279470562327,-0.7577881358653759
-0.6751959103440003,2.694350534482117
0.4735516138053336,-0.035539822098792605
-0.7588788517700571,-0.1851720468161515
3.6712369603740234,-0.3940274037789811
1.7253329770339185,-2.7747544309950056
-0.16340775597966245,-0.2692992331692908
-0.06513473655896726,-0.5243448081393361
-0.5598677144640875,0.3511869805210681
1.7132644858164754,-1.1249157748445284
-1.852245112850672,-1.1527012866805375
2.579212458544919,-0.46432936478097886
-1.2796518557721797,-1.2654689256427984
-1.7300285581649073,-1.2141733244232336
-0.47265633433092635,0.2257622573855547
1.1644994880728325,-0.8346412353925411
6.360866009104776,-0.2874438244465479
-1.4913482393885795,0.4668162018760597
-1.4609351469584941,1.1500864954183192
1.918429340364191,0.21740494797530008
-0.5676658342039252,-0.7544938162881643
2.554370464515665,0.47319803985746506
-1.05567088230976,-1.9139418250816256
0.3471366206311878,1.1701601257100882
-1.1144150075295862,0.7339034142746631
0.4188676634215349,0.2043013304886219
3.327502455909076,1.0584337439101796
-0.7630754868494298,-0.46261890768828506
-0.05768442983294167,-1.4685708299284121
0.7286632776068673,-0.3264765294898081
0.3661146220190319,-1.9498863810485223
-1.4257397297515442,1.0511202342212216
1.1167053199174604,1.2931741911350896
-0.38677889049118985,-0.8990550842996395
4.449914352655792,0.3416277121581622
-1.0293895701564906,-0.9231026603414147
-1.7522593315184831,-0.2963702989241641
1.027777046294301,1.0736603468888648
0.9475280986451482,-0.9554179689189524
-0.4084262446005231,1.8058922689708186
-0.7598106308324405,0.06003488865607987
5.078307108561632,0.3173674510156729
4.855545440170739,0.18946930786810678
-0.9571031856982526,0.12424466558302026
-1.2863356204285867,1.1298906461486093
4.054255100633899,-0.19482896350344744
0.6346166121299618,-0.9478782692669092
3.6253835454441177,0.44078261186878653
2.273723640785629,-0.7498178001654902
-2.004380049802332,1.1925968000687646
0.38745967469585485,0.309474806099535
-1.115152678917616,0.21964369778407516
-1.4901474167650017,-1.1037025387824708
2.190264678575813,-1.7302071368645981
-0.03557583939067812,0.9947814583633893
-0.2715123200559083,-2.1073613430171796
-0.6186596899117695,0.7686244545779193
-0.9007421468541169,-1.0570023497767678
0.9264583540799929,1.0398961537761564
0.13459523401157797,-1.5905910764826696
-0.4858397059443943,0.5022353541511995
0.19467307039773257,-2.1366040314265877
-1.4078540318779842,-0.6611835444495654
1.2423504752262664,0.5373081695526575
0.4201657139388391,0.949000875747173
-0.2928953880690226,0.17252064711772438
3.8939286818144727,0.22331304345034347
-1.541103262152148,0.05946629541516749
0.5601218191305243,-1.5075672968749643
-1.808263959622072,1.2281914602253658
-1.235878408665444,0.5529282694969031
0.7388510017642677,0.018397868495548655
-1.1438424843585888,1.2375358016786944
1.5988442282772148,2.2891056352789434
-1.2036702206991232,0.023903161685091937
-0.530208106977387,0.3265535842691594
-0.16693904457128264,3.441765399281306
-1.0832461675852136,0.1941876094961434
0.10734459783439111,0.8441155691392591
0.16134001577345838,1.2783663921625836
-0.23627171027529809,0.004585945540650939
-0.6814142440391366,-0.14435947077610767
-1.6936957743746068,-0.463693768475927
-1.0872387918975457,-0.31561594137969784
-1.1700714050379766,1.0484372784046216
2.9318861352800907,-0.8859591328346585
-0.2964225995944306,0.49061971366807244
-0.1688508895665177,-1.3903872798119896
-0.03944644239531039,-0.6108602683188694
-1.2503530611256561,1.4674853289193033
-1.2021022757652677,0.18900062809597795
1.2002856923243186,-0.03044562464237142
-1.5468032688242785,0.6706329054144944
-0.32809053639025176,0.7070751813468147
-1.4378010386727749,0.570549547477956
4.373938201819223,-0.2232707368288915
2.422718765809633,-1.8422789774305952
-1.4212564093411812,1.4513406907588966
-1.6045831002824515,-0.4682051438970677
-1.0080854343835672,-0.9713888695176744
-0.13874040136124724,0.12164467137257581
3.526514336135083,0.17571939580670273
0.46552362831187005,0.27673105714477886
-0.5879367242089475,-0.13921075719470838
-0.13937067138669135,-1.5757693208002952
1.6220325299185863,-0.9840855274050798
-0.7794492258598616,-0.3824328957903648
-0.6308268743115979,0.4280360978328871
-1.7123380666995516,-1.0876992766385154
-0.24004100140814497,0.46077108789965526
0.6973096772535813,0.05992315270304234
-1.0515169769332924,0.5575209519189223
-0.05512222142760609,0.4109044307162177
-0.9152761537863571,0.6373476001007863
0.5052780005640088,-0.9762040052180174
-0.5617279549123689,0.00822321166474841
0.2528322460684088,-0.9636878679522431
0.2320194627910281,0.5265188544797025
1.002150914134055,-0.20590197300356344
0.9351465091706037,0.7216419180404382
1.1379032869677372,0.9508636383644615
1.1101985335699405,-0.21912838884066269
0.9313579031758165,-1.079065494542552
1.7553627602725788,0.33532387375958533
1.0359485781723095,-0.028443604682701316
-0.8526446684903258,0.8049211305215982
0.9204170789703896,0.23623955262262578
-0.8449672904416551,0.4692150730655488
0.921514075440056,0.4106531409506068
-0.5683966970827282,-0.5398478338793948
1.5666316618194642,0.9743988044139126
-1.1841439440245514,0.9973463833226747
-0.400839860331027,-0.04146043542565665
8.472753629055628,0.3579809157699465
0.6185546034304372,-1.2133145181659732
-0.3521787926542685,-0.8849135282638004
-0.4439601367928493,-1.0905345059188063
4.46547274996757,0.04537189673275942
-0.43859384458686196,-0.9412265572769907
-0.3480893314301545,0.045577354855698395
-0.1757033611660668,-0.5394006653477934
-0.6274680109080819,-0.41727658459039557
-0.739359458140391,1.4114410482413442
2.1729149070779687,1.2975925801621717
-0.19722390603145548,-0.25310025704255357
-1.248371933833617,-0.22222746018413025
5.953553207631908,-0.014631721929366601
0.29799399493094153,-0.5861697874169786
0.6801866674608875,-0.5065590335269587
5.92412442320062,1.9791390603974277
-0.7134805620613417,2.2700462190937736
-0.6624967662717571,-0.6060198864772449
-1.1376445658935517,-0.3194438874142213
-1.6271482206620873,0.16650374532747914
0.5154588122716879,-0.032515410567843586
0.44692373734459295,1.1295641429946377
-1.7690878678137483,-0.2163325211220451
-1.715297123493466,0.8422164194240539
-0.20064753262548723,-0.5282816818006988
0.3435933782144248,-0.7751325171771959
-1.3719540263783605,-0.02434011434067458
-0.8463321805373544,-0.7763187909506114
-1.027504917678024,0.323974199588968
0.5296014441051611,0.5797625303629862
-0.3649818092136536,0.07763634456321877
1.4414405671051471,2.1719003913217647
-0.8742378609810114,0.06764287703917171
-0.7756969352384894,0.8591793950242085
-0.40123935317241677,-0.5187809510130783
0.42772191795956643,-2.801941969203522
-1.6777223085665813,0.8498248556951373
-1.0833614136631762,-0.5059281880345633
3.3691761725127365,-0.7087185989585245
-0.6151344816593771,0.13392328930383113
-0.5942041784416434,-0.3812646580928868
1.3692783790159815,1.6959200352587955
-0.13990464711042874,-0.9558951570400495
-0.02425149920825727,-0.4855722922231126
1.4477616894390544,0.7478676314511638
-0.18940580729371861,-0.320288923756158
-0.5923366713288605,0.11185977141204614
-1.506771093489095,0.2246483828526723
-0.857359874933007,-1.0579294451530683
0.03681836035937902,-0.09283492162948004
3.9523463165931823,-0.6937948175751688
-1.2468606771934072,-0.5979697366469379
0.4138252558254955,-1.0404445968513216
-1.7038634116185252,0.7666135578240216
-1.3892320439274193,0.6737006633839785
1.4272167725937068,0.6185551075781368
5.177409337569687,3.4586289329119686
-0.22855033936564143,-0.24986924865153307
-1.9027781305040254,-0.26338558876622736
0.8083664453216599,-0.0597471547390204
-1.0969582253666326,1.7008989017411524
-1.1989946559672677,1.7996189603231525
0.027723991544823752,0.947647519900874
0.5662927477045954,0.6681966560846206
0.9939492684612565,3.138405996266659
1.6502608891906396,1.0407081875769282
-0.33518189566082696,0.005052734525837453
2.5011848243476047,-0.026344239727688075
-0.9799409720760908,1.0970052030879542
0.9202725975210214,-0.911769340293445
-1.092519499685385,-0.19810324033544008
5.032813750804116,0.9770897809114151
-1.6192530643698553,2.293690560052488
-0.3868700852650693,0.4356591014537277
-0.02095746948900007,-0.611553604984748
1.0071383755317134,-1.3733423202355801
0.7279422882801831,0.2787910773903535
-1.4282736771961437,1.6912590326378003
0.17368509835911036,-1.1674786010791252
0.8385822726289536,1.6478739102217888
0.21515148112040236,-0.2960463432605294
-0.6024532745262036,-0.09014349222628525
-0.694728848141233,0.2884382900165672
1.4334244234910387,-1.402846422480257
2.9461137593934557,2.8969221061897428
-0.7125692884842788,-0.8548240212530683
-0.7401192798209545,1.9402662171040264
3.487496155145434,0.19113030056196356
0.5916502827314931,0.3807367075658238
5.276351354999889,-1.237577253811613
2.1913214915038015,-0.4382597443588753
0.8056437192605108,-0.32660751010160183
-1.8852275410392103,1.2535650733353398
-0.33234418242209596,-0.7454844951974214
-1.4383515337766286,1.5327024356558234
-1.935981993000794,-0.24829293133308555
-0.1551793856655564,0.7858058265122921
1.288441797781754,1.4057479668895807
1.6767302042661112,-0.4362751878036875
-0.9052228243187438,-0.1750673175328596
3.024339847078711,-0.1964003582832869
4.439202240694005,0.20511553564977408
-1.6174874167529665,-1.099786830941871
0.2832220125386094,-0.7322879244519643
1.9230329823977563,0.2695685525975362
-0.31752757223687633,-0.03960304395823572
-0.42411167110198206,-0.173828531371022
0.4739759258941089,-0.635099243598567
1.0329304096281475,-0.4413340177199718
-0.24809269609423326,0.2129093032816921
0.3697567063670794,-0.24858314569349124
0.3284702088120382,0.5364773685370581
0.44166664929455285,0.7185035261458571
3.450265423532023,3.085656128228206
0.734674229747779,0.5045038230640542
-0.7895056924153485,-0.3127142979660771
-0.4077527937160086,0.6338618885180991
-0.7183596176446301,-1.528041104878378
-0.7677327453285769,-0.6191484511191321
-0.7320902755752823,-0.9175636329179356
0.34259405434764534,0.7419878347059125
0.7982688991828977,0.3626611327963411
-1.130961398535593,0.7331030043768596
-1.3542916362276076,-0.336699774627256
-0.26879803948119374,0.9078598824673557
0.3323196771654364,0.14190179900350433
-0.7451267773683967,-0.782783011596879
1.527157919601347,-0.9517979747853523
-0.3537840205180474,-1.7959904444031032
-0.4867712713678893,-1.3440784376738564
-1.0473898709343767,-0.12513559143078523
-0.06874947604049207,-0.5975783960904083
2.422307111556581,0.8289482466483268
-1.2210714224115042,-0.29118376843060106
-1.5788552749962643,1.5797826751202846
-0.325108219608462,-1.8107230850690526
-0.8653023022661347,-1.5672891935945399
1.0806734814216532,-0.5029632593054568
0.28394038109902164,1.5072082354648646
-0.22056116033686082,0.3793611664537026
0.33579407989598853,-0.006288982749020526
-0.2791511810842459,-1.0693878966697403
-1.510431265450759,-0.8953369244003041
3.3389591920825397,-2.5636263547101166
-0.1803948921947909,0.41634344072235896
0.6963217595977779,-2.5962311177487396
-0.3444698521766023,-0.17197994761614765
9.226470736626707,1.6800193192146038
-0.6793214113303975,-1.0735141242616784
-1.8424664942246725,-0.3562285276603226
-1.652030402678525,1.420340723506092
-0.18188276609529075,-0.46250502775622093
1.8129890437613625,0.8495338030428989
1.3306379809868885,-0.16842862978781573
-0.545574997184855,0.8412572312009075
-0.7061223056449399,-0.9924424184343451
0.5603936234147571,-0.0686978434670812
-0.0020953250908525628,-0.1273996594788714
3.9999793174525426,-0.5374450597420101
-1.411136685223664,-0.8645114796871438
-1.73751357600024,1.492587045976307
2.66779113966787,-0.3682062752588263
0.032215410692716676,0.11914978171971145
-1.0946494502823998,1.2028352242215143
-0.02010852855843822,1.2770190621393689
1.3318266120635571,0.9848690534890904
-0.24781037045990473,0.2668078575296206
-0.627332849487735,-0.5722523792798526
0.07949744578763704,-0.5460699751184063
-1.6588610505978574,-0.5709206779321992
-0.6816119261958881,0.2703963080458126
-0.6857763072489552,-1.002723257805784
-0.3410293272766563,2.432910441309852
4.427596896806877,-0.8959239301794663
0.10448145083668157,3.742990758470068
0.530478082775174,1.1375891322495029
-0.01962531360621158,-0.9266402588070543
-1.0665547663067716,0.3398835915290301
-0.47364280911308154,0.6136012332803059
-0.9954686755663993,-0.8625077271148288
-1.4184317744010482,0.05191563278120964
0.28254922959856565,0.21884816111578875
1.3376636362785383,-0.4724650902095994
-1.0910901255072634,-1.0762616384631754
0.31108377782463226,0.9232807663827765
2.5919457490156153,0.7007295291891746
-1.9374824405323685,0.8683675052480236
-1.1527642926723478,0.17544400290418294
-1.1083504962169053,-1.2952070105831275
-1.579850949633111,1.0422715855354872
0.27738178023355786,-0.1758173388174617
-0.021691476664390516,-0.21583878567413253
1.226067229093146,0.663737332772839
-0.8395083817541318,-0.9861073565735188
1.0883500519655875,0.01707886674670663
-1.6027702291881143,-0.2638810509559997
3.9706679964330296,1.7442298506889968
-0.9136811398366249,-0.8398170762936948
1.2224005788654932,2.688883322575331
-0.6889832100503755,0.8428355209889741
-1.1877577584143484,0.48026664331536945
0.5079678472586899,-1.3894514858565803
-0.26360194227284445,1.2341838470999513
-1.3882285993427674,-0.6156238950627673
-1.9845813903722467,-1.008608445193465
1.4113625560365195,4.129330018562813
1.3657011210195864,0.45858652817824785
-1.1027899969364556,0.7684363853288438
3.0128297909665935,-2.9000727394029933
1.0240299745071992,0.9764542728195721
1.1373452370321286,-1.3655847000068584
1.2795303215536669,-0.5530959127800854
-0.4257238297044158,-0.42632223023959037
0.8225472815136831,-0.6621748212668415
-0.5697950144501867,-0.2792920973982719
0.41142720439282654,0.01447419077155579
0.04692566116711074,0.4348950318295696
4.916116228487204,0.472255163289217
-0.9855169968083677,2.3187372737727423
-0.7862607455852265,0.4398762440259704
2.5089232457923676,1.800883962659519
-1.0874300451109884,-0.6767392875726106
-0.7488326065445827,-1.0373547410594315
-0.769194824073289,0.1793130493582767
2.126368091898285,0.6640631779640261
0.5339268347479958,-1.5635456377638255
-1.9804647937370314,0.6966568549292808
-0.6055501935529782,0.3520978725981963
-1.238283797953728,-0.17330762956957904
-0.717766158720982,-0.8054748265525549
1.93753166626883,-0.6769590086864484
-0.8357666765409292,1.2093547826135946
2.0933727856437727,0.5301634103432026
-2.0763272661326266,-1.0394911137829221
-0.06577566561430527,0.6325153887645819
0.5581711874402316,-0.0718333213805009
0.5587427769337984,-0.33357137284966304
-1.186790919906174,-0.17391833059125178
-2.1052527500354503,-0.5483560884545196
-1.1502145621802315,0.39467952662562006
-1.2854051095504,-0.8312355434799961
-0.7767841401488671,0.8978573029400247
0.3712977305005463,-0.09307469933613527
-0.08116432566558529,-0.3154184920911434
-0.2276115745740037,0.28527937688504107
-0.3410721326581638,-1.274839133418579
-1.300288772756531,0.15422035606735143
0.9506088462325397,-2.547932673517097
0.7768772647674764,-1.3413342662709102
3.763031199236514,0.4505489989980849
-1.7833920491244066,-1.3067928308961831
0.6563792511803912,-0.08235285264442421
-0.7746906071783974,0.002462243727417842
0.5682460612223483,0.80443204222894
-0.05250997079617942,0.10724197564782591
0.05246958991609475,1.5709554449387035
-1.2897648792651566,-0.5655593608481053
-0.6167200846531637,0.9119716877087234
0.6092067436882053,-0.09863590030641353
-0.11562881149346527,-0.18938583582936222
0.7085532775825395,2.1277925522548777
0.5162239086382789,0.9769842146819107
-2.1735970704677214,1.3654585437677413
1.9456474455556352,-0.132130259352305
-0.4562571106004768,0.04687337370945631
0.7508086192215772,-0.7468565400895426
-1.6135296083725978,1.0960480795856655
0.09852254868880879,0.0026808309682687173
2.5325523233283667,-0.5323647482995272
-1.9034020992854883,0.254937808222142
-0.9961593089101682,0.007524550051939221
-1.7803488350898438,-0.2896543856476597
0.317181306269062,0.6454991274206127
0.2137264806704057,-0.0012878773178212034
-1.5661190874139939,-1.6783073978459715
0.27714366784153793,0.08151010577163005
-1.817768178291142,0.793074640955805
-1.2441086930746619,0.06694023761997456
1.5456947050370415,0.6406578299086346
-0.20283336621602485,-2.025757877503056
1.1768489439301293,0.46652894812096696
1.8031296465259286,-0.5565122475013886
3.4155763728384207,-0.03537334654200736
-0.8741700965636413,0.04197006410670709
-1.0739240855621515,-1.2625054180475472
0.839675662313386,1.485847251983277
-1.1824876788779737,-1.6608071681005643
-0.49726807684472446,-1.096412051154428
5.643269846912741,1.3665153777791275
-1.0543703867839558,-0.07636949922519207
0.29991926053295564,0.3927360996140504
-1.1601273141630037,0.08117458166545381
-1.5413960525149388,-0.32332420955713226
-0.7703942215439303,-1.616872052308175
0.3575166876053218,-1.504323463385299
0.7389841209910681,1.4098048383971247
0.4092229629432242,0.5739149932946005
0.32614023277916077,0.6062001140906104
-0.3320939902784983,-1.3574718504070842
-0.8906052077165858,-0.034555084229024674
0.3029953748523159,-0.8192347749469978
-0.5789286441842896,0.2636612168924461
1.8153242456506744,2.4735828851023083
-1.071878416506726,0.9008853104159416
0.8001359722314014,0.5971323872168215
-1.0069798814900117,0.12230065540482916
1.0935928383713158,-2.1421113093371478
3.0040597172533547,-0.07705131166425876
1.5803234960058372,-0.45977012056169575
-0.477698574288076,-0.22531239323264501
0.8573083778351125,-0.9542709993592025
0.36225484790249746,0.49283959539871125
-1.7001636219733718,-0.8740482969863708
-1.9008582883662846,-0.018209824514956945
-1.1020364336691253,0.27205998227891004
2.238351396177329,1.2902437967452347
0.45341508707006384,0.7287786020200391
-0.7266047659799683,-1.2850423302499931
-0.9882438325392359,-0.12471387048037796
-0.22412076337305092,-2.3043066995546133
-0.4254515269593135,-0.9754194467093189
1.7110138813651816,-1.2871887982780696
-1.8148077978270813,-0.46618922765741
-1.9079152055253503,0.5046314242190968
-0.20903271705902832,0.7790623481145199
1.1627213924359752,-1.1092723386364722
0.10510348801651458,-0.8732088839409589
-0.11146197422923147,-1.2248355395041013
-1.1983832666999246,0.3485471628612664
-0.8117562493014233,-0.0405149570642911
1.0213980188288794,2.227565230616722
0.8984237854155576,-0.08399087929004401
-0.4634337431354857,0.3857871477414464
-1.897000453541266,-0.4550678498238588
-0.907603854884429,0.11261880133179455
-0.09917685937054063,-0.0703503722742819
-0.9060173807495902,-1.6171075601309413
-0.4835802688379571,0.1545903048027435
-0.8278404458186222,0.9154904945081126
0.49996591649460986,-0.36300267428599153
1.247870111637152,0.6986455452691107
0.24021343101898723,-1.7372326529915132
-1.602723874449668,-0.22989488063361088
-1.5632365878540753,-1.0443972067080316
-0.03428040239471677,-0.7553465095172618
-1.2005850589415095,-0.4908745734519051
-1.5637896129137832,-0.6661384339918877
0.6834356063741793,0.49206464134646244
-1.1327015633765096,1.7259567918033976
2.549046168593658,-1.7132133454966016
0.06074404333095214,-0.44731822951752187
-1.16189888690969,0.5148169286035572
5.2953317926215115,0.9966567279466645
-0.9292431489156042,0.7666152635740526
1.499457633908129,-0.974885572660012
1.9880434878337307,0.6708367241112522
1.0077654093788102,-0.5576912743778121
5.420344012260975,0.022994975658080886
-0.7208941882792886,-0.6700182209450573
4.047124709804432,1.1670772613781117
1.5510000383857687,-2.333855585681463
2.394592306446469,-0.8943052052595711
-0.49811546202137935,-0.8040263323495197
0.5285152458603805,0.04363926480408792
-1.3225719810553256,-0.36385179065979695
-1.0955416881025317,1.1193988479861046
-1.2485628416822294,2.855428220314471
-0.9154390844420933,0.23521253619907795
-0.7300319834853196,1.631580978521412
-0.9136126035458428,0.5660580914477973
0.15796304894459526,0.27234677298565385
-0.6453555621728024,-0.9654770155549292
-0.7597573790782024,-0.7214231022311858
-1.2455594028070471,1.0471990874720027
1.4620579998944905,-0.08752898310698404
-1.1651027011117647,0.8118434855811698
3.0119216151279598,0.8356699338213623
-1.10433676277466,0.8744685054418029
-0.47107090230011994,0.25874503204063787
0.38796347665084485,-1.2363768427684978
-1.0216375776833544,1.703743193603913
-1.3249840625952969,1.4846337397450198
-0.2779601460535445,-0.4395305040228535
-0.47220421460032497,-0.8450183164768532
0.3993454274713648,-0.33228240629222616
-0.4605371878642542,-1.2606028845202686
-1.1213885054266917,-0.1705399201041945
-0.5007650112062727,0.7929972286661046
-1.548712483456322,-0.8052391480823684
-0.9370699249804793,-0.5118520055249306
-1.3026779227448644,0.3059335083940508
-1.0429937276134003,-0.5306526572356348
2.465110341136845,-1.084112149390772
-1.1110714387156748,0.6260142387464452
1.9573412323858785,0.27940912203784446
4.82745218697226,-1.1566832592113645
-1.3564330581335389,-0.8273457896730828
-0.053587762922721736,1.1139981411190198
-0.7783190161878766,0.3284774205150144
1.2008791776468568,-1.0831625503728588
-0.06652041241546089,-1.2805420756666044
0.6748082453609563,-0.6912156150341208
1.993126695657448,0.2926301126177666
-0.6716572195818584,-0.6390376156991631
-0.10204931504555728,2.130876873285537
-1.234730599499067,0.8165342606438994
-1.2502786493090357,-0.05751143450974671
2.357829137855091,-1.084759381936163
-0.6892643925568817,1.0052672028690013
-0.9365072729329612,-0.7155398660543781
6.176488114290036,0.19500603287017904
0.5981729053313308,1.054418221835197
-0.3050576211499947,0.661008023187461
-1.0505646652257872,0.10188719448290648
-1.2303388856990058,0.08444268039525388
-1.049173617587282,0.9797538068404683
2.7578681263237974,-0.8115189942875548
2.7468713554640853,-1.401329657725444
-0.044514747774922335,-0.09510712585068747
-0.46821834510112204,-0.5821211938963796
0.3128306407457489,0.3335830030253597
0.04921708955471773,-0.2871519780828606
1.4592232755610257,-0.038128567442821754
0.4241210657354838,0.044990529152716265
0.4356797092321399,0.12482878404094899
-1.9132798810076443,1.0409237245200114
0.34511254599691643,2.9553398818422596
-1.5987784929042475,1.3529349747150228
0.9460623079039773,1.0517089565315634
0.4806470821209127,-0.629208201035967
-1.9466349487045016,0.5439225668008725
-0.6773501989574521,-0.5790736712093151
0.5313711045955899,-0.7518027024094626
1.4046245736383483,2.9207501662339097
-0.6130815709400227,1.3916378220466892
0.681268090065663,0.010661469534400817
-0.20576510371288276,0.15900750592192778
-0.09614884581811416,0.5550280999189574
-0.337409469801244,-0.295475440556102
-1.176724137608008,-0.4292123451893413
-0.15191335597176703,0.28484315870891236
-0.08350665263201411,0.2663611327747078
-0.5427829293652798,0.3700111407781763
1.5595863578071611,-0.23814078585023807
-0.4126790516225047,-0.8597872879035965
2.3031361476445347,-0.07257301982685121
-0.39414098990544444,-0.8481741695942131
-0.5134826754609754,0.6520201273382149
-1.6823571584215997,0.45818297895678484
-1.3243179094739175,-1.5638142025285493
0.014416724719882416,-1.7890316168959326
0.36372047798631335,0.1679699079881522
-0.3057974419673494,-0.7313919318273333
-0.40823857467820673,-0.11118915142120647
-0.6682797740238835,0.2181762714060525
1.3862270893960151,0.8961104617719061
1.3683831515179963,1.6331822390309911
0.8336621690767236,-0.2394501361304649
4.436998304879662,0.06495686158363048
0.353155794869081,0.26324374775974235
-0.6496052073955131,0.20816546503145716
-0.22998072972843417,0.8831383803404635
0.8840703600332301,0.2282405915714316
-0.6611952904923636,-0.9186005078534784
-0.6341732046136311,-1.964986424830968
0.33627461135317643,-1.2644668737859985
1.027501360043615,-1.1975086386512042
-0.39718843882097665,0.8582469977396799
-1.1054683477833276,0.32643032331631194
-1.085259966197349,-0.6200514117769934
-0.7394475598345637,-0.7948395669209849
-1.0025378210235831,-0.4863307406226195
-1.248531023129792,-0.18967866544957734
0.4377442843373039,-0.481692572983027
-1.0481090829952577,-0.0694554691806968
-0.3114865379173999,-0.9699302790273427
0.2034541283939836,0.8072352265501395
-0.10920411016320312,-0.8785720811495445
-1.064431488924779,-0.3257180365617773
-0.47314431412933056,-0.20488166642919256
-0.49858777857955766,0.3700947247737173
1.2110695692626539,0.21718627214675276
-1.8151267324318892,-0.9958151026216451
-1.2796254968195226,2.609127544820877
-0.30063342241326396,-0.848714374857933
-1.2463975765486544,0.2767430730739947
-1.5138760956057233,1.5547061230082029
-2.0821635687977635,0.9100593531486268
-0.39417106040059063,-1.2405398467994628
-0.16375075692567106,0.47898133261939274
-0.7898974615649639,0.5138053882350642
-0.5948435426108802,-0.49288737147588385
-0.7748072781363864,-1.0717323217488886
-1.2660257357442157,-1.310835259080422
-0.3860788184981634,1.8263665030398666
-0.8512846667708084,0.1474782298238972
0.517959084922035,-0.2214357714872997
-1.0662789263858967,-0.9675779445095959
0.5941848676235018,0.24384546978097366
-2.165818643215144,-1.6980447876205749
1.0380947075690923,0.09710800188126135
-1.8453427153802782,0.27158906752934925
-1.0797816534607456,1.3467392429645375
-0.3700436280991594,-1.4671045767425381
-0.29554530984725386,-0.8564572947763244
-0.44881877819988386,0.028954660614620646
-0.21715135352305223,-1.9342780589895892
0.43671514118734395,0.5185528625738463
3.39379702476507,1.2473349880829012
-1.0842211496502294,-0.16741363405123758
-0.836943174528526,0.5720279044684415
-1.3819857002836393,-0.0848918492569395
2.8047883477067725,0.063760618717978
-0.4419534382326245,-0.8561442998489427
1.660019391105077,0.21932567612383913
4.510062644355969,0.48352056522887027
1.453558117292728,-0.6098523570094184
-1.5660806698447598,-0.6231486470041998
0.3649265042841169,1.0746779483137041
0.3907980467051442,-1.2166946116458486
-0.3066661232793925,-1.6629069825949239
-1.414090076375508,1.2465945120077002
-1.9281517595519484,0.4058445414752099
-0.9947414845978494,-1.2979680026650202
-0.5807307482117319,0.9812759349140218
1.4689105334303334,-2.0456278336528615
-0.10518565792256972,-0.1953934910126635
0.1859121097591499,2.2924543237622594
-0.5929111620461978,-0.6207518248422542
-0.6894894747980059,-1.8961391667313914
0.5308998045213059,-0.10204178662869236
-0.5467222906316146,-0.5910866756501578
2.2704494829586497,2.31747235982657
-0.6154741795514451,-0.928139280802951
0.9411451382672681,0.14630435628805846
-1.5140976406879827,1.1900405636650488
0.6222442644165526,-1.5727554244839035
0.418219453764261,-0.15249682630467226
-0.6763223867639742,0.5405934653436542
-1.010083081429666,-0.04960042525420226
-1.038509587307825,-0.36029507164934393
2.2165472052000434,1.4005850429594697
0.15486163002506023,-0.9676373979287234
-0.8622096538877313,-1.1156919531584983
1.0691438486976879,-0.5265728645966534
0.45122062709372684,0.47062527082956424
-1.2221900111695696,0.24739840728562387
-2.0297652229455845,-1.2359542304223956
1.4074988127535093,-1.3612868685825052
0.6924972200323102,0.03081573478207849
5.149523442251047,0.582013794669708
0.47350043787757,1.1695081677057206
-1.4503444962635115,-1.4142097070551463
-0.8306769945411212,-0.2568396026089362
0.16319554792275412,0.7594546924106695
-0.6450270735517462,-0.6971736642470782
-0.03581306374889037,-0.027253992532165927
-0.15627285778402025,-0.7175707567731259
-0.1726146466451786,-1.3396949983915556
2.344773527835476,0.6032034353564225
-0.5293427861913262,-0.44781350605404857
-1.2108007821936384,1.0260218923921993
0.2721552375406028,-1.68661881673358
-0.7253280353472705,1.3170060153612462
-0.541910861081809,-1.4277377573444248
-0.8075320827805506,2.7550429175031304
-0.5210690899012563,0.8376124332031564
-1.1913418571152714,1.468519025875181
-0.3900344584539083,0.8694303960047681
0.33116610532833857,-0.6354295869358594
-0.4630594815704553,-0.9728186001135039
-0.5447171405730102,-0.9940934546412293
-1.7395063735088596,-1.755220525692626
4.468545850095264,0.21354711200392343
-1.1192376194224702,-1.4620726889943665
-0.38326599783635773,-0.9521735259654502
-1.83553205425878,-0.48960131219908637
1.3273968655651736,0.9654028719583871
0.12918551059862993,-0.6231598256805677
-0.19173122340731985,0.9599117528791925
-0.38168365083874306,-0.07291769555811957
-0.10866016944337921,-1.7957376570984103
-0.8416126520318138,1.46598548089659
-0.6590743309130713,-0.17314906356571172
-1.2367178131530174,-1.0608979690120268
0.4461767114681704,1.612759795564438
-0.537538886119251,0.1566535737498686
-0.45724373115233624,1.0663812815923028
-0.39272058131440885,0.37263181276620916
-0.6107198941621207,0.8335679441576175
0.8935879830362362,-1.1027003341596469
-0.7942145383426822,-0.15671713728015024
-0.8340436122200142,1.7839983103188313
-1.964090599596845,0.3159452489775813
-0.1255082000980935,-0.10077051814394623
1.0834550050204916,1.1467222984388408
-1.1096022971980157,-0.3126887707140055
-0.5651299829388446,0.634291913231864
-0.6527286174299567,0.49517262849605925
-1.3073903095662567,0.3956985417861999
1.6906797640228501,0.6766031977303237
-0.1942034492028669,-1.8778365440191684
-0.9479693509870563,1.2015288311630927
-0.41830232726375266,0.5419314467992785
2.0332433072784672,-2.2974946987166427
-1.259295515042792,0.6278763057526218
-1.5764969945318252,0.1867078771139206
-0.4679226406014691,-0.9334830258297985
0.46979264320260644,0.5833362976484556
-1.166373569234551,0.20629749018088994
-0.6622348456276625,-1.2317225143581125
-1.8282273931887771,0.4254212266126588
-0.762979785224766,0.8451747042299965
0.1521206671484067,2.5861361172203408
-1.3579269158677247,0.8907554660832275
-0.6570698494768015,0.16393319673246778
-0.10478358504255669,0.4093354233412985
0.6408512970401006,-1.0269471843347595
0.9207305793889548,0.5480587163695149
-0.34983452969233464,-1.6188326504443695
-0.3523225569569806,-0.6508347574050524
-0.37536946496595724,-0.3675340080904729
-1.3813048662364635,-0.6075276267132701
0.1859713676848912,-0.29899584066322926
-1.1859881396263927,0.44091384155526975
-0.8662383731973432,0.29909416257422267
0.4497063558989243,-0.5082903553844201
-1.4314376040714396,-0.21837984455817763
-0.5453692749681989,-0.36430090277119115
-0.4355538407138314,-0.08066912050073793
0.8494157123591907,-1.105436014951447
-0.2844506655984525,-1.179870414370243
2.0616305438907916,-1.3271890000278255
-0.6317412405734492,-0.972669677992241
0.1357788645728274,0.023432302640054584
-0.9040965334662955,0.8279146882815557
-1.2819155517904006,-0.5815670319409354
0.3741709683373131,-1.8953996218795655
-1.595412306398718,0.5330529189375562
-1.0888281573663308,-1.5058230007770264
1.3185085215684973,-0.18523022799536454
0.017827370695230146,0.5648312069533836
0.6899857529554086,-0.3556895836072807
-1.3866432834594085,0.13632864882720327
-1.2696967170232687,-0.9453088226920973
-1.2532810249633777,0.9560451487603218
-1.5518191089249453,-0.72590030485093
-0.6344273345311257,0.351277025790496
1.5468356756487163,0.7143817933436963
0.7827129088560476,-0.6582959221539708
1.6692407023221392,-1.2065013711375947
0.011356259528188514,1.0511726948919624
-0.799580281643008,0.8591095621735333
1.5017713378238269,-0.9496186711258705
-1.056006232857889,0.42217330238364864
-0.8817005282826311,-1.4540177469853364
-0.33143408039229294,0.7795590411246
1.226099263429612,-3.393247322750741
-0.8459142469864199,-0.1586643771072415
-0.3792418659667642,-0.8122732344835855
-1.7062736054630878,-0.8949888207069352
0.4801090026526071,-2.3862910839132727
0.37373255335272504,-0.5227898758004157
-0.8154409887969485,0.2740966260138193
-0.02204759887224637,-0.9428088233500426
0.6745046638217135,0.7215649664804039
1.1199274186326618,-0.009577423970538467
-0.6485412791180079,-1.2036757435887129
0.4114112425982697,0.00015007355894708867
-0.7802726151954096,-0.363286898408927
-0.18150343331346722,0.11247897715512807
-1.5563231423934323,-0.7547636530739076
-0.5876374288016815,-0.1367162856421877
1.7418261090096625,-1.606351816101243
1.2295803910918996,1.9337700539321825
-0.8464881042130076,-0.4657674022839776
-0.6125678436502914,-1.073004012349347
-1.5469555245802604,0.981087094593547
-0.6719019868744724,0.3285749695734302
0.6994204099370951,-2.068054578526528
-1.1849079485568546,-1.1495296007744333
0.7563713880858753,-1.3816364138131807
-0.2525928923424371,0.07791239641424748
-0.0871835128716079,-0.576768732136233
-0.8955405510369702,-1.709907683911091
-1.2644671059680237,-0.16087202392511196
-0.6430488032298971,1.1484920139275583
0.5793428480860984,3.066435341693619
-0.671311408134703,-1.1099971246100364
0.19005280841915737,-0.4450713829383857
-0.8817941670666355,0.4577634164872718
0.20781205103126854,0.3419823975730456
1.072816819576472,0.30392313055379233
0.06307961790165896,-2.210187865573725
-1.5057386193520912,-0.9255969245404732
0.6032684276907496,-0.7383591503245253
-1.1432590818649844,1.2651943445741518
0.8724373294430926,-0.06456580122206863
1.1727302090794154,-0.5510973443279051
-1.3193632128741994,-0.12948689538052927
0.8279508846905264,-1.1436167621713083
-1.0216427513695434,-0.2781312273492634
0.18542747289922434,-0.30793617713705274
-0.8278896397400552,1.0015335122829518
5.058870951723311,0.6278195073714892
-1.042909196873549,0.15245463683235536
2.340946914879297,1.1027471949858352
-1.6328057121724335,0.8554856930716178
-1.235824498872022,0.17376287072181423
-1.2160832647695738,-0.04645091971617099
0.6255569619431431,0.15963522724848997
1.6342843287383406,-0.6791111092810619
-1.4121175203431953,2.530313563463084
-1.5086678308298256,-0.974646097107866
-0.7112841327386332,1.116705143741255
-1.5430391042915814,0.011122584100511718
1.3213466715329951,0.6760814697201478
-1.041267425082156,-0.633031285640079
-0.6304946462019738,0.30816366867773803
-1.334599612571514,-0.8040480562218258
2.7455845602411677,-1.224810128282649
1.4354385521417656,-0.06383407603795353
-1.5239649979700172,-0.7480315679125282
-1.180206520525441,0.41845313085075897
-1.001781184324719,-1.4701318867233824
-0.21949966122265693,0.046823583722928774
0.8538399271602023,0.3010429055260591
2.929259324338657,-0.6945207487798464
0.4820808659378997,-1.0598767044195647
-0.6821906913752347,-1.5951954933500891
0.39603355340195817,-1.562457028891857
5.925835487034142,-1.8839835886003313
-1.0388979232432038,0.9989399106079346
-0.2358657593165211,-0.7111365683135903
-1.3994164035297811,0.18156037891368584
1.8829687498168366,1.4193981990280575
2.3320817180707403,0.0004548865057296357
-0.6730229419819003,-0.32203858801866264
-1.337400996419175,0.16821227297000835
-0.6040798395172519,-1.735480091807946
-0.5523169775165399,-2.0863763306269236
-1.5610499111831153,0.5969260873541176
0.06751108011567601,-0.7680419725423538
-0.5365830990812862,-0.07165731866415537
-1.4271975943773216,0.5500793757434803
0.04291990801728976,-0.9600284155921154
0.5300146710684805,-0.2946412028869585
-1.0759598359460212,-1.0976800098330093
0.2661136336556515,-0.9512050509262743
-0.05638360273490597,-0.006046706750582747
-0.2490684484532839,0.6616834947413562
-1.9612389279386357,0.05704807947140835
-0.5474373765772982,0.21994377423517844
0.38696119913250226,0.5042609088063323
-0.7240836315280368,-0.027055366450461107
3.153130716866111,-1.6139460998671078
-0.09252548951218872,-1.187184207107698
-1.1706939448922173,0.08187421122229487
-0.9998309177128261,-0.026872621052693713
-1.4640083878167263,-1.1591599929747087
-0.5780355597761535,0.07796236407505808
-0.6009973104396058,-0.3882461702877864
-1.7063530631834996,0.12064253894221473
-0.33667835052289874,-0.40477194114360954
0.6124878900699953,-1.3781582677736697
-0.7576195680213879,1.2157875291244056
1.2196510579732573,-0.16183810386719197
-0.16418945755408926,-0.752513442522826
-0.8774651767575173,-0.048103817480812244
0.35226783898395414,-0.9341336286553039
-0.1054713304735685,-0.7549658822351654
-1.1821611260353997,0.583596831818132
-0.3542090204745389,-0.7582379402613887
-0.0024397662320536145,0.28294302492501133
7.046344074786549,0.3198336590039701
-1.2922686825246226,-1.9268080341948455
1.654798765570909,-0.7555014720464182
-0.5959322030097642,-1.2911267306108531
-0.5424246259367328,3.1223169144140996
0.19503053331756662,1.071567188621057
-1.511891915752277,-1.3284679454450143
-0.2840008932173204,0.782933796198824
-1.8407951241696265,0.2974961014501801
2.7207476251367773,0.43033910581304474
-1.4042301115669733,-1.300980760916236
-0.6680983259975751,0.8672652172753154
0.22948563841400788,-0.3020612269710301
-0.9584788920756283,-0.7695702306315609
-0.7513961641558865,0.4802009361901731
-1.3076743881085924,1.1878336660374478
-1.0525530171321162,2.0801625196471636
-1.1121306100008546,-0.15061181251236463
1.0080407358372916,0.3074445992100553
2.7556907233525045,0.2416833991831559
0.27230830583556,0.446388254147295
2.2445017892155765,-0.873191765765386
-2.1024315219278362,-0.09402683498959069
-1.850059169349745,0.6230574096446329
0.12467353871565537,-0.4313894002296472
0.5103406560606754,0.3484600211930842
-0.8132641146224163,-0.49473591543804935
-1.571195532605344,0.5259309891132263
2.639858131498589,0.6303971087204451
-0.8642384120402568,1.6383031985095822
-0.9521187109989886,-0.5819840436172017
1.4828305914061344,-0.4050834842508995
-1.1440818255170377,1.2637226759730975
0.934928856738054,-1.3100778756368332
-1.0525675856106351,-0.49267460123283197
1.6641693478129362,0.9774391600737303
1.1224740555228025,0.6907130361361679
0.4434192861381261,1.1981976127663307
-0.16599270941921593,-2.371269467959362
-1.8728314279805192,-0.011430948224819827
-1.3195144414117577,-1.533483771406479
1.5909616318860744,0.5286944133441095
-0.427531837356562,0.6095251102294396
1.905933641779874,0.23418406584471316
0.056210743786493524,-0.5318700739168579
1.4552220646538105,0.6028159628580114
1.5752472917332023,0.6608418274191333
-0.6744333765864088,-0.4032938722332676
-0.7078470860823162,0.2537362556801235
1.691803391003193,-1.7555760852938354
-0.026509084414920354,0.3128565280728438
1.7735791410319,1.2823895204179454
-1.3811539873799197,-1.6638872593292735
3.036614407611723,-0.977568481807703
-0.425594504336397,-0.49607368738282015
-0.8239844421975505,-0.39591690529105605
-1.579663072058593,0.22527783662018583
-0.9526529523881334,0.09347004989130275
-1.1380763217141479,0.7391143708099973
-1.231659837905694,1.264880442185967
-1.7609734461400517,-0.06973969537724085
-1.9066695141412782,1.6632873080614885
-0.4082534305396158,0.10949835630231457
0.53034636020695,0.9945116866433805
-0.8941154187255956,0.10621115572963602
-1.9725942717082743,-0.48946507038310977
-0.5635057348366611,0.6172220924704126
-0.9423033065854302,-0.4398702089282255
0.6287209593274127,2.0665450317084493
-1.529434502928217,-0.8319721721862944
-1.4250805146204375,0.9917689458290064
2.7440805855046824,0.21774878202522474
-0.3529547577860436,-1.0454055832356386
1.076862623197509,-1.762812292594315
-0.6300368965932505,-0.2039002281000059
-0.1823375931845275,1.0594599166395324
-0.8426345379039243,-0.09139728958024225
-1.0088003184865688,0.8835814804263334
-1.3306402798518102,0.5632789013378637
2.2033484259698697,-0.8458609225479403
0.9292078414749319,0.3930989804722294
0.552613855323869,1.0193028615263637
-0.22833039017190782,-0.9582119402006338
-1.3599505912904204,-0.44560046620348154
0.5211019375616829,1.0450291687158175
1.5674139292829141,-0.8563917065347035
-0.262417128501931,-0.5989191718607666
-0.1818226511551552,-0.23036389600035734
0.32008158551728527,0.04241122269688032
-1.0467293239377693,-1.1247319068889468
3.243220415011646,-0.1509007441575119
-0.3786344741313249,-1.4403630165516823
-0.5118939491730347,0.31763046146470164
1.725768356642429,-1.0797138849254149
-0.2774093990794891,-0.6655537699674505
-1.6056541992353546,0.3413430154251317
2.1446116282176244,0.5719273723338183
1.8192308233109977,1.8067204184986434
-1.7007809052506646,1.058161147614774
-1.270016204141006,-1.6698547418771836
8.934750856843381,-0.2356828488035132
2.3659861336244963,-0.17875123115096958
1.7471872162318838,-2.401818869960479
4.787848275856616,-0.3930348047550686
-0.28732610464735,1.2750248270873445
-0.07394355928500852,0.01141826795375378
-1.5310084326697084,0.3369054982833919
1.035619148118019,1.2270676432266068
-1.538176784583684,-0.26534290365119
-0.1728848866409966,0.26316325601113116
-1.3904280959168758,-1.2618478984798
0.14454781616239093,-0.5395385580712694
-0.34831532605094423,-1.0991037672550619
2.7529802087945874,0.6170816748334834
1.1447910021505092,0.39614581052553943
-0.6407651217472535,0.0025478082081551224
2.2978432843919103,-0.9629220234110204
1.0208892423869167,-1.33260323471922
-0.9542940091845039,1.0658848314997038
1.6540139829430391,0.061148871393339355
-0.22487276678060075,1.9141014974322845
-0.20104364578495196,0.6636391389753096
0.11269091298129551,-2.1773987850195566
-0.5857096464717417,-1.0285753237526463
-0.7434883382797355,0.31631540838065375
0.1276047469112454,-0.06519122836432012
2.3092480907555553,-0.3157316787502622
3.4421742412042606,0.7970435716529465
-1.435920666402381,1.311532328802125
1.9310553861868056,-0.9076760011562853
-0.8308077068453479,-0.7349638080427385
-1.551655685254239,0.26667442574622435
3.1324160424821303,-0.7246850462212577
-1.2719472223758248,-0.6735601203226618
-0.9793880842133172,1.7068790241141807
0.16727644135531475,1.0321084040730466
-1.1526553558937742,0.725993896447514
-0.22386318203299466,-1.0493983050728775
0.8386562210194839,-1.7974676206049003
0.41088800917016155,1.0919695355182835
0.7763876255641886,0.20287566181494496
1.0161638823616963,3.117419495805506
1.392714030768162,-2.2314445230336646
0.04805096465520057,-0.4225961973477679
-1.0517180213811843,-0.26725205213494624
0.557385682740473,-0.009568412283296078
-0.550469567226322,0.2625371662228493
1.3884921140969617,0.5350384982912507
1.9757513222076593,-0.2814449129324546
-1.9693500487912956,-0.764189377180063
0.5105248296151669,-1.7701901924717136
1.2783653407344029,-1.4554743949951532
0.8117066207013538,0.7752037568565555
1.2432357040249786,2.411777159480651
2.317762289698682,0.03914954893192363
-1.1359243922507294,-0.9277363833872851
-0.6437650500050848,-1.3455624918007167
-0.5611658706417593,-0.8150651374424631
-1.3322414656032413,0.1814025555746922
-0.4345797939526551,-0.8632445843153559
1.5674157295259643,1.644443065190482
0.01792254730928018,0.9240513453829935
-1.054086530353427,0.020251085778391888
2.5753406088681126,0.43066455014831434
-0.9099357237013215,0.8190876962972997
-0.6197805434380124,0.5332117681588721
-1.499007833735277,0.6250881048193414
-1.832070442644563,0.8290821509231913
-0.17471280923584606,0.5709776989374911
-0.0014772175758904207,-1.6538803981236265
-0.050510384858931355,1.2801055548653828
-0.28361928497530586,-0.6461384462497339
2.0172064251158273,-1.8068290139405319
-0.5743137320742481,-1.5313732088029006
-0.31819801746137283,0.3985436626389488
0.029460228859002492,1.6022317532008463
2.958789190742535,0.9541437065770026
0.25748150655407526,0.6516609163554727
-1.642144800649678,1.2280832540822575
2.232720118509261,0.16403287478833886
-1.3975340497134863,0.08191251650400055
1.740448220972709,0.05802971684011046
-2.0715926632598776,-0.39057619707601493
0.44118863031690847,0.6029117469640404
0.6752753569401422,-2.5434891919101834
-0.7511039256862203,-0.737846064996479
-0.15180268354728702,-0.21258060089107195
2.9440680222149993,-0.3452155777155337
4.016973481344836,0.8193341186087054
-0.9740969474344506,-0.8113229695747123
0.24514142516216286,0.3912120529526759
-2.040620970281015,0.4425532950403508
-0.8753173406403609,0.6171052463390486
1.9133367591958657,0.3402842114332183
1.3845759095237549,0.5011933682305011
-0.7659277944578287,-1.5425352838255002
0.045870605095722425,1.3279854588692923
0.09003435281225661,1.1328306016254028
0.2324707759233069,-0.7172165429151942
-0.1553003105656565,-1.6490361529329438
-1.1432100575872517,0.9614256676560277
1.928279799292281,0.48775975969240326
0.7683105217064041,-2.678762976212967
-1.886469373940666,0.03938827311139283
-0.980142339840505,1.7048834627315448
-1.2089068380571808,-0.787475476258284
-1.0482391762820353,0.9323566418738252
-0.6955546633606676,-0.264815872898781
-0.4304255003533138,-2.499973633699228
6.071191304568294,-0.9147199497660368
2.195477608158914,-0.041078143487364056
-0.7238274748800032,0.6154172820569053
-0.8104266423710283,1.8102505629444408
-0.5448938487919271,-0.8469775506005591
-0.07774713201794971,-0.17760106518628127
-0.9021856867293337,0.02911198628218378
-0.842761655858883,0.6436049747401397
0.22830490880219967,0.5857295672638818
0.5652942056003244,0.4067060973726994
0.194986726597759,3.2161983932693823
-0.06593657013292514,-1.2880132347243691
-1.145390267765586,0.3488801604972033
-1.841109236139524,0.7220788299363704
1.5457130081995,-0.027333087940497797
-1.9757959863937493,-0.9810993329167162
7.62361161512904,0.0630987195054201
0.577516007394598,-1.3285612612327022
-1.1801487700389521,-0.5098511979642125
7.095883853245619,0.1351150556313091
-0.5216714066209076,0.9610972631143495
0.008985199877000614,-0.5901058353705079
1.2860668940786864,0.17648742636868084
-0.6644481947589115,0.9973290382435862
-1.6037583929402852,0.9435906065025358
0.6826210801565297,0.5766567579988772
-1.5858653604826527,-0.12275140687206738
0.14036850833588466,-0.04502856216846976
0.8756482921410851,-1.618787123853326
-0.621269846291051,-1.2115186824344817
-0.5494659493262818,1.07360839195376
-0.8479220873853229,-0.07585764362897682
-1.8587115147737532,0.14669236946791145
0.751185454788577,0.18322737725410695
2.739580340286286,1.2172950422105409
-1.259888785657793,-1.4248627489280716
2.9083792339852477,-0.016661384598136493
-0.9530496087218302,-0.3013197932605923
0.3549992852564485,0.8757095686391924
-0.7802137729789472,-0.036767856635952244
-0.6839220244896971,-0.689248493563704
0.2545082098700932,-2.7895012678475175
1.6801910977158259,-2.1986341651534986
-1.1582575077986388,-1.4012373237663724
-0.7588699983828203,0.7116490121692499
-0.9938371529079513,0.8997548199175762
-0.637805057241429,0.32572369204681095
-0.37377348106425307,-1.0246162544016482
-1.11428951993427,-0.7735718228122997
-0.02202035416427056,-1.037140423901582
1.2085405162180967,-0.8938608778902062
-1.5255607341927468,0.1311066760625425
-0.867887643573106,-0.8740978867340067
-0.637282946068186,0.03870635115688784
-0.1633246203204177,2.864540925032612
-0.2772464227211224,1.2789956504589501
-0.2962206936292848,-0.21782949403495747
-0.0594872176450506,-2.0230100617911813
-0.6759593263486541,-0.04484266662132763
-0.023461721221130404,-0.0678056930833621
2.012126281498129,-0.12203488083335794
-0.6366977677542,0.17346293298910448
-1.171248596928162,0.5794190756069005
0.1383712349643334,-0.9394257648145614
-1.8562310717486001,-0.2054165633958186
0.6039566748553634,-0.40695112350187235
2.1651773329163535,0.5363824173586369
1.6459246078771756,-1.3031318029647354
1.5933479209942407,-0.9095537617323234
-0.6689163198870859,-0.10701661726468432
0.8321581511626074,-0.9392016303100614
0.49325557546332494,1.929940819841952
0.8420324622680541,-1.33895461873796
-1.229914607851467,0.08990367881847824
-1.4086585570418186,0.44340004632762264
-0.5292704323244438,0.7661067109974924
-2.233073904063001,0.259461372937589
-0.3227528580966354,-0.47888381926669804
0.1829574078036542,1.2614103305881141
-0.5902449168046774,-0.8541944585013822
0.22963997113268075,-0.1643313263314187
-0.6459354502359596,0.6392320999128649
1.0475241384398803,1.102115071269118
-0.9993538762121997,-1.0440160844273894
-0.31934952682905754,0.464563788596019
3.7822922248135646,0.8302750350185755
-0.36014399829474053,-0.19269668779680693
-1.8512304493495482,-1.379616167208741
-2.130023355514617,0.4877819171668938
-2.064872972366418,0.5181624211983047
-0.13750925755686036,-0.3809083267005237
-0.8389720058810184,0.5598192177946725
-0.39492154969768456,-1.4824028558255156
-0.3251148989851703,-0.8221921259766807
-0.9556426153599538,1.3742172186426738
-1.2662504765037461,-0.04309965441060035
-0.5099162096329113,-1.2170696391894924
-1.9965796077870839,0.4139783013893111
1.2982347463066648,-0.5949059706371171
1.7623550720763468,-0.6353167835253202
1.6236086211544043,-0.6381715152213566
-0.34384917516794344,-0.8798911843657726
-0.00897642468042105,-0.0433637593825383
0.8647845293666291,1.4721705588251148
-0.5366542763962144,0.341621428491557
1.2007757864919038,-1.4097445848081094
-0.11924980598137824,-0.9965172052494107
1.7823314543378683,-2.0784437557269406
-0.6712261765692927,-0.8058147874348299
-0.8155641834967917,-0.2227784476422659
-0.07411017033648923,-0.24495736206366464
2.142377944474495,-0.23271132803296868
-0.025075952789518595,-0.384163832902896
-0.4020409351162099,-1.5704244169972108
-1.5826925429971561,-0.06100399896735594
0.10190614615289374,-1.6408352202240843
2.222185451480735,-0.79705097787031
0.34162024442688926,0.6536663389602037
3.026984508974065,-1.085381337599032
-0.044812403274265104,2.8137171064719237
-1.0566822207139113,0.7209196051420872
-0.5582205209164487,-0.03367515181696791
0.38118327336395563,0.06020538303511794
2.890320844865937,2.2388896674269656
0.26441926090566314,1.8939819172564256
-0.7402197921661432,-0.08604276411986989
-0.5789588770823376,-0.7645449084362063
-1.4276260613520133,0.8588230975744873
-1.4874878058950727,0.256364862527956
-0.8978044136029939,-0.8448409520060063
5.233708659596201,-0.9330311050968119
-0.0845697586480729,-0.9472008528984733
-1.391845515540781,-0.5799399899540479
-1.1150915591960793,-0.08542473357584111
1.8601018956633528,-0.4506755293093151
0.5656337856656378,-1.331642039001544
-0.15876369450577105,0.7107497589541555
-0.954788831747617,0.6883143028033415
0.12227593029789302,0.1771934005462237
-1.3500474674168148,-0.3369351887158307
1.4780441982765211,-0.7771418634583677
-0.8354331124328814,0.3182066750665815
0.4144807924925,-0.14491151899989954
-0.38878178194873597,1.450793786733628
1.0625716557583467,0.4502004184653701
-1.013347337007148,-0.8874046509951096
-2.099370329611508,0.8702189187082074
0.14054400061659938,0.3914588290411683
-0.26628948067545416,-0.6019393854173216
-0.3925374470508956,-1.3525834576191242
3.3043242668679462,1.1293750419557615
-0.12241728813975797,-0.6504682724845764
-1.3057439177312709,0.07323472035443206
-1.5430868064768772,1.3108604285884211
-0.36752436880700584,-0.3697004103418115
-1.1766093090824123,0.9646815297203499
2.302874829471657,-0.08720380694363322
-0.25457892379222524,0.35024489722761415
0.3926157184535787,0.1691645281662136
-0.05863596518854141,0.009443332238764299
0.07038446482698515,-0.038787230729855154
-0.41922551168757105,1.7157553162417047
7.957947565166621,-2.063904570036672
-1.0741698714249703,-0.44720203550546683
-0.2957771961829928,0.005046839976702998
-1.2668987695457534,0.058541298108331176
4.408181407963554,-0.8515528519701856
-0.4985781567854137,-0.3431638219273955
0.9425846186559519,-0.660259963162361
-1.4269437166570995,1.9592655840647297
1.7393401568511089,-0.8663786745395535
-0.7454547830722579,0.9741206516415426
7.141926257521526,-0.3590295218638818
-1.47110698247204,1.668477026434014
-0.3229019489816609,-0.13195106092877676
-1.1289092600186765,1.0534578856433017
-1.0603101170962548,-0.7782153771983518
-1.131666580267872,-0.05741718883199182
-0.49378248373613204,-0.3538178841215577
-1.9739443936250296,-1.521093110275896
-0.7865757242870591,1.2844532757695961
1.2901286820243865,-0.5623345896344104
3.784735129226723,-0.8211785272667049
-1.3623646280195454,1.9834801513920053
-0.0812088569548728,-1.8358754127630017
-1.099757309341647,0.016990314205964342
-0.859075705495616,-0.7189051720240172
-0.8809234410035799,-1.1150970294593214
-1.506246281100023,-0.6853880114843625
1.3587982251580655,1.0262414635303392
-0.41883536423933276,-0.3745880888406876
0.2863497061699697,-2.2317584610617502
-1.5795498227282485,-0.404220109079415
-0.6301403272958394,0.4139046371871166
-0.8606205544639702,-0.5998036694021044
4.354157252526742,-0.6733149308177145
-0.15360684045543116,-0.3683816016248797
1.2296588387010745,-0.5732490492596735
0.5973492209468741,0.39868555205473305
0.272109945636317,-0.8599818782857445
0.15218964518293718,0.7782727261685444
-1.4399961474060157,-0.6477231859450295
5.030124435649494,0.6545870863607512
-0.3463426897205317,0.4540964635111956
-0.9843314534326829,-0.25858374878880785
-0.40027774797794974,-1.3825294147932328
-0.4312243927271781,1.4153654196998557
-0.11211861230621943,0.29009574337082056
-0.9554623413322815,1.0183227297287467
1.3651962247127087,-2.203158870728205
0.6071028104273326,-1.10955904578931
-1.7645108017576305,0.34235423203614024
0.37892547947549127,-1.5618479022749534
-1.1330973348081135,1.1394934455971928
-2.1379709841781476,0.6371663993082751
-0.31010752918224954,-0.1898517637614046
-1.4679720882234772,0.6213119243385231
0.7404807330162478,-0.565993514511385
-0.35093111726371845,0.6559311186137607
-1.2823158677328086,1.0642823662840628
-0.6240292556338605,-0.7285506374370299
-1.4002265100928522,1.680072773638236
-1.3471822624701195,0.6134886935332643
-1.102700442913432,0.33628683635857365
-0.14748126471715395,-1.0612802168069542
-1.0815000878068044,-1.096916610789257
-1.4057162986559553,0.9987060050609023
0.25179997173003504,0.5156517073065052
0.23681233780514327,-1.478166215257553
-1.8187271060142258,-0.6198589215088414
-1.4671882378138494,1.4260760772233942
-1.2575312095201228,0.5172446202396429
-0.15654465571079787,0.34239604246751426
-1.8326083857414337,-1.3264485838167788
0.38928904293911326,0.45242880996676565
1.3770898692556375,-0.8808992564454435
-1.5199895933004046,0.4902728997899242
-0.24221461153662976,2.0175514955823237
-1.1424621526345309,0.44692174418039304
-0.9985754676095655,1.5829513370567025
3.159641914156572,1.5320056540427633
0.10336050236343627,-0.5869912253790409
-0.006534655796690743,-0.27267031854865115
-0.3785230745078003,-0.9209128760886552
0.5664379552179504,0.7056951060103792
-0.011217668244626687,-0.539368576927726
2.024532673987916,-0.28558414962790024
1.3955212893122795,-0.3312165902643788
-0.43405753864372454,0.12584335621464066
-0.8484952746688311,0.19493996661469662
-1.0209864278583873,-1.4729886302730186
-0.5856039557340279,0.03599408436738894
-1.0647187537468548,0.16151519675511491
5.160688409193294,-0.6963374486162535
0.16004417609965269,1.3122933434082118
-0.7577463348290264,0.5011103343727886
-0.33175816914496664,0.937059318939226
-1.5601588659973469,1.1003084065127267
-1.272628293840627,0.7743163506265103
-0.405225864993964,-0.1673128592012895
-0.9395371481782344,1.0720870818271784
0.6516398417036495,1.246303330093515
-1.222111945876009,1.7200912943095945
1.6303170878378037,-0.4702067401663481
-1.180540236511909,-0.05087440466242294
0.5176534710812242,-0.38095177541577535
-0.808727309877598,-1.1235952073282982
0.4352123438517689,0.3836999869192189
-0.6657781092325306,-2.102769254503775
-0.8706405488381702,-1.853791834222176
0.7029858978914008,-0.6297910665681149
-0.3956359134624842,-1.5141920770683104
-2.016911560786639,-0.12087960303233053
-0.06977924635004543,0.18864473616861663
1.069276698599454,-0.4406182753445784
-0.5324205552776036,-0.7993874382833125
0.1742172942306085,3.57285138521656
-1.7328767812379233,0.44063234671239476
1.8846198846521367,-0.3303677287911929
0.6021503133065028,0.8998638212438068
-0.25971280758984644,0.6450362336460085
-0.9548617745211854,1.4186969155031122
-0.09104748073804808,0.49261313330043155
-1.070515653273009,-0.4644496838317153
-1.9899840928329564,-0.3701267179535031
3.867814704454064,-0.30939102264872426
-1.1700343391954136,0.619507710293615
5.089551156826557,1.3647137085884444
0.3821031769467246,0.012315898384177256
5.998677009824283,0.8700262691717456
-0.7207761888764208,0.9846721828179847
-1.6585284747557063,0.7280455227390957
-0.0644474174875525,-0.7572265445108508
-1.2143492564993257,0.6251214034110453
3.8350525753786626,-0.562587514994965
-0.5338061751488226,0.9351461116630096
1.1536910106524796,0.9554102091204978
-1.6275884228653485,1.1875641809080564
-0.7135814894313474,-0.3266835821021077
-1.1921157584690436,-0.13153854404987322
-0.8746372472875296,0.2909895392350772
0.5818419944988119,2.1976124412377454
1.4861998251719188,0.09120113567039388
-0.8890023152138988,0.5705604232171408
-0.8680947311698692,-0.7570538025876635
-1.0972185383797326,0.2721211323399602
-0.6244804936415264,-1.3828605334667723
-0.7082818077818182,1.2490203328797527
-0.8563472754816014,-0.18042983348899927
0.36699695924040465,-0.6137531409804746
3.434446742748833,0.7715010535729974
0.8266111242488885,0.05489410297433725
-0.27552272224173446,-1.109481309964328
-1.9971984651370571,0.16055420658511393
-0.4711038995186175,-0.4314005119552614
0.1923937578611022,-0.4439862338930591
-0.8292417523437995,0.6177771623611851
-0.6890817825798429,-0.6202105249292227
-1.545502746276672,1.1157767632909392
-0.7214905411683369,-0.41470623351649266
-0.3659221926671242,-2.531746604806819
2.9517394914046355,-0.20333117906716877
-0.4593173446193199,0.8464456667301244
-2.043291275434076,0.43135940911581355
-0.9826243795663485,0.6120510501421113
-1.5358727510017391,-0.9690089659501181
-1.1220026673224546,-0.4160314182237764
1.2908471808856676,0.1637527720936142
-0.009091125981282715,1.6605434580560305
2.2377947020469833,-0.24940533108786736
0.2929422287710969,0.9044103868471912
7.839196395421946,-0.4301071611475412
2.760516015255648,0.9656665961066233
-1.3358796555055268,0.8145577829149726
-1.096199348427719,0.9864690189670737
0.3922208768477822,-0.7945144911819942
-1.02412794959132,-0.9673513606116882
-0.6626079592445878,-0.6465142130851829
-1.2415469206492045,-0.7897070988288681
-0.6173027737109319,0.21982108528856903
-0.35590881500029703,0.9625279759571498
-0.5480428042311432,-0.7571520433853066
-0.2719148087642307,-0.29142836672145805
0.2391477296967353,-0.5348484444680202
-1.2239166425564367,-0.7390745111286828
-0.6901512117171275,-0.6791454014177097
4.2251909318471785,2.6913735204757
-1.9843183595753462,0.10700660658120975
5.931849880457577,0.723138589824015
0.14870700576687973,0.17463902972252462
-0.4095741671883504,-1.3291313687943114
0.23327601962751235,-0.38277548221993213
0.23651626118806462,1.4579481320234466
-0.20520330928172725,-0.10724560369578379
-0.7941958971735447,-1.0637331734919004
-0.8691238034633103,-0.07494689493585778
-0.9900873738697027,0.843120162164162
1.050192593983475,0.7617486460016839
0.8894224032607433,0.7808607463648468
-0.7257954509496216,-0.5768082621680761
-0.24724399478864154,0.19964449407085047
0.8572954971280751,0.04582022462333954
4.2940120869491745,-0.31139953416670924
0.9740380904637774,-0.8808923931176068
0.09376860962966567,1.4767922524080392
0.17499519703059865,-0.7599394367527403
-1.4283517412149016,1.014107404799194
0.9453898809862016,-1.4787406905395923
-0.998150847424685,-1.7477467623484093
-0.4545973375138968,-0.5330190924932977
-0.9066687381441819,-1.0284269033600226
-1.500270994671907,0.7008025858604122
2.3217673130198717,-1.847588399255833
0.11474543964991164,-1.08901095245624
-2.00480408346663,2.0330926968078695
-0.6732191373264045,1.9456879201373398
-0.16329885712893422,2.35284496407314
1.1120296903513662,-0.4707055357024997
-0.2634268641960004,0.18741692097007182
0.4426793637260263,0.09095248559348663
-0.5499723641534502,1.8050080931255612
0.13110213602186485,0.18432013753846696
0.903834963122729,-0.38030575025258534
4.193454725068096,1.660261366640779
1.4997211499416898,-0.21487611832844455
0.863672380446209,-0.16138822400855182
2.3419619291429536,0.057649824331259175
-0.253315400847938,-0.3927515044999821
0.04496921634890467,0.33490179496097644
0.5084282992097275,-1.0491140188941914
0.4548332206633969,1.1781465086252905
0.0714877765844512,-1.6412546451812635
-1.4420234519322723,0.10022835566041302
0.816008976834966,-1.4961216885777466
-0.24870298763433032,0.038896142443323685
-0.6961768541270906,2.1719339069158385
-1.4364444321410057,0.6057646350008485
0.02296845186560402,0.07578785730070255
0.33352271636392494,0.11415211936935198
0.6561817632714364,1.7600214711369735
